"age","workclass","fnlwgt","education","education_num","marital_status","occupation","relationship","race","sex","capital_gain","capital_loss","hours_per_week","native_country","income"
23,"Private",203139,"Some-college",10,"Never-married","Other-service","Other-relative","White","Female",0,0,40,"United-States","<=50K"
23,"Private",373628,"Bachelors",13,"Never-married","Other-service","Own-child","White","Female",0,0,20,"United-States","<=50K"
29,"Private",242597,"Bachelors",13,"Never-married","Tech-support","Not-in-family","White","Male",0,0,40,"United-States","<=50K"
37,"Private",301070,"HS-grad",9,"Divorced","Farming-fishing","Unmarried","White","Male",0,0,45,"United-States","<=50K"
19,"Private",145844,"Assoc-acdm",12,"Never-married","Exec-managerial","Not-in-family","White","Female",0,0,50,"United-States","<=50K"
48,"Self-emp-not-inc",397466,"Some-college",10,"Married-civ-spouse","Exec-managerial","Husband","White","Male",0,0,60,"United-States","<=50K"
39,"Private",225605,"HS-grad",9,"Married-civ-spouse","Farming-fishing","Husband","White","Male",0,0,24,"United-States","<=50K"
47,"Self-emp-not-inc",172034,"HS-grad",9,"Married-civ-spouse","Sales","Husband","White","Male",0,0,75,"United-States",">50K"
41,"Self-emp-inc",397280,"Bachelors",13,"Married-civ-spouse","Exec-managerial","Husband","White","Male",0,0,72,NA,"<=50K"
38,"Local-gov",223004,"Some-college",10,"Divorced","Protective-serv","Not-in-family","White","Male",0,0,75,"United-States","<=50K"
41,"Private",184378,"HS-grad",9,"Separated","Craft-repair","Not-in-family","White","Male",0,0,40,"United-States","<=50K"
38,"Private",73471,"Some-college",10,"Married-civ-spouse","Sales","Husband","White","Male",0,0,50,"United-States","<=50K"
24,"Private",403671,"HS-grad",9,"Married-civ-spouse","Craft-repair","Husband","White","Male",0,0,60,"United-States","<=50K"
45,"Private",1366120,"Assoc-voc",11,"Divorced","Other-service","Not-in-family","White","Female",0,0,8,"United-States","<=50K"
22,"Private",48988,"Some-college",10,"Never-married","Transport-moving","Not-in-family","White","Male",0,0,40,"United-States","<=50K"
19,"Private",311974,"HS-grad",9,"Never-married","Craft-repair","Other-relative","White","Male",0,0,25,"Mexico","<=50K"
29,"Private",342989,"HS-grad",9,"Never-married","Adm-clerical","Own-child","White","Female",0,0,40,"United-States","<=50K"
29,"Private",134890,"Bachelors",13,"Married-civ-spouse","Tech-support","Husband","White","Male",0,0,40,"United-States",">50K"
31,"Private",69056,"HS-grad",9,"Divorced","Other-service","Own-child","White","Female",0,0,15,"United-States","<=50K"
44,"Private",286750,"Some-college",10,"Married-civ-spouse","Transport-moving","Husband","Black","Male",0,0,40,"United-States","<=50K"
59,"Self-emp-not-inc",75804,"HS-grad",9,"Married-civ-spouse","Farming-fishing","Husband","White","Male",0,0,65,"United-States",">50K"
31,"Private",157078,"10th",6,"Never-married","Adm-clerical","Unmarried","White","Female",0,0,40,"United-States","<=50K"
42,"Self-emp-inc",161532,"Bachelors",13,"Married-civ-spouse","Craft-repair","Husband","Black","Male",0,0,60,"United-States","<=50K"
19,"Private",69151,"9th",5,"Never-married","Handlers-cleaners","Own-child","White","Male",0,0,25,"United-States","<=50K"
26,"Local-gov",197530,"Masters",14,"Married-spouse-absent","Prof-specialty","Not-in-family","White","Female",0,0,40,"United-States","<=50K"
19,NA,52114,"Some-college",10,"Never-married",NA,"Own-child","White","Female",0,0,10,"United-States","<=50K"
31,"State-gov",78291,"Bachelors",13,"Never-married","Prof-specialty","Not-in-family","White","Female",0,0,40,"United-States","<=50K"
17,"Private",52486,"11th",7,"Never-married","Other-service","Own-child","White","Female",0,0,12,"United-States","<=50K"
54,"Private",308087,"Some-college",10,"Married-civ-spouse","Tech-support","Husband","White","Male",0,1977,18,"United-States",">50K"
42,"Local-gov",281315,"Bachelors",13,"Never-married","Prof-specialty","Not-in-family","White","Male",0,0,50,"United-States","<=50K"
50,"Federal-gov",186272,"Some-college",10,"Married-civ-spouse","Exec-managerial","Husband","White","Male",0,0,40,"United-States","<=50K"
29,"Local-gov",419722,"Assoc-acdm",12,"Never-married","Adm-clerical","Not-in-family","White","Male",3674,0,40,"United-States","<=50K"
26,"Private",238367,"HS-grad",9,"Married-civ-spouse","Adm-clerical","Husband","White","Male",0,0,40,"United-States","<=50K"
40,"Private",119493,"Some-college",10,"Never-married","Exec-managerial","Own-child","White","Female",0,0,40,"United-States","<=50K"
45,"Private",187666,"Assoc-voc",11,"Widowed","Exec-managerial","Not-in-family","White","Female",0,0,45,"United-States","<=50K"
34,"Private",110476,"HS-grad",9,"Married-civ-spouse","Adm-clerical","Husband","White","Male",0,0,40,"United-States","<=50K"
33,"Private",111746,"Assoc-acdm",12,"Married-civ-spouse","Craft-repair","Husband","White","Male",0,0,45,"Portugal","<=50K"
54,"Private",175912,"10th",6,"Married-civ-spouse","Transport-moving","Husband","White","Male",0,0,40,"United-States","<=50K"
40,"Local-gov",99679,"Prof-school",15,"Never-married","Exec-managerial","Not-in-family","White","Male",0,0,60,"United-States",">50K"
31,"State-gov",358461,"Some-college",10,"Never-married","Other-service","Not-in-family","Asian-Pac-Islander","Male",0,0,40,"United-States","<=50K"
63,"Self-emp-not-inc",344128,"Bachelors",13,"Married-civ-spouse","Sales","Husband","White","Male",0,0,50,"United-States",">50K"
67,"Private",140849,"HS-grad",9,"Widowed","Other-service","Not-in-family","White","Female",0,0,24,"United-States","<=50K"
24,"Self-emp-not-inc",174391,"HS-grad",9,"Married-civ-spouse","Adm-clerical","Wife","White","Female",0,0,40,"United-States","<=50K"
55,"Private",132887,"HS-grad",9,"Married-civ-spouse","Transport-moving","Husband","Black","Male",3411,0,40,"Jamaica","<=50K"
44,"Private",90688,"HS-grad",9,"Never-married","Machine-op-inspct","Not-in-family","Asian-Pac-Islander","Female",0,0,45,"Laos","<=50K"
49,"Private",163229,"HS-grad",9,"Divorced","Craft-repair","Not-in-family","White","Male",0,0,50,"United-States","<=50K"
47,"Private",175990,"HS-grad",9,"Married-civ-spouse","Other-service","Wife","White","Female",0,0,30,"United-States",">50K"
34,"Private",207668,"Some-college",10,"Married-civ-spouse","Handlers-cleaners","Husband","White","Male",0,1887,40,"United-States",">50K"
30,"Self-emp-not-inc",113838,"Assoc-voc",11,"Married-civ-spouse","Sales","Husband","White","Male",3137,0,60,"Germany","<=50K"
40,"Private",198452,"11th",7,"Married-civ-spouse","Farming-fishing","Husband","White","Male",0,0,40,"United-States","<=50K"
18,NA,261276,"Some-college",10,"Never-married",NA,"Own-child","Black","Female",0,1602,40,"Cambodia","<=50K"
45,"Self-emp-not-inc",107231,"Bachelors",13,"Divorced","Prof-specialty","Not-in-family","White","Male",0,0,45,"France","<=50K"
42,"Local-gov",97277,"Masters",14,"Divorced","Prof-specialty","Unmarried","White","Female",0,0,40,"United-States","<=50K"
45,"Private",81534,"HS-grad",9,"Married-civ-spouse","Other-service","Husband","Asian-Pac-Islander","Male",0,0,84,"Japan",">50K"
41,"Private",306495,"HS-grad",9,"Married-civ-spouse","Farming-fishing","Husband","White","Male",0,0,40,"United-States","<=50K"
33,"Private",119176,"Some-college",10,"Widowed","Adm-clerical","Unmarried","White","Female",0,0,40,"United-States","<=50K"
52,"Private",82285,"Bachelors",13,"Married-spouse-absent","Other-service","Other-relative","Black","Female",0,0,40,"Haiti","<=50K"
50,"Private",118058,"Some-college",10,"Married-civ-spouse","Transport-moving","Husband","White","Male",0,0,40,"United-States","<=50K"
20,"Private",241752,"HS-grad",9,"Married-civ-spouse","Machine-op-inspct","Husband","White","Male",0,0,40,"United-States","<=50K"
39,"Private",108419,"Some-college",10,"Married-civ-spouse","Craft-repair","Husband","White","Male",0,0,40,"United-States","<=50K"
26,"Private",261203,"7th-8th",4,"Never-married","Other-service","Unmarried","Other","Female",0,0,30,NA,"<=50K"
20,"Private",318036,"HS-grad",9,"Never-married","Other-service","Not-in-family","White","Male",0,0,40,"United-States","<=50K"
22,"Private",141698,"HS-grad",9,"Never-married","Craft-repair","Own-child","White","Male",0,0,40,"United-States","<=50K"
21,"Private",185551,"HS-grad",9,"Never-married","Sales","Own-child","White","Female",0,0,36,"United-States","<=50K"
34,"Private",405386,"Some-college",10,"Never-married","Craft-repair","Not-in-family","Black","Male",0,0,28,"United-States","<=50K"
23,"Private",250743,"Some-college",10,"Divorced","Adm-clerical","Not-in-family","Black","Male",0,0,40,"United-States","<=50K"
39,"Private",366757,"HS-grad",9,"Married-civ-spouse","Craft-repair","Husband","White","Male",0,0,35,"United-States","<=50K"
26,"Private",53598,"Some-college",10,"Never-married","Adm-clerical","Not-in-family","White","Female",0,0,40,"United-States","<=50K"
33,"Private",132705,"9th",5,"Separated","Adm-clerical","Not-in-family","White","Male",0,0,48,"United-States","<=50K"
41,"Private",237321,"1st-4th",2,"Married-civ-spouse","Machine-op-inspct","Husband","White","Male",0,0,40,"Mexico",">50K"
58,"Private",473836,"7th-8th",4,"Widowed","Farming-fishing","Other-relative","White","Female",0,0,45,"Guatemala","<=50K"
27,"Private",189462,"Masters",14,"Never-married","Adm-clerical","Not-in-family","White","Female",0,0,46,"United-States","<=50K"
70,"Self-emp-inc",207938,"Bachelors",13,"Married-civ-spouse","Exec-managerial","Husband","White","Male",0,2377,50,"United-States",">50K"
44,"Private",157249,"Bachelors",13,"Married-civ-spouse","Prof-specialty","Husband","Black","Male",0,1977,50,"United-States",">50K"
25,"Federal-gov",366207,"HS-grad",9,"Never-married","Transport-moving","Own-child","White","Male",0,0,40,"United-States","<=50K"
25,"Private",267044,"Some-college",10,"Never-married","Adm-clerical","Not-in-family","Amer-Indian-Eskimo","Female",0,0,20,"United-States","<=50K"
30,"Private",398662,"HS-grad",9,"Never-married","Machine-op-inspct","Own-child","White","Male",0,0,40,"United-States","<=50K"
71,"Private",138145,"9th",5,"Married-civ-spouse","Other-service","Husband","White","Male",0,0,40,"United-States","<=50K"
47,"Self-emp-not-inc",149116,"Masters",14,"Never-married","Prof-specialty","Not-in-family","White","Female",0,0,50,"United-States","<=50K"
35,"Private",90273,"7th-8th",4,"Married-civ-spouse","Machine-op-inspct","Husband","White","Male",0,0,40,NA,">50K"
26,"Private",190330,"Bachelors",13,"Never-married","Other-service","Not-in-family","White","Male",0,0,30,"United-States","<=50K"
41,"Self-emp-inc",117721,"Some-college",10,"Married-civ-spouse","Farming-fishing","Husband","White","Male",0,0,65,"United-States","<=50K"
48,"Private",192779,"Some-college",10,"Divorced","Craft-repair","Not-in-family","White","Male",0,0,40,"United-States","<=50K"
36,"Private",174938,"Bachelors",13,"Married-civ-spouse","Prof-specialty","Husband","White","Male",0,1887,50,"United-States",">50K"
50,"Local-gov",169182,"HS-grad",9,"Divorced","Other-service","Unmarried","White","Female",0,0,49,"Dominican-Republic","<=50K"
60,"State-gov",165827,"Doctorate",16,"Married-civ-spouse","Prof-specialty","Husband","White","Male",7688,0,60,"United-States",">50K"
20,"Private",159297,"Some-college",10,"Never-married","Adm-clerical","Own-child","Asian-Pac-Islander","Female",0,0,15,"United-States","<=50K"
39,"Local-gov",301614,"Assoc-voc",11,"Married-civ-spouse","Protective-serv","Husband","White","Male",0,0,48,"United-States",">50K"
25,"Private",197871,"Bachelors",13,"Never-married","Exec-managerial","Not-in-family","White","Male",0,0,50,"United-States","<=50K"
37,"Private",127961,"HS-grad",9,"Never-married","Machine-op-inspct","Not-in-family","White","Male",0,0,40,"United-States","<=50K"
34,"Private",245487,"7th-8th",4,"Married-civ-spouse","Transport-moving","Husband","Amer-Indian-Eskimo","Male",0,0,45,"Mexico","<=50K"
64,"State-gov",223830,"9th",5,"Never-married","Adm-clerical","Not-in-family","White","Female",0,0,38,"United-States","<=50K"
46,"Private",261059,"Masters",14,"Married-civ-spouse","Prof-specialty","Husband","White","Male",0,1977,50,"United-States",">50K"
21,"Private",209483,"Some-college",10,"Never-married","Sales","Own-child","White","Female",0,0,47,"United-States","<=50K"
31,"Private",156743,"Masters",14,"Married-civ-spouse","Sales","Husband","White","Male",0,0,76,"United-States",">50K"
57,"Self-emp-not-inc",35561,"HS-grad",9,"Married-civ-spouse","Farming-fishing","Husband","White","Male",0,0,60,"United-States",">50K"
47,"Private",335973,"HS-grad",9,"Divorced","Adm-clerical","Unmarried","White","Female",0,0,40,"United-States","<=50K"
24,"Private",109869,"Some-college",10,"Never-married","Other-service","Own-child","White","Male",0,0,40,"United-States","<=50K"
53,"Self-emp-not-inc",192982,"HS-grad",9,"Married-civ-spouse","Farming-fishing","Husband","White","Male",0,0,85,"United-States","<=50K"
48,"Private",273828,"5th-6th",3,"Never-married","Handlers-cleaners","Not-in-family","White","Male",0,0,40,"Mexico","<=50K"
20,"Private",197752,"Some-college",10,"Never-married","Adm-clerical","Own-child","White","Male",0,0,16,"United-States","<=50K"
54,"State-gov",312897,"Doctorate",16,"Married-civ-spouse","Prof-specialty","Husband","White","Male",0,0,46,"England",">50K"
29,"Private",146343,"HS-grad",9,"Never-married","Other-service","Unmarried","Black","Female",0,0,25,"United-States","<=50K"
40,"Federal-gov",178866,"HS-grad",9,"Married-civ-spouse","Adm-clerical","Wife","White","Female",0,0,20,"United-States",">50K"
33,"Private",196898,"Bachelors",13,"Never-married","Prof-specialty","Not-in-family","White","Female",0,0,40,"United-States","<=50K"
55,"Self-emp-not-inc",271795,"HS-grad",9,"Married-civ-spouse","Other-service","Husband","White","Male",0,0,40,"United-States","<=50K"
70,NA,230816,"Assoc-voc",11,"Never-married",NA,"Not-in-family","White","Male",0,0,30,"United-States","<=50K"
21,"Private",191460,"11th",7,"Never-married","Other-service","Unmarried","Black","Female",0,0,40,"United-States","<=50K"
64,"Private",181232,"11th",7,"Married-civ-spouse","Craft-repair","Husband","White","Male",0,2179,40,"United-States","<=50K"
33,"Local-gov",224185,"HS-grad",9,"Married-civ-spouse","Craft-repair","Husband","White","Male",0,0,40,"United-States","<=50K"
36,"Private",166606,"11th",7,"Married-civ-spouse","Craft-repair","Husband","White","Male",0,0,40,"United-States","<=50K"
31,"Private",152156,"HS-grad",9,"Married-civ-spouse","Craft-repair","Husband","White","Male",0,0,45,"United-States","<=50K"
34,"Private",100593,"Some-college",10,"Divorced","Prof-specialty","Unmarried","White","Female",0,0,6,"United-States","<=50K"
29,"Private",214858,"Bachelors",13,"Married-civ-spouse","Sales","Husband","White","Male",0,0,40,"United-States",">50K"
25,"Private",345121,"10th",6,"Separated","Other-service","Own-child","White","Female",0,0,25,"United-States","<=50K"
57,"Private",249977,"Assoc-voc",11,"Married-civ-spouse","Prof-specialty","Husband","White","Male",0,0,40,"United-States","<=50K"
39,"Private",284166,"Bachelors",13,"Married-civ-spouse","Prof-specialty","Husband","White","Male",0,1902,50,"United-States",">50K"
25,"State-gov",194954,"Some-college",10,"Married-civ-spouse","Other-service","Wife","White","Female",0,0,15,"United-States","<=50K"
48,"Private",155659,"Assoc-voc",11,"Married-civ-spouse","Craft-repair","Husband","White","Male",7688,0,40,"United-States",">50K"
53,"Local-gov",204397,"HS-grad",9,"Married-civ-spouse","Exec-managerial","Husband","White","Male",0,0,60,"United-States","<=50K"
25,"Private",213383,"Some-college",10,"Never-married","Tech-support","Own-child","White","Male",0,0,40,"United-States","<=50K"
31,"Local-gov",168906,"Assoc-acdm",12,"Married-civ-spouse","Adm-clerical","Wife","White","Female",0,0,35,"United-States","<=50K"
37,"Private",323155,"1st-4th",2,"Married-civ-spouse","Farming-fishing","Husband","White","Male",0,0,85,"Mexico","<=50K"
42,"Local-gov",201723,"Some-college",10,"Never-married","Craft-repair","Not-in-family","White","Male",0,0,40,"United-States","<=50K"
52,"Federal-gov",192065,"Some-college",10,"Separated","Exec-managerial","Not-in-family","White","Female",0,0,40,"United-States","<=50K"
47,"Self-emp-not-inc",479611,"Bachelors",13,"Divorced","Sales","Not-in-family","White","Male",0,0,50,"United-States","<=50K"
42,"Private",276218,"HS-grad",9,"Married-civ-spouse","Sales","Wife","White","Female",0,0,40,"United-States",">50K"
23,"Private",126346,"9th",5,"Never-married","Other-service","Unmarried","Black","Female",0,0,30,"United-States","<=50K"
46,"Private",194698,"Bachelors",13,"Never-married","Prof-specialty","Own-child","White","Male",0,0,60,"United-States","<=50K"
27,"Private",195678,"Bachelors",13,"Married-civ-spouse","Prof-specialty","Husband","White","Male",0,0,40,"United-States","<=50K"
22,"Local-gov",137510,"HS-grad",9,"Never-married","Farming-fishing","Own-child","White","Male",0,0,40,"United-States","<=50K"
50,"Federal-gov",172046,"Some-college",10,"Married-civ-spouse","Exec-managerial","Husband","White","Male",0,0,40,"United-States",">50K"
24,"Private",234460,"9th",5,"Never-married","Machine-op-inspct","Own-child","Black","Female",0,0,40,"Dominican-Republic","<=50K"
44,"State-gov",141858,"Prof-school",15,"Married-civ-spouse","Prof-specialty","Husband","White","Male",15024,0,75,"United-States",">50K"
52,"Private",202930,"Bachelors",13,"Divorced","Exec-managerial","Not-in-family","White","Male",0,0,40,"United-States",">50K"
64,"State-gov",111795,"Bachelors",13,"Married-civ-spouse","Craft-repair","Husband","White","Male",0,0,45,"United-States",">50K"
53,"Private",238481,"Assoc-voc",11,"Married-civ-spouse","Exec-managerial","Husband","White","Male",0,1485,40,"United-States","<=50K"
37,"Private",239397,"10th",6,"Married-civ-spouse","Machine-op-inspct","Husband","White","Male",0,0,40,"Mexico","<=50K"
34,"Private",248795,"HS-grad",9,"Never-married","Machine-op-inspct","Not-in-family","White","Female",0,0,45,"United-States","<=50K"
46,"Private",205504,"HS-grad",9,"Divorced","Machine-op-inspct","Not-in-family","White","Male",0,0,20,"United-States","<=50K"
21,"Private",349365,"Some-college",10,"Never-married","Adm-clerical","Own-child","White","Female",0,0,15,"United-States","<=50K"
45,"Private",362883,"Some-college",10,"Married-civ-spouse","Transport-moving","Husband","White","Male",0,0,40,"United-States","<=50K"
43,"Private",159549,"HS-grad",9,"Married-civ-spouse","Craft-repair","Husband","White","Male",0,0,40,"United-States","<=50K"
36,"Private",208068,"Preschool",1,"Divorced","Other-service","Not-in-family","Other","Male",0,0,72,"Mexico","<=50K"
24,"State-gov",154432,"Bachelors",13,"Never-married","Machine-op-inspct","Not-in-family","White","Male",0,0,35,"United-States","<=50K"
40,"Private",248094,"HS-grad",9,"Married-civ-spouse","Transport-moving","Husband","White","Male",0,0,40,"United-States","<=50K"
38,"Private",234807,"Bachelors",13,"Married-civ-spouse","Exec-managerial","Wife","White","Female",0,0,50,"United-States",">50K"
56,"Private",134756,"HS-grad",9,"Never-married","Other-service","Not-in-family","Black","Female",0,0,40,"United-States","<=50K"
57,"Private",298507,"Bachelors",13,"Married-civ-spouse","Prof-specialty","Husband","White","Male",3103,0,40,"United-States",">50K"
22,"Private",106700,"Assoc-acdm",12,"Never-married","Adm-clerical","Own-child","White","Female",0,0,27,"United-States","<=50K"
44,"Private",291568,"HS-grad",9,"Married-civ-spouse","Farming-fishing","Husband","Other","Male",0,0,40,"United-States","<=50K"
80,"Private",86111,"Doctorate",16,"Married-civ-spouse","Prof-specialty","Husband","White","Male",0,0,30,"United-States","<=50K"
45,"Local-gov",348172,"Bachelors",13,"Married-civ-spouse","Farming-fishing","Husband","Asian-Pac-Islander","Male",7298,0,40,"United-States",">50K"
25,"Private",171236,"HS-grad",9,"Divorced","Handlers-cleaners","Own-child","White","Female",0,0,40,"United-States","<=50K"
35,"Private",30673,"12th",8,"Married-civ-spouse","Craft-repair","Husband","White","Male",0,0,84,"United-States","<=50K"
52,"Private",145081,"7th-8th",4,"Never-married","Machine-op-inspct","Not-in-family","Black","Female",0,0,40,"United-States","<=50K"
43,"Private",37402,"Masters",14,"Never-married","Exec-managerial","Not-in-family","White","Female",0,0,25,"United-States","<=50K"
40,"Local-gov",42703,"Some-college",10,"Married-civ-spouse","Adm-clerical","Wife","White","Female",0,0,40,"United-States",">50K"
31,"Self-emp-not-inc",265807,"Assoc-voc",11,"Married-civ-spouse","Exec-managerial","Husband","White","Male",3137,0,50,"United-States","<=50K"
39,"Private",352248,"Assoc-acdm",12,"Married-civ-spouse","Adm-clerical","Husband","White","Male",0,0,40,"United-States","<=50K"
31,"Private",37546,"Bachelors",13,"Married-civ-spouse","Exec-managerial","Wife","White","Female",0,1902,35,"United-States",">50K"
57,"Private",139290,"HS-grad",9,"Divorced","Other-service","Not-in-family","White","Male",0,0,38,"United-States","<=50K"
64,"State-gov",201293,"HS-grad",9,"Widowed","Adm-clerical","Not-in-family","White","Female",0,0,38,"United-States","<=50K"
38,"State-gov",346766,"HS-grad",9,"Divorced","Adm-clerical","Unmarried","White","Female",0,0,40,"United-States","<=50K"
25,NA,219897,"Masters",14,"Never-married",NA,"Not-in-family","White","Female",0,0,35,"Canada","<=50K"
31,"Private",113364,"Assoc-acdm",12,"Married-civ-spouse","Machine-op-inspct","Husband","White","Male",0,0,20,"United-States","<=50K"
46,"Local-gov",375675,"12th",8,"Married-civ-spouse","Other-service","Husband","White","Male",0,0,35,"United-States",">50K"
32,"Private",151053,"Some-college",10,"Never-married","Craft-repair","Unmarried","White","Male",0,0,40,"United-States","<=50K"
52,"Private",224198,"HS-grad",9,"Divorced","Sales","Not-in-family","White","Female",0,0,48,"United-States","<=50K"
19,NA,137578,"Some-college",10,"Never-married",NA,"Own-child","White","Male",0,0,16,"United-States","<=50K"
61,"Private",270056,"HS-grad",9,"Divorced","Adm-clerical","Not-in-family","Asian-Pac-Islander","Female",0,0,40,"Japan","<=50K"
47,"Private",217750,"HS-grad",9,"Married-civ-spouse","Other-service","Wife","White","Female",0,0,35,"United-States","<=50K"
19,"Private",196119,"HS-grad",9,"Never-married","Sales","Own-child","White","Female",0,0,35,"United-States","<=50K"
46,"Private",57914,"HS-grad",9,"Married-civ-spouse","Protective-serv","Husband","White","Male",0,0,40,"United-States","<=50K"
19,"Private",194905,"Some-college",10,"Never-married","Other-service","Own-child","White","Female",0,0,12,"United-States","<=50K"
44,"Private",192976,"HS-grad",9,"Married-civ-spouse","Transport-moving","Husband","Amer-Indian-Eskimo","Male",0,0,40,"United-States","<=50K"
51,"Private",280093,"HS-grad",9,"Separated","Adm-clerical","Other-relative","White","Female",0,0,40,"United-States","<=50K"
35,"Private",259846,"HS-grad",9,"Married-civ-spouse","Craft-repair","Husband","White","Male",0,0,55,"United-States","<=50K"
32,"Local-gov",114733,"Bachelors",13,"Divorced","Prof-specialty","Unmarried","White","Female",0,0,35,"United-States","<=50K"
36,"Local-gov",255454,"Bachelors",13,"Never-married","Protective-serv","Not-in-family","Black","Male",0,0,40,"United-States","<=50K"
22,NA,22966,"Some-college",10,"Married-civ-spouse",NA,"Husband","White","Male",0,0,6,"United-States","<=50K"
32,"Private",94041,"Assoc-voc",11,"Never-married","Craft-repair","Not-in-family","White","Male",0,0,44,"Ireland","<=50K"
37,"Private",79586,"Bachelors",13,"Married-civ-spouse","Exec-managerial","Husband","Asian-Pac-Islander","Male",0,0,40,"Iran","<=50K"
23,"Private",309580,"Masters",14,"Never-married","Prof-specialty","Not-in-family","White","Male",0,0,40,"United-States","<=50K"
30,"Private",182714,"Some-college",10,"Never-married","Exec-managerial","Not-in-family","White","Female",0,0,40,"England","<=50K"
41,"Private",120277,"Bachelors",13,"Married-civ-spouse","Prof-specialty","Husband","White","Male",0,0,40,"United-States",">50K"
46,"State-gov",192779,"Assoc-acdm",12,"Divorced","Adm-clerical","Unmarried","White","Male",0,2258,38,"United-States",">50K"
26,"Local-gov",202286,"Bachelors",13,"Never-married","Tech-support","Own-child","White","Male",0,0,40,"United-States","<=50K"
47,"Private",121836,"Masters",14,"Married-civ-spouse","Adm-clerical","Wife","White","Female",7688,0,38,"United-States",">50K"
63,"Self-emp-not-inc",52144,"Some-college",10,"Widowed","Exec-managerial","Not-in-family","White","Male",0,0,35,"United-States","<=50K"
24,"Private",274398,"Some-college",10,"Never-married","Adm-clerical","Own-child","Black","Female",0,0,20,"United-States","<=50K"
40,"Self-emp-not-inc",125206,"Prof-school",15,"Married-civ-spouse","Prof-specialty","Husband","White","Male",0,0,40,"United-States","<=50K"
22,"Private",324637,"Some-college",10,"Never-married","Sales","Not-in-family","White","Male",0,0,42,"United-States","<=50K"
31,"Private",235389,"7th-8th",4,"Never-married","Handlers-cleaners","Not-in-family","White","Female",0,0,30,"Portugal","<=50K"
31,"Federal-gov",207301,"HS-grad",9,"Married-civ-spouse","Adm-clerical","Wife","White","Female",0,0,40,"United-States",">50K"
17,"Private",95909,"11th",7,"Never-married","Handlers-cleaners","Own-child","White","Male",0,0,12,"United-States","<=50K"
34,"State-gov",287908,"HS-grad",9,"Never-married","Other-service","Own-child","Black","Male",0,0,42,"United-States","<=50K"
54,"Private",315804,"HS-grad",9,"Divorced","Craft-repair","Not-in-family","White","Male",0,0,40,"United-States","<=50K"
18,"Self-emp-not-inc",29582,"11th",7,"Never-married","Craft-repair","Own-child","White","Male",0,0,40,"United-States","<=50K"
45,"Federal-gov",170915,"HS-grad",9,"Divorced","Tech-support","Not-in-family","White","Female",4865,0,40,"United-States","<=50K"
26,"Private",371556,"Some-college",10,"Never-married","Adm-clerical","Not-in-family","White","Female",0,0,40,"United-States","<=50K"
26,"Private",189238,"9th",5,"Never-married","Other-service","Own-child","White","Female",0,0,38,"El-Salvador","<=50K"
22,"Private",239612,"HS-grad",9,"Never-married","Adm-clerical","Own-child","White","Male",0,0,20,"United-States","<=50K"
50,"Private",269095,"HS-grad",9,"Divorced","Adm-clerical","Not-in-family","White","Female",0,0,40,"United-States","<=50K"
45,"Private",83064,"Bachelors",13,"Married-civ-spouse","Sales","Husband","White","Male",0,0,50,"United-States","<=50K"
34,"Private",143582,"Some-college",10,"Never-married","Adm-clerical","Not-in-family","Asian-Pac-Islander","Female",0,0,35,"Japan","<=50K"
22,"Private",383603,"Some-college",10,"Never-married","Adm-clerical","Own-child","White","Female",0,0,40,"United-States","<=50K"
24,"Private",187717,"Bachelors",13,"Never-married","Adm-clerical","Own-child","White","Female",0,0,40,"United-States","<=50K"
43,"Private",125461,"Bachelors",13,"Married-civ-spouse","Sales","Husband","White","Male",0,0,65,"United-States",">50K"
25,"Private",57635,"Assoc-voc",11,"Married-civ-spouse","Sales","Wife","White","Female",0,0,42,"United-States",">50K"
35,"Private",30529,"HS-grad",9,"Never-married","Adm-clerical","Not-in-family","White","Male",0,0,40,"United-States","<=50K"
35,"Private",95551,"HS-grad",9,"Separated","Exec-managerial","Not-in-family","White","Female",0,0,36,"United-States","<=50K"
42,"Self-emp-not-inc",221172,"HS-grad",9,"Divorced","Craft-repair","Not-in-family","White","Male",0,0,40,"United-States","<=50K"
56,"Private",155657,"7th-8th",4,"Divorced","Machine-op-inspct","Not-in-family","White","Female",0,0,20,"Yugoslavia","<=50K"
21,"Private",169699,"Some-college",10,"Never-married","Other-service","Not-in-family","White","Female",0,0,35,"United-States","<=50K"
72,"Local-gov",259762,"HS-grad",9,"Married-civ-spouse","Exec-managerial","Husband","White","Male",2290,0,10,"United-States","<=50K"
28,"Private",119545,"Some-college",10,"Married-civ-spouse","Exec-managerial","Own-child","White","Male",7688,0,50,"United-States",">50K"
35,"Self-emp-not-inc",95455,"Bachelors",13,"Divorced","Exec-managerial","Unmarried","White","Female",0,0,55,"United-States","<=50K"
32,"Self-emp-inc",209691,"Bachelors",13,"Married-civ-spouse","Craft-repair","Husband","White","Male",0,0,50,"Canada","<=50K"
29,"Private",149211,"Bachelors",13,"Married-civ-spouse","Tech-support","Husband","White","Male",0,0,40,"United-States","<=50K"
32,"Federal-gov",454508,"Bachelors",13,"Married-civ-spouse","Exec-managerial","Husband","White","Male",0,0,40,"United-States","<=50K"
50,"Self-emp-not-inc",89737,"Some-college",10,"Married-civ-spouse","Craft-repair","Husband","White","Male",0,0,48,"United-States","<=50K"
33,"Private",192002,"Masters",14,"Married-civ-spouse","Exec-managerial","Husband","White","Male",7298,0,60,"Canada",">50K"
51,"Private",279156,"HS-grad",9,"Married-civ-spouse","Exec-managerial","Husband","White","Male",7298,0,40,"United-States",">50K"
22,"Private",184665,"HS-grad",9,"Never-married","Machine-op-inspct","Own-child","White","Female",0,0,40,"United-States","<=50K"
31,NA,505438,"HS-grad",9,"Married-civ-spouse",NA,"Husband","White","Male",0,0,30,"Mexico","<=50K"
31,"Private",111567,"Bachelors",13,"Married-civ-spouse","Exec-managerial","Husband","White","Male",0,0,70,"United-States",">50K"
25,"Federal-gov",50053,"Bachelors",13,"Never-married","Tech-support","Not-in-family","White","Male",0,0,45,"United-States","<=50K"
34,"Private",170769,"HS-grad",9,"Married-civ-spouse","Adm-clerical","Husband","White","Male",0,0,50,"United-States",">50K"
38,"Private",234901,"Some-college",10,"Married-civ-spouse","Prof-specialty","Husband","White","Male",0,0,40,"United-States","<=50K"
23,"Private",99543,"12th",8,"Never-married","Transport-moving","Not-in-family","White","Male",0,0,46,"United-States","<=50K"
25,"Private",241626,"HS-grad",9,"Never-married","Other-service","Own-child","White","Male",0,0,30,"United-States","<=50K"
63,"Private",34098,"10th",6,"Widowed","Farming-fishing","Unmarried","White","Female",0,0,56,"United-States","<=50K"
40,"Private",208277,"Some-college",10,"Divorced","Adm-clerical","Own-child","White","Female",0,0,44,"United-States",">50K"
21,"Private",107452,"HS-grad",9,"Never-married","Craft-repair","Other-relative","White","Male",0,0,40,"United-States","<=50K"
53,"State-gov",50048,"Doctorate",16,"Married-civ-spouse","Prof-specialty","Husband","White","Male",7688,0,50,"United-States",">50K"
47,"Private",187969,"11th",7,"Divorced","Other-service","Not-in-family","White","Female",0,0,38,"United-States","<=50K"
40,"Self-emp-not-inc",230478,"Assoc-acdm",12,"Divorced","Exec-managerial","Not-in-family","White","Male",0,0,30,"United-States","<=50K"
20,"Private",34706,"Some-college",10,"Never-married","Exec-managerial","Not-in-family","Black","Male",0,0,47,"United-States","<=50K"
41,"Private",282948,"Some-college",10,"Married-civ-spouse","Tech-support","Husband","Black","Male",3137,0,40,"United-States","<=50K"
24,"Private",200295,"Some-college",10,"Never-married","Craft-repair","Not-in-family","White","Male",0,0,40,"United-States","<=50K"
23,"Private",145651,"Some-college",10,"Never-married","Sales","Own-child","Black","Female",0,0,20,"United-States","<=50K"
29,"Private",286634,"Bachelors",13,"Married-civ-spouse","Prof-specialty","Wife","White","Female",0,0,50,"United-States",">50K"
18,"Private",312353,"12th",8,"Never-married","Other-service","Own-child","Black","Male",0,0,20,"United-States","<=50K"
40,"Private",145178,"Some-college",10,"Divorced","Craft-repair","Unmarried","Black","Female",0,0,30,"United-States","<=50K"
30,"Private",212064,"Bachelors",13,"Never-married","Prof-specialty","Own-child","White","Female",0,0,40,"United-States","<=50K"
42,"Private",280410,"HS-grad",9,"Married-civ-spouse","Other-service","Husband","Black","Male",0,0,40,"Haiti","<=50K"
34,"Private",176244,"7th-8th",4,"Married-civ-spouse","Other-service","Wife","White","Female",0,0,40,"United-States","<=50K"
63,"Private",169983,"11th",7,"Widowed","Sales","Not-in-family","White","Female",2176,0,30,"United-States","<=50K"
30,"Private",212237,"Bachelors",13,"Married-civ-spouse","Prof-specialty","Husband","White","Male",0,1740,45,"United-States","<=50K"
24,"Private",241523,"HS-grad",9,"Married-civ-spouse","Other-service","Husband","White","Male",0,0,45,"United-States",">50K"
30,"Local-gov",303485,"Some-college",10,"Never-married","Transport-moving","Unmarried","Black","Female",0,0,40,"United-States","<=50K"
27,"Private",135520,"HS-grad",9,"Married-civ-spouse","Machine-op-inspct","Wife","White","Female",0,0,40,"Dominican-Republic","<=50K"
23,"Private",203240,"Some-college",10,"Never-married","Other-service","Not-in-family","White","Female",0,0,40,"United-States","<=50K"
50,"Private",162632,"HS-grad",9,"Married-civ-spouse","Exec-managerial","Husband","White","Male",0,0,45,"United-States","<=50K"
28,"Private",148645,"Assoc-acdm",12,"Divorced","Prof-specialty","Not-in-family","White","Female",0,0,40,"United-States","<=50K"
33,"Private",106938,"HS-grad",9,"Married-civ-spouse","Tech-support","Wife","Black","Female",0,0,38,"United-States","<=50K"
21,"Private",243368,"Preschool",1,"Never-married","Farming-fishing","Not-in-family","White","Male",0,0,50,"Mexico","<=50K"
35,"Private",219902,"Assoc-voc",11,"Never-married","Adm-clerical","Not-in-family","Black","Female",0,0,40,"United-States","<=50K"
53,"Local-gov",164300,"Bachelors",13,"Divorced","Adm-clerical","Unmarried","White","Female",0,0,38,"Dominican-Republic","<=50K"
50,"Self-emp-not-inc",83311,"Bachelors",13,"Married-civ-spouse","Exec-managerial","Husband","White","Male",0,0,13,"United-States","<=50K"
46,"Private",117849,"Masters",14,"Married-civ-spouse","Exec-managerial","Husband","White","Male",0,0,55,"United-States",">50K"
59,"Private",99131,"Masters",14,"Widowed","Exec-managerial","Not-in-family","White","Female",0,0,40,"United-States",">50K"
29,"Private",144592,"Bachelors",13,"Never-married","Sales","Own-child","White","Male",0,0,40,"United-States","<=50K"
46,"Federal-gov",308077,"Prof-school",15,"Separated","Prof-specialty","Unmarried","White","Female",0,0,40,"Germany",">50K"
37,"Private",175720,"10th",6,"Never-married","Handlers-cleaners","Not-in-family","White","Male",0,0,40,"United-States","<=50K"
22,"Private",249727,"Some-college",10,"Never-married","Transport-moving","Own-child","White","Male",0,0,20,"United-States","<=50K"
20,"Private",229414,"HS-grad",9,"Never-married","Machine-op-inspct","Own-child","White","Female",0,0,30,"United-States","<=50K"
38,"Private",22245,"Assoc-voc",11,"Married-civ-spouse","Craft-repair","Husband","White","Male",0,0,40,"United-States","<=50K"
63,"Private",137192,"Bachelors",13,"Married-civ-spouse","Craft-repair","Husband","Asian-Pac-Islander","Male",0,0,40,"South","<=50K"
24,"State-gov",330836,"HS-grad",9,"Married-civ-spouse","Protective-serv","Husband","White","Male",0,0,40,"United-States","<=50K"
25,"Private",28473,"Assoc-voc",11,"Married-civ-spouse","Craft-repair","Husband","White","Male",0,0,40,"United-States","<=50K"
45,"Private",241350,"HS-grad",9,"Married-civ-spouse","Handlers-cleaners","Husband","White","Male",0,0,48,"United-States",">50K"
60,"Private",224644,"10th",6,"Married-civ-spouse","Sales","Husband","White","Male",0,0,40,"United-States","<=50K"
23,"Private",118023,"Some-college",10,"Never-married","Exec-managerial","Not-in-family","White","Male",0,0,45,NA,"<=50K"
19,"Private",87497,"11th",7,"Never-married","Transport-moving","Other-relative","White","Male",0,0,10,"United-States","<=50K"
34,"Local-gov",93886,"Bachelors",13,"Married-civ-spouse","Prof-specialty","Wife","White","Female",0,0,46,"United-States",">50K"
21,NA,224209,"HS-grad",9,"Married-civ-spouse",NA,"Wife","Black","Female",0,0,30,"United-States","<=50K"
34,"Private",300687,"HS-grad",9,"Married-civ-spouse","Craft-repair","Husband","Black","Male",0,0,40,"United-States","<=50K"
45,"Private",331482,"Bachelors",13,"Married-civ-spouse","Prof-specialty","Husband","White","Male",0,0,50,"United-States","<=50K"
34,"Local-gov",175856,"Some-college",10,"Never-married","Craft-repair","Not-in-family","White","Male",0,0,40,"United-States","<=50K"
54,"Federal-gov",439608,"Some-college",10,"Divorced","Adm-clerical","Not-in-family","White","Female",0,0,40,"United-States","<=50K"
52,NA,89951,"12th",8,"Married-civ-spouse",NA,"Wife","Black","Female",0,0,40,"United-States",">50K"
38,"Private",22245,"Masters",14,"Married-civ-spouse","Transport-moving","Husband","White","Male",0,0,72,NA,">50K"
34,"Self-emp-not-inc",527162,"Some-college",10,"Married-civ-spouse","Exec-managerial","Husband","White","Male",0,0,30,"United-States","<=50K"
18,"Local-gov",153405,"11th",7,"Never-married","Adm-clerical","Other-relative","White","Female",0,0,25,"United-States","<=50K"
21,"Private",113163,"Some-college",10,"Never-married","Adm-clerical","Own-child","White","Male",0,0,50,"United-States","<=50K"
31,"Private",113667,"HS-grad",9,"Never-married","Sales","Unmarried","Black","Female",0,0,25,"United-States","<=50K"
26,"Private",206199,"HS-grad",9,"Never-married","Adm-clerical","Own-child","Black","Male",0,0,40,"United-States","<=50K"
43,"Private",200734,"HS-grad",9,"Separated","Other-service","Not-in-family","Black","Female",0,0,40,"United-States","<=50K"
20,"Private",219262,"11th",7,"Never-married","Craft-repair","Not-in-family","White","Male",0,0,60,"United-States","<=50K"
37,"Self-emp-not-inc",231818,"10th",6,"Never-married","Craft-repair","Not-in-family","White","Male",0,0,40,"Greece","<=50K"
35,"Private",379959,"HS-grad",9,"Divorced","Other-service","Not-in-family","White","Female",0,0,40,"United-States","<=50K"
81,"Private",122651,"Some-college",10,"Married-civ-spouse","Sales","Husband","White","Male",0,0,15,"United-States","<=50K"
46,"Private",130364,"HS-grad",9,"Never-married","Craft-repair","Unmarried","White","Male",0,0,40,"United-States","<=50K"
41,"Local-gov",22155,"Masters",14,"Divorced","Prof-specialty","Unmarried","White","Female",0,0,60,"United-States","<=50K"
45,"Private",330087,"HS-grad",9,"Married-civ-spouse","Craft-repair","Husband","White","Male",0,0,40,"United-States","<=50K"
24,"Private",142528,"Some-college",10,"Never-married","Sales","Own-child","White","Male",0,0,20,"United-States","<=50K"
52,"Self-emp-not-inc",103794,"Assoc-voc",11,"Divorced","Prof-specialty","Not-in-family","White","Female",0,0,35,"United-States","<=50K"
47,"Private",238185,"Bachelors",13,"Divorced","Adm-clerical","Not-in-family","White","Female",0,0,40,"United-States","<=50K"
37,"Self-emp-not-inc",188563,"Some-college",10,"Married-civ-spouse","Exec-managerial","Husband","White","Male",4386,0,50,"United-States",">50K"
70,"Private",237065,"5th-6th",3,"Widowed","Other-service","Other-relative","White","Female",2346,0,40,NA,"<=50K"
31,"Private",106347,"Some-college",10,"Married-civ-spouse","Adm-clerical","Wife","Black","Female",0,0,40,"United-States","<=50K"
28,"Self-emp-not-inc",211032,"11th",7,"Never-married","Craft-repair","Not-in-family","White","Male",0,0,40,"Mexico","<=50K"
19,"Private",405526,"HS-grad",9,"Never-married","Handlers-cleaners","Own-child","White","Male",0,0,40,"United-States","<=50K"
62,"Self-emp-not-inc",158712,"HS-grad",9,"Never-married","Other-service","Unmarried","White","Female",0,0,6,"United-States","<=50K"
24,"Private",161092,"Bachelors",13,"Never-married","Exec-managerial","Own-child","White","Male",0,0,40,"United-States","<=50K"
30,"Private",143766,"HS-grad",9,"Never-married","Other-service","Not-in-family","White","Male",0,0,30,"United-States","<=50K"
40,"Private",194360,"9th",5,"Married-civ-spouse","Handlers-cleaners","Husband","White","Male",0,0,40,"United-States","<=50K"
18,"Private",172076,"Some-college",10,"Never-married","Other-service","Own-child","White","Female",0,0,25,"United-States","<=50K"
27,"Local-gov",116662,"HS-grad",9,"Married-civ-spouse","Machine-op-inspct","Husband","White","Male",0,0,40,"United-States","<=50K"
31,"Self-emp-inc",467108,"Bachelors",13,"Never-married","Prof-specialty","Not-in-family","White","Male",0,0,45,"United-States",">50K"
49,"Local-gov",102359,"9th",5,"Widowed","Handlers-cleaners","Unmarried","White","Male",0,2231,40,"United-States",">50K"
37,"Private",329026,"HS-grad",9,"Married-civ-spouse","Adm-clerical","Wife","White","Female",0,0,40,"United-States",">50K"
35,"Private",207066,"Bachelors",13,"Never-married","Sales","Not-in-family","White","Male",10520,0,45,"United-States",">50K"
31,"Private",110643,"Bachelors",13,"Married-civ-spouse","Exec-managerial","Husband","White","Male",0,1977,55,"United-States",">50K"
49,NA,31478,"7th-8th",4,"Married-civ-spouse",NA,"Husband","White","Male",0,0,99,"United-States","<=50K"
42,"Private",126098,"HS-grad",9,"Separated","Craft-repair","Unmarried","Black","Female",0,0,40,"United-States","<=50K"
30,NA,159589,"Masters",14,"Married-civ-spouse",NA,"Husband","White","Male",0,0,46,"United-States",">50K"
51,"Private",302146,"11th",7,"Never-married","Other-service","Not-in-family","Black","Female",0,0,40,"United-States","<=50K"
17,"Private",275051,"11th",7,"Never-married","Adm-clerical","Own-child","White","Female",0,0,8,"United-States","<=50K"
40,"Private",283174,"Assoc-voc",11,"Married-civ-spouse","Farming-fishing","Husband","White","Male",0,0,60,"United-States","<=50K"
55,"Private",86505,"HS-grad",9,"Married-civ-spouse","Tech-support","Husband","White","Male",0,0,20,"United-States","<=50K"
32,"Private",176185,"Some-college",10,"Divorced","Exec-managerial","Other-relative","White","Male",0,0,60,"United-States","<=50K"
18,"Private",267965,"11th",7,"Never-married","Sales","Not-in-family","White","Female",0,0,15,"United-States","<=50K"
41,"Private",407425,"12th",8,"Divorced","Machine-op-inspct","Not-in-family","Black","Female",0,0,40,"United-States","<=50K"
48,"Private",187715,"HS-grad",9,"Married-civ-spouse","Craft-repair","Husband","White","Male",0,0,46,"United-States","<=50K"
21,"Private",148294,"HS-grad",9,"Never-married","Farming-fishing","Own-child","White","Male",0,0,20,"United-States","<=50K"
57,"Federal-gov",313929,"Some-college",10,"Married-civ-spouse","Prof-specialty","Husband","Amer-Indian-Eskimo","Male",0,0,40,"United-States","<=50K"
39,"Private",190719,"Some-college",10,"Divorced","Sales","Not-in-family","White","Male",0,0,45,"United-States","<=50K"
40,"Self-emp-not-inc",57233,"Assoc-voc",11,"Married-civ-spouse","Exec-managerial","Husband","White","Male",0,0,40,"United-States",">50K"
45,"Private",142287,"Masters",14,"Married-civ-spouse","Exec-managerial","Husband","White","Male",0,0,50,"United-States",">50K"
23,"Private",210526,"HS-grad",9,"Never-married","Adm-clerical","Own-child","White","Male",0,0,40,"United-States","<=50K"
34,"Private",125279,"HS-grad",9,"Married-civ-spouse","Transport-moving","Husband","White","Male",0,0,40,"United-States","<=50K"
41,"Private",121055,"HS-grad",9,"Divorced","Transport-moving","Not-in-family","White","Male",0,0,40,"United-States","<=50K"
26,"Private",120238,"Bachelors",13,"Never-married","Sales","Other-relative","White","Male",0,0,40,"United-States","<=50K"
59,"Private",359292,"1st-4th",2,"Married-civ-spouse","Machine-op-inspct","Husband","White","Male",0,0,40,"Mexico","<=50K"
47,"Private",160440,"Bachelors",13,"Married-civ-spouse","Sales","Husband","White","Male",0,0,55,"United-States",">50K"
56,"Private",181220,"Bachelors",13,"Married-civ-spouse","Sales","Husband","White","Male",0,0,40,"United-States",">50K"
19,"Private",115248,"Some-college",10,"Never-married","Adm-clerical","Not-in-family","Asian-Pac-Islander","Male",0,0,40,"Vietnam","<=50K"
46,"Local-gov",377622,"HS-grad",9,"Married-civ-spouse","Other-service","Husband","White","Male",0,0,40,"United-States","<=50K"
31,"Private",221167,"Bachelors",13,"Widowed","Other-service","Not-in-family","White","Female",0,0,30,"United-States","<=50K"
27,"Private",185127,"Assoc-voc",11,"Never-married","Exec-managerial","Own-child","White","Male",0,0,40,"United-States","<=50K"
56,"Private",105363,"Bachelors",13,"Married-civ-spouse","Exec-managerial","Husband","White","Male",4508,0,40,"United-States","<=50K"
42,"Private",227065,"Some-college",10,"Married-civ-spouse","Prof-specialty","Husband","White","Male",15024,0,32,"United-States",">50K"
21,"Private",27049,"HS-grad",9,"Never-married","Priv-house-serv","Not-in-family","White","Female",0,0,25,"United-States","<=50K"
26,"Private",132661,"HS-grad",9,"Married-civ-spouse","Exec-managerial","Wife","White","Female",5013,0,40,"United-States","<=50K"
34,"Self-emp-inc",207668,"HS-grad",9,"Married-civ-spouse","Craft-repair","Husband","White","Male",0,0,54,NA,">50K"
34,"Private",133503,"Some-college",10,"Divorced","Transport-moving","Not-in-family","White","Male",2174,0,40,"United-States","<=50K"
45,"Private",87583,"HS-grad",9,"Married-civ-spouse","Prof-specialty","Wife","White","Female",0,0,14,"United-States","<=50K"
22,"Private",79980,"Some-college",10,"Never-married","Sales","Own-child","White","Male",0,0,25,"United-States","<=50K"
41,"Private",123403,"HS-grad",9,"Married-civ-spouse","Adm-clerical","Husband","White","Male",0,0,40,"United-States","<=50K"
36,"Private",365739,"HS-grad",9,"Never-married","Machine-op-inspct","Not-in-family","White","Male",0,0,40,"United-States","<=50K"
17,"Private",79682,"10th",6,"Never-married","Priv-house-serv","Other-relative","White","Male",0,0,30,"United-States","<=50K"
43,"Private",421837,"Some-college",10,"Married-civ-spouse","Machine-op-inspct","Husband","White","Male",0,0,40,"Mexico","<=50K"
34,"Self-emp-not-inc",175697,"Assoc-voc",11,"Married-civ-spouse","Craft-repair","Husband","White","Male",0,0,75,"United-States","<=50K"
31,NA,233371,"HS-grad",9,"Married-civ-spouse",NA,"Wife","Black","Female",0,0,45,"United-States","<=50K"
36,"Private",199346,"Masters",14,"Married-civ-spouse","Prof-specialty","Wife","White","Female",0,0,50,"United-States",">50K"
32,"Private",42485,"HS-grad",9,"Divorced","Craft-repair","Unmarried","White","Male",0,0,40,"United-States","<=50K"
71,"Local-gov",337064,"Masters",14,"Widowed","Prof-specialty","Not-in-family","White","Female",0,0,40,"United-States","<=50K"
60,"State-gov",358893,"Bachelors",13,"Divorced","Prof-specialty","Not-in-family","White","Female",0,2339,40,"United-States","<=50K"
55,"Private",125000,"Prof-school",15,"Married-civ-spouse","Exec-managerial","Husband","White","Male",0,0,60,"United-States",">50K"
60,"Local-gov",202473,"Assoc-voc",11,"Married-civ-spouse","Other-service","Husband","White","Male",0,0,40,"United-States","<=50K"
33,"Private",408813,"Bachelors",13,"Never-married","Adm-clerical","Not-in-family","White","Female",0,0,50,"United-States","<=50K"
34,"Local-gov",210164,"Some-college",10,"Married-civ-spouse","Craft-repair","Husband","White","Male",0,1740,40,"United-States","<=50K"
54,"State-gov",103179,"Doctorate",16,"Married-civ-spouse","Exec-managerial","Husband","White","Male",0,1902,50,"United-States",">50K"
41,"Private",244945,"Some-college",10,"Married-civ-spouse","Exec-managerial","Husband","White","Male",0,0,40,"United-States","<=50K"
41,"Private",51506,"HS-grad",9,"Married-civ-spouse","Exec-managerial","Husband","White","Male",0,0,40,"United-States","<=50K"
24,"Unknown",197757,"Bachelors",13,"Never-married","Prof-specialty","Own-child","Asian-Pac-Islander","Female",0,0,40,"Philippines","<=50K"
47,"Private",104521,"Assoc-voc",11,"Married-civ-spouse","Prof-specialty","Husband","White","Male",0,0,40,"United-States",">50K"
43,"Private",115562,"Bachelors",13,"Married-civ-spouse","Prof-specialty","Husband","White","Male",0,0,42,"United-States",">50K"
34,"Private",175878,"HS-grad",9,"Married-civ-spouse","Sales","Husband","White","Female",0,0,40,"United-States","<=50K"
30,"Local-gov",352542,"Bachelors",13,"Divorced","Prof-specialty","Unmarried","White","Female",0,0,40,"United-States","<=50K"
29,"Private",178778,"Some-college",10,"Never-married","Other-service","Not-in-family","White","Male",0,0,40,"United-States","<=50K"
24,NA,267955,"9th",5,"Never-married",NA,"Own-child","White","Female",0,0,20,"United-States","<=50K"
62,"Self-emp-not-inc",224520,"HS-grad",9,"Married-civ-spouse","Sales","Husband","White","Male",0,0,90,"United-States",">50K"
29,"Private",423024,"5th-6th",3,"Married-civ-spouse","Farming-fishing","Husband","White","Male",0,0,40,"Mexico","<=50K"
72,NA,194548,"Some-college",10,"Married-spouse-absent",NA,"Not-in-family","White","Male",0,0,3,"United-States","<=50K"
23,"State-gov",156423,"Bachelors",13,"Never-married","Prof-specialty","Own-child","White","Female",0,0,20,"United-States","<=50K"
48,NA,112860,"10th",6,"Married-civ-spouse",NA,"Wife","Black","Female",0,0,35,"United-States","<=50K"
49,"Self-emp-not-inc",233059,"HS-grad",9,"Married-civ-spouse","Craft-repair","Husband","White","Male",0,0,60,"United-States","<=50K"
31,"Local-gov",48520,"Assoc-acdm",12,"Never-married","Protective-serv","Unmarried","White","Male",0,0,40,"United-States","<=50K"
21,"Private",306114,"HS-grad",9,"Never-married","Other-service","Not-in-family","White","Male",0,0,35,"United-States","<=50K"
40,"Private",115161,"HS-grad",9,"Married-civ-spouse","Transport-moving","Husband","White","Male",0,0,30,"United-States","<=50K"
41,"Private",214242,"Bachelors",13,"Married-civ-spouse","Prof-specialty","Husband","White","Male",0,1887,40,"United-States",">50K"
31,"Private",175548,"HS-grad",9,"Never-married","Other-service","Not-in-family","Other","Female",0,0,35,"United-States","<=50K"
55,"Private",202559,"Bachelors",13,"Married-civ-spouse","Other-service","Other-relative","Asian-Pac-Islander","Male",0,0,35,"Philippines","<=50K"
37,"Private",162494,"Bachelors",13,"Never-married","Adm-clerical","Not-in-family","White","Female",0,0,40,"United-States","<=50K"
60,"Private",117509,"9th",5,"Married-civ-spouse","Craft-repair","Husband","White","Male",0,0,40,"United-States","<=50K"
37,"Private",143771,"HS-grad",9,"Married-civ-spouse","Exec-managerial","Husband","White","Male",0,0,60,"United-States",">50K"
28,"Private",167336,"Some-college",10,"Never-married","Exec-managerial","Not-in-family","White","Female",10520,0,40,"United-States",">50K"
28,"Private",419146,"7th-8th",4,"Separated","Handlers-cleaners","Not-in-family","White","Male",0,0,40,"Mexico","<=50K"
41,"Private",314322,"HS-grad",9,"Married-civ-spouse","Adm-clerical","Husband","White","Male",0,0,40,"United-States",">50K"
36,"Private",169926,"HS-grad",9,"Divorced","Sales","Not-in-family","White","Female",0,0,40,"United-States","<=50K"
25,"Private",174592,"HS-grad",9,"Never-married","Other-service","Own-child","White","Female",0,0,25,"United-States","<=50K"
17,"Private",368700,"11th",7,"Never-married","Sales","Own-child","White","Male",0,0,28,"United-States","<=50K"
57,"Private",46699,"HS-grad",9,"Married-civ-spouse","Adm-clerical","Wife","White","Female",0,0,40,"United-States","<=50K"
28,"Private",461929,"7th-8th",4,"Married-civ-spouse","Farming-fishing","Husband","White","Male",0,0,40,"Mexico","<=50K"
25,"Private",44363,"HS-grad",9,"Never-married","Handlers-cleaners","Not-in-family","White","Male",0,0,35,"United-States","<=50K"
24,"Private",222993,"HS-grad",9,"Never-married","Machine-op-inspct","Own-child","White","Male",0,0,40,"United-States","<=50K"
64,"Self-emp-inc",272531,"HS-grad",9,"Married-civ-spouse","Craft-repair","Husband","White","Male",0,0,40,"United-States",">50K"
43,"Private",274731,"Bachelors",13,"Married-civ-spouse","Prof-specialty","Husband","White","Male",0,0,40,"United-States",">50K"
39,"Private",174368,"HS-grad",9,"Married-civ-spouse","Adm-clerical","Wife","White","Female",0,0,40,"United-States",">50K"
51,"Self-emp-not-inc",124963,"Prof-school",15,"Divorced","Prof-specialty","Not-in-family","White","Male",0,0,80,"United-States",">50K"
37,"Private",312271,"Masters",14,"Divorced","Exec-managerial","Not-in-family","White","Male",0,0,65,"United-States","<=50K"
61,NA,226989,"Some-college",10,"Married-spouse-absent",NA,"Not-in-family","White","Male",0,0,40,"United-States","<=50K"
32,"Private",37210,"Bachelors",13,"Married-civ-spouse","Exec-managerial","Husband","White","Male",0,0,45,"United-States",">50K"
20,NA,43587,"HS-grad",9,"Married-spouse-absent",NA,"Not-in-family","White","Female",0,0,35,"United-States","<=50K"
24,"Private",126568,"Bachelors",13,"Married-civ-spouse","Other-service","Husband","White","Male",0,0,33,"United-States","<=50K"
23,NA,194031,"Some-college",10,"Never-married",NA,"Not-in-family","White","Female",0,0,25,"United-States","<=50K"
21,"Private",277530,"HS-grad",9,"Never-married","Exec-managerial","Own-child","White","Female",0,0,40,"United-States","<=50K"
30,"Private",234919,"Some-college",10,"Never-married","Sales","Own-child","White","Female",0,0,40,"El-Salvador","<=50K"
42,"Private",383493,"Some-college",10,"Married-civ-spouse","Exec-managerial","Husband","White","Male",15024,0,50,"United-States",">50K"
17,"Private",200199,"11th",7,"Never-married","Sales","Own-child","White","Female",0,0,35,"United-States","<=50K"
46,"Private",172695,"11th",7,"Widowed","Other-service","Not-in-family","White","Female",0,0,27,"El-Salvador","<=50K"
31,"Local-gov",156464,"Bachelors",13,"Never-married","Prof-specialty","Other-relative","White","Male",0,0,40,NA,"<=50K"
51,"Private",210736,"HS-grad",9,"Married-spouse-absent","Craft-repair","Not-in-family","White","Male",0,0,40,"United-States","<=50K"
41,"Private",190591,"Assoc-acdm",12,"Divorced","Exec-managerial","Not-in-family","Black","Female",0,0,40,"Jamaica","<=50K"
40,"Private",105936,"HS-grad",9,"Married-civ-spouse","Sales","Wife","White","Female",5013,0,20,"United-States","<=50K"
30,"Local-gov",226443,"Masters",14,"Married-civ-spouse","Prof-specialty","Husband","White","Male",0,1887,45,"United-States",">50K"
19,NA,204868,"HS-grad",9,"Married-civ-spouse",NA,"Wife","White","Female",0,0,36,"United-States","<=50K"
39,"Private",98776,"Some-college",10,"Divorced","Exec-managerial","Not-in-family","White","Male",0,0,50,"United-States",">50K"
28,"Self-emp-inc",113870,"Bachelors",13,"Married-civ-spouse","Exec-managerial","Husband","White","Male",0,0,60,"United-States",">50K"
51,"Private",138022,"Masters",14,"Married-civ-spouse","Exec-managerial","Husband","White","Male",0,0,60,"United-States",">50K"
40,"State-gov",188693,"Masters",14,"Married-civ-spouse","Prof-specialty","Husband","White","Male",0,0,35,"United-States",">50K"
43,"Self-emp-inc",175485,"Some-college",10,"Married-civ-spouse","Exec-managerial","Husband","White","Male",0,0,40,"United-States","<=50K"
67,NA,98882,"Masters",14,"Widowed",NA,"Not-in-family","White","Female",0,0,40,"United-States","<=50K"
53,"Federal-gov",276868,"Masters",14,"Married-civ-spouse","Adm-clerical","Husband","White","Male",0,0,40,"United-States",">50K"
38,"Private",114059,"Some-college",10,"Married-civ-spouse","Sales","Husband","White","Male",0,0,60,"United-States","<=50K"
22,"Private",191342,"Bachelors",13,"Never-married","Sales","Own-child","Asian-Pac-Islander","Male",0,0,50,"Taiwan","<=50K"
39,"State-gov",126336,"HS-grad",9,"Divorced","Prof-specialty","Not-in-family","White","Male",0,0,40,"United-States","<=50K"
25,"Federal-gov",339956,"Some-college",10,"Married-civ-spouse","Protective-serv","Husband","Black","Male",0,0,40,"United-States","<=50K"
40,"Private",321758,"HS-grad",9,"Married-civ-spouse","Sales","Husband","White","Male",0,0,40,"United-States",">50K"
39,"Private",176186,"Some-college",10,"Married-civ-spouse","Machine-op-inspct","Husband","White","Male",0,0,40,"United-States",">50K"
37,"Private",249720,"Bachelors",13,"Never-married","Adm-clerical","Unmarried","Black","Female",0,0,27,"United-States","<=50K"
37,"Private",336880,"Some-college",10,"Married-civ-spouse","Transport-moving","Husband","White","Male",0,0,50,"United-States","<=50K"
40,"Private",270147,"Masters",14,"Never-married","Exec-managerial","Not-in-family","White","Female",0,0,40,"United-States",">50K"
41,"Private",252986,"Some-college",10,"Married-civ-spouse","Craft-repair","Husband","White","Male",0,0,48,"United-States",">50K"
41,"Private",183105,"HS-grad",9,"Separated","Machine-op-inspct","Unmarried","White","Female",0,0,44,"Cuba","<=50K"
23,"Private",182812,"Some-college",10,"Never-married","Other-service","Own-child","White","Female",0,0,40,"Dominican-Republic","<=50K"
18,NA,85154,"12th",8,"Never-married",NA,"Own-child","Asian-Pac-Islander","Female",0,0,24,"Germany","<=50K"
27,"Private",330466,"Bachelors",13,"Never-married","Tech-support","Other-relative","Asian-Pac-Islander","Male",0,0,40,"United-States","<=50K"
44,"Self-emp-inc",104892,"Some-college",10,"Married-civ-spouse","Craft-repair","Husband","White","Male",0,0,58,"United-States",">50K"
39,"Private",63910,"Some-college",10,"Never-married","Adm-clerical","Own-child","Asian-Pac-Islander","Female",0,0,40,"United-States","<=50K"
20,NA,121023,"Some-college",10,"Never-married",NA,"Own-child","White","Female",0,0,40,"United-States","<=50K"
34,"Private",261418,"HS-grad",9,"Married-civ-spouse","Other-service","Husband","White","Male",0,0,40,"United-States","<=50K"
17,"Private",75333,"10th",6,"Never-married","Sales","Own-child","Black","Female",0,0,24,"United-States","<=50K"
23,"Private",111450,"12th",8,"Never-married","Other-service","Unmarried","Black","Male",0,0,38,"United-States","<=50K"
56,"Private",174040,"HS-grad",9,"Divorced","Other-service","Not-in-family","White","Male",0,0,40,"United-States","<=50K"
52,"Private",318975,"HS-grad",9,"Divorced","Adm-clerical","Unmarried","White","Female",0,0,40,"Cuba","<=50K"
20,"Private",161092,"Some-college",10,"Never-married","Handlers-cleaners","Own-child","White","Male",0,0,40,"United-States","<=50K"
49,"Private",247294,"HS-grad",9,"Married-civ-spouse","Craft-repair","Husband","White","Male",0,0,45,"United-States",">50K"
75,NA,222789,"Bachelors",13,"Widowed",NA,"Not-in-family","White","Female",0,0,6,"United-States","<=50K"
54,"Private",188186,"HS-grad",9,"Never-married","Other-service","Other-relative","White","Female",0,0,20,"Hungary","<=50K"
49,"Private",280525,"Some-college",10,"Married-civ-spouse","Adm-clerical","Husband","White","Male",0,0,45,"United-States",">50K"
36,"Private",135293,"Bachelors",13,"Divorced","Prof-specialty","Unmarried","White","Female",1506,0,45,NA,"<=50K"
52,"Self-emp-inc",89041,"Masters",14,"Married-civ-spouse","Exec-managerial","Husband","White","Male",15024,0,60,"United-States",">50K"
22,"Private",287988,"Some-college",10,"Never-married","Sales","Not-in-family","White","Male",0,0,20,"United-States","<=50K"
28,"Private",150309,"HS-grad",9,"Married-civ-spouse","Machine-op-inspct","Husband","Amer-Indian-Eskimo","Male",0,0,45,"United-States","<=50K"
18,"Private",163787,"Some-college",10,"Never-married","Sales","Own-child","White","Female",0,0,15,"United-States","<=50K"
23,"Private",117789,"Bachelors",13,"Never-married","Prof-specialty","Not-in-family","White","Female",0,0,60,"United-States","<=50K"
27,"Unknown",212041,"Bachelors",13,"Never-married","Sales","Not-in-family","White","Male",0,0,50,"United-States","<=50K"
47,"Private",99911,"12th",8,"Married-spouse-absent","Exec-managerial","Not-in-family","White","Female",0,0,40,"United-States","<=50K"
39,"Private",262841,"HS-grad",9,"Married-civ-spouse","Exec-managerial","Husband","White","Male",0,0,50,"United-States",">50K"
32,"Private",90969,"Assoc-voc",11,"Married-civ-spouse","Transport-moving","Husband","White","Male",0,0,45,"United-States",">50K"
30,"Private",117747,"HS-grad",9,"Married-civ-spouse","Sales","Wife","Asian-Pac-Islander","Female",0,1573,35,NA,"<=50K"
49,"Private",34377,"12th",8,"Married-civ-spouse","Craft-repair","Husband","White","Male",0,0,40,"United-States",">50K"
30,"Private",329425,"Some-college",10,"Never-married","Protective-serv","Own-child","White","Male",0,0,48,"United-States","<=50K"
47,"Private",207207,"HS-grad",9,"Divorced","Sales","Unmarried","White","Female",0,0,45,"United-States","<=50K"
43,"Self-emp-not-inc",64112,"Some-college",10,"Married-civ-spouse","Farming-fishing","Husband","White","Male",0,0,50,"United-States","<=50K"
41,"Local-gov",213154,"Some-college",10,"Married-civ-spouse","Adm-clerical","Wife","Black","Female",0,0,40,"United-States","<=50K"
32,"Private",360593,"HS-grad",9,"Divorced","Sales","Unmarried","Black","Female",0,0,30,"United-States","<=50K"
69,"Local-gov",197288,"HS-grad",9,"Married-civ-spouse","Exec-managerial","Husband","White","Male",0,0,35,"United-States","<=50K"
58,"Private",126991,"HS-grad",9,"Divorced","Other-service","Unmarried","Black","Female",0,0,20,"United-States","<=50K"
32,"Private",473133,"Masters",14,"Married-civ-spouse","Prof-specialty","Husband","White","Male",0,0,40,"United-States",">50K"
32,"Private",339482,"5th-6th",3,"Separated","Farming-fishing","Other-relative","White","Male",0,0,60,"Mexico","<=50K"
43,"Federal-gov",94937,"Bachelors",13,"Divorced","Adm-clerical","Unmarried","White","Female",0,0,40,"United-States","<=50K"
39,"Local-gov",316582,"Masters",14,"Never-married","Prof-specialty","Not-in-family","White","Female",0,0,55,"United-States","<=50K"
50,"Private",313546,"HS-grad",9,"Separated","Other-service","Unmarried","Black","Female",0,0,40,"United-States","<=50K"
58,"Self-emp-inc",78634,"11th",7,"Married-civ-spouse","Transport-moving","Husband","White","Male",0,0,60,"United-States","<=50K"
34,"Local-gov",105540,"Bachelors",13,"Married-civ-spouse","Prof-specialty","Husband","White","Male",0,2051,40,"United-States","<=50K"
35,"Private",133454,"10th",6,"Divorced","Machine-op-inspct","Not-in-family","White","Male",0,0,50,"United-States","<=50K"
40,"Private",170230,"Bachelors",13,"Married-spouse-absent","Other-service","Not-in-family","White","Female",0,0,40,NA,"<=50K"
54,"Self-emp-not-inc",57101,"HS-grad",9,"Married-civ-spouse","Craft-repair","Husband","White","Male",0,0,35,"United-States","<=50K"
50,"Private",107665,"Some-college",10,"Married-civ-spouse","Sales","Husband","White","Male",0,0,40,"United-States",">50K"
51,"Private",110458,"Bachelors",13,"Separated","Prof-specialty","Not-in-family","White","Male",0,0,40,"United-States","<=50K"
33,"Private",188246,"Masters",14,"Married-civ-spouse","Exec-managerial","Husband","White","Male",7298,0,45,"United-States",">50K"
36,"State-gov",345712,"HS-grad",9,"Married-civ-spouse","Exec-managerial","Husband","White","Male",0,0,40,"United-States","<=50K"
51,"Private",169364,"Some-college",10,"Divorced","Handlers-cleaners","Not-in-family","White","Female",0,0,40,"Ireland","<=50K"
75,NA,248833,"HS-grad",9,"Married-AF-spouse",NA,"Wife","White","Female",2653,0,14,"United-States","<=50K"
72,"Private",268861,"7th-8th",4,"Widowed","Other-service","Not-in-family","White","Female",0,0,99,NA,"<=50K"
34,"Private",349169,"Masters",14,"Married-civ-spouse","Craft-repair","Husband","White","Male",0,0,40,"Mexico","<=50K"
28,"Private",201175,"11th",7,"Never-married","Machine-op-inspct","Not-in-family","Black","Male",0,0,40,"United-States","<=50K"
51,"Private",145166,"HS-grad",9,"Married-civ-spouse","Adm-clerical","Husband","White","Male",0,0,50,"United-States","<=50K"
50,"Private",98228,"HS-grad",9,"Divorced","Sales","Unmarried","White","Female",0,0,45,"United-States","<=50K"
42,"Federal-gov",158926,"Assoc-acdm",12,"Divorced","Prof-specialty","Unmarried","Asian-Pac-Islander","Female",0,0,40,"Philippines",">50K"
50,"Self-emp-not-inc",30731,"Assoc-voc",11,"Never-married","Other-service","Not-in-family","White","Male",0,0,50,"United-States","<=50K"
19,NA,47713,"Some-college",10,"Never-married",NA,"Own-child","White","Female",0,0,40,"United-States","<=50K"
19,"Private",142219,"Some-college",10,"Never-married","Adm-clerical","Own-child","White","Female",0,0,30,"United-States","<=50K"
31,"Private",47296,"Some-college",10,"Married-civ-spouse","Adm-clerical","Wife","White","Female",0,1740,20,"United-States","<=50K"
22,"Private",100345,"Bachelors",13,"Never-married","Craft-repair","Not-in-family","White","Male",13550,0,55,"United-States",">50K"
35,"Private",218955,"Bachelors",13,"Married-civ-spouse","Sales","Husband","White","Male",0,0,40,"United-States","<=50K"
35,"Private",29874,"Some-college",10,"Married-civ-spouse","Handlers-cleaners","Husband","White","Male",0,0,40,"United-States","<=50K"
34,"Private",228881,"Some-college",10,"Separated","Machine-op-inspct","Not-in-family","Other","Male",0,0,40,"United-States","<=50K"
55,"Self-emp-inc",207489,"Bachelors",13,"Divorced","Sales","Not-in-family","White","Female",0,0,50,"Germany","<=50K"
20,"Private",374116,"HS-grad",9,"Never-married","Prof-specialty","Other-relative","White","Female",0,0,40,"United-States","<=50K"
57,"Private",73051,"Bachelors",13,"Married-civ-spouse","Exec-managerial","Husband","White","Male",0,0,40,"United-States","<=50K"
48,"Self-emp-not-inc",243631,"Some-college",10,"Married-civ-spouse","Craft-repair","Husband","Amer-Indian-Eskimo","Male",7688,0,40,"United-States",">50K"
42,"Private",194537,"HS-grad",9,"Divorced","Machine-op-inspct","Unmarried","White","Female",0,0,40,"United-States","<=50K"
28,"Private",421967,"Bachelors",13,"Married-civ-spouse","Exec-managerial","Wife","White","Female",0,0,60,"United-States",">50K"
33,"Private",122116,"HS-grad",9,"Married-civ-spouse","Sales","Husband","White","Male",0,0,45,"United-States","<=50K"
62,"Local-gov",140851,"HS-grad",9,"Married-civ-spouse","Other-service","Husband","White","Male",0,0,40,"United-States",">50K"
58,"Private",204021,"HS-grad",9,"Never-married","Transport-moving","Own-child","White","Male",0,0,40,"Canada","<=50K"
37,"Private",189878,"Prof-school",15,"Married-civ-spouse","Prof-specialty","Husband","White","Male",0,0,50,"United-States",">50K"
20,NA,141453,"Some-college",10,"Never-married",NA,"Own-child","White","Female",0,0,10,"United-States","<=50K"
24,"Private",163665,"Bachelors",13,"Never-married","Other-service","Own-child","White","Female",0,0,40,"United-States","<=50K"
47,"Private",197702,"Some-college",10,"Married-civ-spouse","Craft-repair","Husband","White","Male",0,0,40,"United-States","<=50K"
36,"Private",111128,"Bachelors",13,"Married-civ-spouse","Prof-specialty","Husband","White","Male",0,0,48,"United-States",">50K"
36,"Unknown",133974,"Assoc-voc",11,"Divorced","Sales","Unmarried","White","Female",0,0,40,"United-States","<=50K"
47,"State-gov",224149,"Bachelors",13,"Divorced","Exec-managerial","Not-in-family","White","Female",0,0,40,"United-States",">50K"
36,"Private",29814,"HS-grad",9,"Never-married","Transport-moving","Other-relative","White","Male",0,0,50,"United-States","<=50K"
58,"Private",110844,"Masters",14,"Widowed","Sales","Not-in-family","White","Female",0,0,27,"United-States","<=50K"
36,"Private",143774,"Some-college",10,"Married-civ-spouse","Adm-clerical","Wife","White","Female",0,0,12,"United-States",">50K"
25,"Private",219130,"Some-college",10,"Never-married","Other-service","Not-in-family","Other","Female",0,0,40,"United-States","<=50K"
48,"Private",175221,"HS-grad",9,"Married-civ-spouse","Machine-op-inspct","Husband","White","Male",0,0,40,"United-States","<=50K"
69,NA,323016,"Bachelors",13,"Married-civ-spouse",NA,"Husband","White","Male",99999,0,40,"United-States",">50K"
34,"Private",173730,"HS-grad",9,"Married-civ-spouse","Sales","Husband","White","Male",0,0,50,"United-States","<=50K"
30,"Private",39386,"Some-college",10,"Married-civ-spouse","Exec-managerial","Husband","Black","Male",0,0,99,"United-States","<=50K"
31,"Private",204052,"HS-grad",9,"Married-civ-spouse","Handlers-cleaners","Husband","White","Male",0,0,40,"United-States","<=50K"
66,"Self-emp-not-inc",167687,"HS-grad",9,"Married-civ-spouse","Farming-fishing","Husband","White","Male",1409,0,50,"United-States","<=50K"
23,"Private",194102,"Bachelors",13,"Never-married","Exec-managerial","Unmarried","White","Male",0,0,40,"United-States","<=50K"
20,NA,206671,"Some-college",10,"Never-married",NA,"Own-child","White","Male",1055,0,50,"United-States","<=50K"
45,"Private",480717,"Bachelors",13,"Married-civ-spouse","Other-service","Husband","Asian-Pac-Islander","Male",0,0,38,NA,"<=50K"
34,"State-gov",252529,"Bachelors",13,"Never-married","Prof-specialty","Not-in-family","White","Male",0,0,48,"United-States","<=50K"
58,"Federal-gov",72998,"11th",7,"Divorced","Craft-repair","Not-in-family","Black","Female",14084,0,40,"United-States",">50K"
59,"Private",151616,"Masters",14,"Married-civ-spouse","Prof-specialty","Husband","White","Male",0,0,55,"United-States","<=50K"
17,"Private",56986,"12th",8,"Never-married","Sales","Own-child","White","Female",0,0,18,"United-States","<=50K"
19,"Private",430471,"11th",7,"Never-married","Handlers-cleaners","Own-child","White","Male",0,0,40,"United-States","<=50K"
28,"Private",180299,"HS-grad",9,"Married-civ-spouse","Transport-moving","Husband","White","Male",0,0,70,"United-States","<=50K"
63,"Local-gov",152163,"HS-grad",9,"Married-civ-spouse","Protective-serv","Husband","White","Male",0,0,40,"United-States","<=50K"
51,"Local-gov",26832,"HS-grad",9,"Married-civ-spouse","Craft-repair","Husband","White","Male",0,0,40,"United-States",">50K"
40,"Federal-gov",346532,"Some-college",10,"Married-civ-spouse","Adm-clerical","Husband","Black","Male",0,0,40,"United-States",">50K"
35,"Private",179579,"HS-grad",9,"Married-civ-spouse","Transport-moving","Husband","White","Male",0,0,40,"United-States","<=50K"
35,"Private",119098,"Masters",14,"Married-civ-spouse","Exec-managerial","Husband","White","Male",0,0,40,"United-States","<=50K"
18,"Private",317425,"11th",7,"Never-married","Other-service","Own-child","Black","Male",0,0,7,"United-States","<=50K"
30,"Private",257874,"Bachelors",13,"Never-married","Sales","Not-in-family","White","Female",0,0,30,"United-States","<=50K"
32,"Private",207172,"Some-college",10,"Never-married","Sales","Other-relative","White","Female",0,0,40,"United-States","<=50K"
28,"Private",259840,"Bachelors",13,"Married-civ-spouse","Sales","Husband","White","Male",0,0,60,"United-States",">50K"
56,"Private",229525,"9th",5,"Married-civ-spouse","Transport-moving","Husband","Black","Male",0,0,40,"United-States","<=50K"
36,"Private",28572,"Some-college",10,"Married-civ-spouse","Craft-repair","Husband","White","Male",0,0,50,"United-States","<=50K"
65,"Private",172815,"Some-college",10,"Married-civ-spouse","Farming-fishing","Husband","White","Male",0,0,40,"United-States","<=50K"
56,"Private",143266,"Some-college",10,"Married-civ-spouse","Exec-managerial","Husband","White","Male",0,0,40,"United-States",">50K"
50,NA,281504,"Some-college",10,"Married-civ-spouse",NA,"Husband","White","Male",0,0,40,"United-States","<=50K"
46,"State-gov",111163,"HS-grad",9,"Separated","Adm-clerical","Unmarried","White","Female",0,0,38,"United-States","<=50K"
32,"Private",136204,"Masters",14,"Separated","Exec-managerial","Not-in-family","White","Male",0,2824,55,"United-States",">50K"
59,"Local-gov",62020,"HS-grad",9,"Widowed","Craft-repair","Not-in-family","Black","Male",0,0,40,"United-States","<=50K"
54,"Private",175912,"HS-grad",9,"Widowed","Machine-op-inspct","Unmarried","White","Male",914,0,40,"United-States","<=50K"
66,"Local-gov",261062,"Masters",14,"Widowed","Prof-specialty","Not-in-family","White","Female",0,0,40,"United-States","<=50K"
29,"State-gov",243875,"Assoc-voc",11,"Divorced","Adm-clerical","Own-child","White","Male",0,0,40,"United-States","<=50K"
53,"Self-emp-inc",148532,"Bachelors",13,"Married-civ-spouse","Sales","Husband","White","Male",0,0,60,"United-States",">50K"
23,"Private",42706,"Some-college",10,"Never-married","Prof-specialty","Not-in-family","White","Male",0,0,45,"United-States","<=50K"
59,"Federal-gov",212448,"HS-grad",9,"Widowed","Sales","Unmarried","White","Female",0,0,40,"Germany","<=50K"
42,"Private",219591,"Bachelors",13,"Married-civ-spouse","Adm-clerical","Husband","White","Male",0,0,55,"United-States",">50K"
34,"Self-emp-inc",314375,"Some-college",10,"Married-civ-spouse","Sales","Husband","White","Male",0,0,60,"United-States",">50K"
18,NA,171748,"Some-college",10,"Never-married",NA,"Own-child","Black","Female",0,0,24,"United-States","<=50K"
19,"Private",168294,"HS-grad",9,"Never-married","Craft-repair","Own-child","White","Male",0,0,40,"United-States","<=50K"
33,"Federal-gov",177945,"HS-grad",9,"Married-civ-spouse","Adm-clerical","Husband","Black","Male",0,0,40,"United-States","<=50K"
48,"Private",162816,"Assoc-acdm",12,"Married-civ-spouse","Transport-moving","Husband","White","Male",0,0,45,"United-States","<=50K"
37,"Private",189382,"Assoc-voc",11,"Never-married","Adm-clerical","Own-child","White","Female",0,0,38,"United-States","<=50K"
37,"Private",349689,"HS-grad",9,"Divorced","Adm-clerical","Unmarried","White","Female",0,0,40,"United-States","<=50K"
28,"Private",188928,"HS-grad",9,"Married-civ-spouse","Other-service","Husband","White","Male",0,0,40,"United-States","<=50K"
49,"Private",110243,"Bachelors",13,"Married-civ-spouse","Exec-managerial","Husband","White","Male",0,0,45,"United-States",">50K"
58,"Private",147653,"Some-college",10,"Married-civ-spouse","Adm-clerical","Wife","White","Female",0,0,40,"United-States","<=50K"
28,"Private",201861,"Some-college",10,"Married-civ-spouse","Machine-op-inspct","Husband","White","Male",0,0,45,"United-States","<=50K"
62,NA,250091,"Bachelors",13,"Divorced",NA,"Not-in-family","White","Male",0,0,5,"United-States","<=50K"
43,"Private",153160,"Some-college",10,"Married-civ-spouse","Adm-clerical","Wife","White","Female",0,0,40,"United-States","<=50K"
45,"Private",240554,"Bachelors",13,"Married-civ-spouse","Exec-managerial","Husband","White","Male",0,0,40,"United-States",">50K"
24,"Private",155150,"HS-grad",9,"Married-civ-spouse","Machine-op-inspct","Husband","White","Male",0,0,40,"United-States","<=50K"
41,"Self-emp-inc",145441,"Masters",14,"Married-civ-spouse","Exec-managerial","Husband","White","Male",0,0,50,"United-States",">50K"
53,"Private",285621,"Masters",14,"Married-civ-spouse","Adm-clerical","Wife","White","Female",0,0,40,"United-States",">50K"
45,"Local-gov",162187,"HS-grad",9,"Married-civ-spouse","Protective-serv","Husband","White","Male",0,0,40,"United-States",">50K"
30,"Private",149568,"9th",5,"Never-married","Farming-fishing","Other-relative","Black","Male",0,0,40,"United-States","<=50K"
36,"Private",115834,"Assoc-voc",11,"Married-civ-spouse","Exec-managerial","Wife","White","Female",7298,0,55,"United-States",">50K"
52,"Private",311931,"5th-6th",3,"Married-civ-spouse","Sales","Wife","White","Female",0,0,15,"El-Salvador","<=50K"
30,"Private",189759,"Bachelors",13,"Never-married","Sales","Not-in-family","White","Male",0,0,40,"United-States","<=50K"
34,"Private",208353,"HS-grad",9,"Never-married","Machine-op-inspct","Own-child","White","Male",0,0,40,"United-States","<=50K"
63,"Private",158609,"Assoc-voc",11,"Widowed","Adm-clerical","Unmarried","White","Female",0,0,8,"United-States","<=50K"
26,NA,137951,"10th",6,"Separated",NA,"Other-relative","White","Female",0,0,40,"Puerto-Rico","<=50K"
29,"Private",169815,"Assoc-acdm",12,"Married-civ-spouse","Sales","Husband","White","Male",0,0,50,"United-States",">50K"
34,"Private",140571,"Assoc-voc",11,"Divorced","Tech-support","Unmarried","Black","Female",0,0,40,"United-States","<=50K"
32,"Federal-gov",82393,"Bachelors",13,"Married-civ-spouse","Prof-specialty","Husband","Asian-Pac-Islander","Male",0,0,56,"United-States",">50K"
41,"Private",74182,"HS-grad",9,"Divorced","Craft-repair","Not-in-family","White","Male",0,0,40,"United-States","<=50K"
35,"Private",134367,"Assoc-acdm",12,"Divorced","Adm-clerical","Unmarried","White","Female",0,0,40,"United-States","<=50K"
19,NA,117201,"HS-grad",9,"Never-married",NA,"Own-child","White","Male",0,0,30,"United-States","<=50K"
39,"Private",104089,"Assoc-voc",11,"Married-civ-spouse","Craft-repair","Husband","White","Male",0,0,50,"United-States",">50K"
32,"Private",73498,"7th-8th",4,"Divorced","Other-service","Unmarried","White","Female",0,0,40,"United-States","<=50K"
28,"Private",119793,"HS-grad",9,"Never-married","Sales","Own-child","White","Male",0,0,60,"United-States","<=50K"
42,"Self-emp-not-inc",351161,"Bachelors",13,"Married-civ-spouse","Prof-specialty","Husband","White","Male",0,1887,40,"United-States",">50K"
50,"Private",73493,"Some-college",10,"Divorced","Other-service","Not-in-family","White","Female",0,0,40,"United-States","<=50K"
27,"Private",69132,"Bachelors",13,"Never-married","Tech-support","Not-in-family","White","Male",0,0,37,"United-States","<=50K"
60,"Private",53707,"HS-grad",9,"Married-civ-spouse","Prof-specialty","Husband","White","Male",0,0,40,"United-States",">50K"
45,"Private",129336,"Masters",14,"Married-civ-spouse","Adm-clerical","Husband","White","Male",0,0,45,"United-States",">50K"
35,"Private",105813,"Bachelors",13,"Married-civ-spouse","Prof-specialty","Husband","White","Male",0,0,48,"United-States",">50K"
17,"Private",153035,"10th",6,"Never-married","Sales","Own-child","White","Female",0,0,20,"United-States","<=50K"
23,"Private",117767,"Bachelors",13,"Married-civ-spouse","Sales","Husband","White","Male",0,0,40,"United-States","<=50K"
60,"Private",230545,"7th-8th",4,"Divorced","Adm-clerical","Not-in-family","White","Female",0,0,35,"Cuba","<=50K"
54,"Private",163671,"HS-grad",9,"Married-civ-spouse","Transport-moving","Husband","White","Male",0,1887,65,"United-States",">50K"
55,"Private",92215,"HS-grad",9,"Never-married","Adm-clerical","Not-in-family","White","Female",0,0,45,"United-States","<=50K"
60,"Private",225883,"Some-college",10,"Widowed","Sales","Unmarried","White","Female",0,0,27,"United-States","<=50K"
34,"Private",46746,"11th",7,"Never-married","Other-service","Not-in-family","White","Male",0,0,30,"United-States","<=50K"
31,"Federal-gov",381645,"Bachelors",13,"Separated","Prof-specialty","Not-in-family","White","Male",0,0,40,"United-States","<=50K"
58,"Private",316000,"HS-grad",9,"Married-civ-spouse","Exec-managerial","Husband","White","Male",0,0,40,"United-States",">50K"
38,"Private",20308,"HS-grad",9,"Never-married","Other-service","Own-child","White","Male",0,0,40,"United-States","<=50K"
56,"State-gov",143931,"Bachelors",13,"Widowed","Prof-specialty","Not-in-family","White","Female",0,0,40,"United-States","<=50K"
64,"Self-emp-not-inc",170421,"Some-college",10,"Widowed","Craft-repair","Not-in-family","White","Female",0,0,8,"United-States","<=50K"
55,"Self-emp-not-inc",53566,"Doctorate",16,"Divorced","Exec-managerial","Not-in-family","White","Female",0,0,30,"United-States","<=50K"
39,"Private",117381,"Some-college",10,"Divorced","Transport-moving","Not-in-family","White","Male",0,0,65,"United-States","<=50K"
52,"Private",112959,"Some-college",10,"Widowed","Sales","Not-in-family","White","Female",0,0,40,"United-States","<=50K"
46,"State-gov",55377,"Bachelors",13,"Married-civ-spouse","Prof-specialty","Husband","Black","Male",0,0,40,"United-States",">50K"
35,"Private",81232,"Bachelors",13,"Married-civ-spouse","Sales","Husband","White","Male",15024,0,50,"United-States",">50K"
38,"Private",58108,"Bachelors",13,"Married-civ-spouse","Exec-managerial","Husband","White","Male",0,0,50,"United-States",">50K"
34,"Private",220631,"Assoc-voc",11,"Never-married","Other-service","Not-in-family","White","Male",0,0,50,NA,"<=50K"
44,"Private",103218,"HS-grad",9,"Divorced","Adm-clerical","Unmarried","Black","Female",0,0,40,"United-States","<=50K"
34,"Private",157747,"HS-grad",9,"Married-civ-spouse","Transport-moving","Husband","White","Male",0,0,45,"United-States","<=50K"
44,"Local-gov",254146,"Masters",14,"Married-civ-spouse","Prof-specialty","Husband","White","Male",0,0,40,"United-States",">50K"
51,"Self-emp-inc",229465,"Masters",14,"Married-civ-spouse","Exec-managerial","Husband","White","Male",15024,0,50,"United-States",">50K"
47,"Private",115813,"Assoc-acdm",12,"Separated","Adm-clerical","Unmarried","White","Female",0,0,57,"United-States","<=50K"
57,"Private",299358,"HS-grad",9,"Widowed","Other-service","Other-relative","White","Female",0,1719,25,"United-States","<=50K"
40,"Local-gov",179580,"HS-grad",9,"Married-civ-spouse","Adm-clerical","Wife","White","Female",0,0,40,"United-States","<=50K"
38,"Private",100295,"7th-8th",4,"Married-civ-spouse","Machine-op-inspct","Wife","White","Female",0,0,50,"Canada",">50K"
18,"Private",188476,"11th",7,"Never-married","Exec-managerial","Own-child","White","Male",0,0,20,"United-States","<=50K"
26,"Private",238367,"HS-grad",9,"Never-married","Craft-repair","Not-in-family","White","Male",0,0,40,"United-States","<=50K"
23,"Private",275244,"HS-grad",9,"Never-married","Machine-op-inspct","Not-in-family","Black","Male",0,0,35,"United-States","<=50K"
47,"State-gov",54887,"Doctorate",16,"Married-civ-spouse","Prof-specialty","Husband","White","Male",0,0,40,"United-States",">50K"
30,"Local-gov",327825,"HS-grad",9,"Divorced","Protective-serv","Own-child","White","Female",0,0,32,"United-States","<=50K"
34,"Private",185216,"Some-college",10,"Never-married","Adm-clerical","Own-child","White","Male",0,0,40,"United-States","<=50K"
22,"Private",107801,"Assoc-voc",11,"Never-married","Adm-clerical","Own-child","White","Female",0,0,40,"United-States","<=50K"
26,"Private",177720,"Assoc-acdm",12,"Divorced","Prof-specialty","Unmarried","White","Female",0,0,45,"United-States","<=50K"
35,"Self-emp-inc",187053,"Bachelors",13,"Separated","Prof-specialty","Not-in-family","White","Female",0,0,50,"United-States","<=50K"
37,"Private",193855,"HS-grad",9,"Married-civ-spouse","Craft-repair","Husband","White","Male",0,1902,50,"United-States","<=50K"
35,"Private",62669,"Some-college",10,"Married-civ-spouse","Exec-managerial","Husband","White","Male",0,0,55,"United-States",">50K"
57,"Private",34269,"HS-grad",9,"Widowed","Transport-moving","Unmarried","White","Male",0,653,42,"United-States",">50K"
42,"Private",111483,"Bachelors",13,"Married-civ-spouse","Tech-support","Husband","White","Male",0,0,50,"United-States",">50K"
22,"Private",60331,"Some-college",10,"Married-civ-spouse","Other-service","Husband","White","Male",0,0,35,"United-States","<=50K"
58,"Private",301867,"HS-grad",9,"Married-civ-spouse","Farming-fishing","Husband","White","Male",0,0,40,"United-States","<=50K"
41,"Local-gov",33658,"Some-college",10,"Married-civ-spouse","Protective-serv","Husband","White","Male",0,0,45,"United-States",">50K"
32,"Local-gov",235109,"Bachelors",13,"Married-civ-spouse","Adm-clerical","Wife","White","Female",0,0,40,"United-States","<=50K"
31,"Private",400535,"Some-college",10,"Married-civ-spouse","Adm-clerical","Husband","White","Male",0,0,40,"United-States","<=50K"
31,"Private",188246,"Assoc-acdm",12,"Divorced","Craft-repair","Not-in-family","White","Male",0,0,50,"United-States",">50K"
40,"Federal-gov",544792,"Some-college",10,"Married-civ-spouse","Farming-fishing","Husband","White","Male",0,0,40,"United-States","<=50K"
18,"Private",352640,"HS-grad",9,"Never-married","Adm-clerical","Own-child","White","Female",0,0,40,"United-States","<=50K"
51,"State-gov",454063,"Doctorate",16,"Married-civ-spouse","Exec-managerial","Husband","White","Male",7298,0,40,"United-States",">50K"
35,"Self-emp-not-inc",264627,"11th",7,"Divorced","Exec-managerial","Unmarried","White","Female",0,0,84,"United-States","<=50K"
50,"Self-emp-not-inc",386397,"Bachelors",13,"Married-civ-spouse","Sales","Husband","White","Male",0,0,60,"United-States","<=50K"
30,"Private",285902,"Assoc-acdm",12,"Married-civ-spouse","Craft-repair","Husband","White","Male",0,0,40,"United-States","<=50K"
39,"Private",78171,"Some-college",10,"Married-spouse-absent","Adm-clerical","Unmarried","Amer-Indian-Eskimo","Female",0,0,40,"United-States","<=50K"
27,"Private",187746,"Some-college",10,"Never-married","Other-service","Own-child","White","Female",0,0,40,"United-States","<=50K"
42,"State-gov",212027,"Bachelors",13,"Divorced","Prof-specialty","Not-in-family","Black","Male",0,0,40,"United-States","<=50K"
46,"Private",369538,"10th",6,"Married-civ-spouse","Transport-moving","Husband","White","Male",0,0,40,"United-States",">50K"
45,"Private",26781,"HS-grad",9,"Married-civ-spouse","Farming-fishing","Husband","Amer-Indian-Eskimo","Male",0,0,40,"United-States","<=50K"
47,"Local-gov",149700,"Masters",14,"Married-civ-spouse","Prof-specialty","Husband","White","Male",15024,0,35,"United-States",">50K"
24,"Private",86745,"Bachelors",13,"Married-civ-spouse","Prof-specialty","Other-relative","Asian-Pac-Islander","Female",0,0,40,"Philippines","<=50K"
32,"Private",169955,"Some-college",10,"Married-civ-spouse","Other-service","Wife","White","Female",0,0,36,"Puerto-Rico","<=50K"
61,"Federal-gov",136787,"Some-college",10,"Married-civ-spouse","Adm-clerical","Husband","White","Male",0,0,40,"United-States",">50K"
18,"Private",27920,"11th",7,"Never-married","Exec-managerial","Own-child","White","Female",0,0,25,"United-States","<=50K"
55,"Self-emp-not-inc",193374,"HS-grad",9,"Divorced","Craft-repair","Not-in-family","White","Male",0,0,40,"United-States","<=50K"
26,"Private",134888,"Bachelors",13,"Never-married","Tech-support","Own-child","White","Female",0,0,35,"United-States","<=50K"
37,"Private",280500,"Some-college",10,"Never-married","Tech-support","Own-child","Black","Female",0,0,40,"United-States","<=50K"
38,"Private",196123,"HS-grad",9,"Married-civ-spouse","Craft-repair","Husband","White","Male",0,0,50,"United-States","<=50K"
32,"Local-gov",112650,"HS-grad",9,"Married-civ-spouse","Protective-serv","Husband","White","Male",0,0,40,"United-States","<=50K"
41,"Private",194360,"HS-grad",9,"Married-civ-spouse","Craft-repair","Husband","White","Male",0,1887,40,"United-States",">50K"
52,"Local-gov",100226,"Bachelors",13,"Married-civ-spouse","Adm-clerical","Wife","White","Female",0,0,40,"United-States",">50K"
80,NA,29020,"Prof-school",15,"Married-civ-spouse",NA,"Husband","White","Male",10605,0,10,"United-States",">50K"
22,"Private",48347,"Bachelors",13,"Never-married","Farming-fishing","Own-child","White","Male",0,0,40,"United-States","<=50K"
36,"Private",184112,"Prof-school",15,"Married-civ-spouse","Prof-specialty","Wife","White","Female",15024,0,45,"United-States",">50K"
27,"Private",19395,"Some-college",10,"Married-civ-spouse","Handlers-cleaners","Wife","White","Female",0,0,35,"United-States","<=50K"
33,"Private",213887,"HS-grad",9,"Divorced","Farming-fishing","Not-in-family","White","Male",0,0,40,"United-States","<=50K"
36,NA,216256,"HS-grad",9,"Married-civ-spouse",NA,"Husband","White","Male",3464,0,30,"United-States","<=50K"
35,"Private",145704,"HS-grad",9,"Married-civ-spouse","Prof-specialty","Wife","White","Female",3942,0,35,"United-States","<=50K"
31,"Private",113838,"Bachelors",13,"Married-civ-spouse","Prof-specialty","Husband","White","Male",0,0,50,"United-States","<=50K"
60,"Private",175273,"HS-grad",9,"Widowed","Machine-op-inspct","Unmarried","White","Female",0,0,40,"United-States","<=50K"
22,"Private",177107,"Assoc-voc",11,"Never-married","Prof-specialty","Unmarried","Black","Female",0,0,35,"United-States","<=50K"
21,"State-gov",258490,"Some-college",10,"Never-married","Prof-specialty","Not-in-family","White","Female",0,0,20,"United-States","<=50K"
41,"Self-emp-not-inc",287037,"HS-grad",9,"Married-civ-spouse","Prof-specialty","Husband","White","Male",0,0,40,"United-States","<=50K"
30,"Private",95299,"HS-grad",9,"Married-civ-spouse","Machine-op-inspct","Husband","Asian-Pac-Islander","Male",0,0,40,"Vietnam",">50K"
29,"Private",233168,"Bachelors",13,"Married-civ-spouse","Prof-specialty","Wife","White","Female",0,0,46,"United-States",">50K"
34,"Unknown",143699,"Some-college",10,"Married-civ-spouse","Other-service","Wife","White","Female",0,0,40,"United-States","<=50K"
41,"Private",206565,"Some-college",10,"Never-married","Craft-repair","Not-in-family","Black","Male",0,0,45,"United-States","<=50K"
53,"Private",233165,"HS-grad",9,"Married-civ-spouse","Exec-managerial","Husband","White","Male",0,0,60,"United-States",">50K"
62,"Local-gov",33365,"HS-grad",9,"Widowed","Other-service","Not-in-family","White","Female",0,0,40,"Canada","<=50K"
52,"Private",126978,"HS-grad",9,"Married-civ-spouse","Machine-op-inspct","Wife","Asian-Pac-Islander","Female",0,0,40,"China","<=50K"
19,NA,112780,"Some-college",10,"Never-married",NA,"Own-child","White","Female",0,0,30,"United-States","<=50K"
29,"Private",420054,"HS-grad",9,"Married-civ-spouse","Machine-op-inspct","Husband","White","Male",0,0,40,"United-States","<=50K"
31,"Private",119033,"HS-grad",9,"Married-civ-spouse","Craft-repair","Husband","White","Male",0,0,40,"United-States","<=50K"
38,"State-gov",203628,"Bachelors",13,"Married-civ-spouse","Prof-specialty","Husband","White","Male",0,0,45,"United-States",">50K"
26,"Private",210812,"Some-college",10,"Divorced","Craft-repair","Not-in-family","White","Male",0,0,43,"United-States","<=50K"
26,"Private",203492,"HS-grad",9,"Divorced","Craft-repair","Not-in-family","White","Male",0,0,40,"United-States","<=50K"
68,"Private",117236,"Bachelors",13,"Married-civ-spouse","Exec-managerial","Husband","White","Male",20051,0,45,"United-States",">50K"
51,"Private",197163,"Prof-school",15,"Never-married","Prof-specialty","Not-in-family","White","Female",0,2559,50,"United-States",">50K"
19,"Private",63814,"Some-college",10,"Never-married","Adm-clerical","Not-in-family","White","Female",0,0,18,"United-States","<=50K"
35,"Private",406051,"Doctorate",16,"Never-married","Prof-specialty","Not-in-family","White","Female",0,0,80,"United-States",">50K"
19,"Private",318822,"HS-grad",9,"Never-married","Adm-clerical","Not-in-family","White","Female",0,0,40,"United-States","<=50K"
46,"Private",364548,"Bachelors",13,"Divorced","Sales","Not-in-family","White","Male",8614,0,40,"United-States",">50K"
21,"Local-gov",212780,"12th",8,"Never-married","Handlers-cleaners","Unmarried","Black","Female",0,0,20,"United-States","<=50K"
37,"Local-gov",264503,"HS-grad",9,"Married-civ-spouse","Protective-serv","Husband","White","Male",0,0,40,"United-States","<=50K"
29,"Private",108594,"HS-grad",9,"Never-married","Craft-repair","Own-child","White","Male",0,0,40,"United-States","<=50K"
90,"Private",250832,"10th",6,"Married-civ-spouse","Exec-managerial","Husband","White","Male",0,0,40,"United-States","<=50K"
26,"Private",102264,"Some-college",10,"Never-married","Craft-repair","Not-in-family","White","Male",0,0,40,"United-States","<=50K"
74,"Private",180455,"Bachelors",13,"Widowed","Other-service","Not-in-family","White","Female",0,0,8,"United-States","<=50K"
35,"Private",77146,"Bachelors",13,"Married-civ-spouse","Sales","Husband","White","Male",0,0,45,"United-States",">50K"
67,"Self-emp-not-inc",179285,"Bachelors",13,"Married-civ-spouse","Sales","Husband","White","Male",0,0,30,"United-States","<=50K"
55,"Private",26716,"10th",6,"Never-married","Transport-moving","Not-in-family","White","Male",0,0,60,"United-States","<=50K"
56,"Private",201344,"Some-college",10,"Widowed","Craft-repair","Unmarried","White","Female",0,0,38,"United-States","<=50K"
36,"Unknown",328466,"5th-6th",3,"Married-civ-spouse","Transport-moving","Husband","White","Male",0,0,50,"Mexico",">50K"
51,"Private",123053,"Masters",14,"Married-civ-spouse","Prof-specialty","Husband","Asian-Pac-Islander","Male",5013,0,40,"India","<=50K"
38,"Private",343403,"Assoc-acdm",12,"Divorced","Adm-clerical","Not-in-family","White","Female",0,0,16,"United-States","<=50K"
40,"Private",188291,"Prof-school",15,"Married-civ-spouse","Prof-specialty","Husband","White","Male",0,0,40,"United-States",">50K"
40,"Private",25005,"Bachelors",13,"Married-civ-spouse","Prof-specialty","Husband","White","Male",15024,0,99,"United-States",">50K"
54,"Private",174102,"Bachelors",13,"Married-civ-spouse","Exec-managerial","Husband","White","Male",0,0,40,"United-States",">50K"
46,"Self-emp-inc",125892,"Masters",14,"Married-civ-spouse","Sales","Husband","White","Male",0,0,50,"United-States",">50K"
51,"Private",143741,"Some-college",10,"Married-civ-spouse","Other-service","Wife","White","Female",0,0,40,"United-States",">50K"
22,"State-gov",255575,"Assoc-acdm",12,"Never-married","Prof-specialty","Not-in-family","White","Female",0,0,15,"United-States","<=50K"
35,NA,98080,"Prof-school",15,"Never-married",NA,"Not-in-family","Asian-Pac-Islander","Male",4787,0,45,"Japan",">50K"
37,"State-gov",34996,"HS-grad",9,"Separated","Other-service","Unmarried","White","Female",0,0,40,"United-States","<=50K"
19,"Private",112432,"HS-grad",9,"Married-civ-spouse","Handlers-cleaners","Husband","White","Male",0,0,58,"United-States","<=50K"
50,"Self-emp-not-inc",29231,"HS-grad",9,"Married-civ-spouse","Exec-managerial","Husband","White","Male",0,0,45,"United-States",">50K"
22,"Private",283969,"HS-grad",9,"Never-married","Machine-op-inspct","Own-child","White","Male",0,0,40,"Mexico","<=50K"
34,"Private",253438,"Some-college",10,"Married-civ-spouse","Exec-managerial","Husband","White","Male",0,0,60,"United-States",">50K"
42,"Private",27444,"Some-college",10,"Married-spouse-absent","Prof-specialty","Not-in-family","White","Male",0,0,40,"United-States",">50K"
56,"Private",282023,"Masters",14,"Married-civ-spouse","Prof-specialty","Husband","White","Male",0,0,40,"United-States",">50K"
32,"Private",183304,"Assoc-voc",11,"Married-civ-spouse","Transport-moving","Husband","White","Male",0,0,99,"United-States",">50K"
53,"Private",386773,"HS-grad",9,"Married-civ-spouse","Craft-repair","Husband","White","Male",7298,0,40,"United-States",">50K"
59,"Federal-gov",31840,"HS-grad",9,"Married-civ-spouse","Craft-repair","Husband","White","Male",0,0,40,"United-States",">50K"
32,NA,143162,"10th",6,"Married-civ-spouse",NA,"Wife","White","Female",0,0,40,"United-States","<=50K"
51,NA,521665,"Some-college",10,"Married-civ-spouse",NA,"Husband","White","Male",0,0,24,"United-States","<=50K"
57,"Private",112840,"Masters",14,"Married-civ-spouse","Prof-specialty","Husband","White","Male",0,0,55,"United-States",">50K"
54,"Private",221915,"Prof-school",15,"Never-married","Prof-specialty","Other-relative","White","Female",0,0,65,"United-States","<=50K"
60,"Self-emp-not-inc",282660,"7th-8th",4,"Married-civ-spouse","Craft-repair","Husband","White","Male",0,0,40,"United-States","<=50K"
60,"Private",205934,"HS-grad",9,"Separated","Other-service","Not-in-family","White","Female",0,0,25,"United-States","<=50K"
58,"Self-emp-inc",329793,"Bachelors",13,"Married-civ-spouse","Exec-managerial","Husband","White","Male",0,0,45,"United-States",">50K"
22,NA,335453,"Some-college",10,"Never-married",NA,"Own-child","White","Female",0,0,16,"United-States","<=50K"
34,"Local-gov",117392,"Masters",14,"Never-married","Prof-specialty","Not-in-family","White","Female",0,0,40,"United-States","<=50K"
36,"Private",163396,"Assoc-voc",11,"Married-civ-spouse","Prof-specialty","Wife","White","Female",0,0,40,"United-States",">50K"
55,NA,52267,"Masters",14,"Married-civ-spouse",NA,"Husband","White","Male",0,0,18,"United-States","<=50K"
54,"Private",142169,"HS-grad",9,"Never-married","Handlers-cleaners","Own-child","White","Male",0,0,40,"United-States","<=50K"
50,"Self-emp-not-inc",334273,"Bachelors",13,"Married-civ-spouse","Sales","Husband","White","Male",0,0,8,"United-States","<=50K"
38,"Private",374524,"Bachelors",13,"Married-civ-spouse","Prof-specialty","Husband","White","Male",0,0,40,"United-States",">50K"
42,"Private",152568,"HS-grad",9,"Widowed","Sales","Unmarried","Amer-Indian-Eskimo","Female",0,0,40,"United-States","<=50K"
52,"Private",25826,"10th",6,"Married-civ-spouse","Craft-repair","Husband","White","Male",0,1887,47,"United-States",">50K"
34,"Self-emp-not-inc",288486,"11th",7,"Married-civ-spouse","Craft-repair","Husband","White","Male",0,0,40,"United-States","<=50K"
53,"Private",22418,"HS-grad",9,"Married-civ-spouse","Craft-repair","Husband","White","Male",0,0,40,"United-States","<=50K"
20,"Private",293297,"Some-college",10,"Never-married","Other-service","Own-child","White","Male",0,0,35,"United-States","<=50K"
49,"Private",129513,"Masters",14,"Married-civ-spouse","Sales","Husband","White","Male",0,0,45,"United-States","<=50K"
71,"Private",55965,"7th-8th",4,"Widowed","Transport-moving","Not-in-family","White","Male",0,0,10,"United-States","<=50K"
31,"Private",100997,"Some-college",10,"Married-civ-spouse","Prof-specialty","Husband","Amer-Indian-Eskimo","Male",0,0,40,"United-States","<=50K"
39,"Private",225504,"Masters",14,"Never-married","Prof-specialty","Not-in-family","White","Male",0,0,40,"United-States","<=50K"
20,"Self-emp-not-inc",132320,"HS-grad",9,"Never-married","Transport-moving","Own-child","White","Male",0,0,45,"United-States","<=50K"
56,"Private",76142,"HS-grad",9,"Divorced","Other-service","Unmarried","White","Female",0,0,40,"United-States","<=50K"
28,"Private",193158,"HS-grad",9,"Divorced","Sales","Own-child","White","Female",0,0,40,"United-States","<=50K"
49,"Private",149949,"HS-grad",9,"Divorced","Craft-repair","Not-in-family","White","Male",0,1876,40,"United-States","<=50K"
41,"Private",125831,"HS-grad",9,"Married-civ-spouse","Craft-repair","Husband","White","Male",0,2051,60,"United-States","<=50K"
33,"Private",194901,"Assoc-voc",11,"Separated","Craft-repair","Not-in-family","White","Male",0,2444,42,"United-States",">50K"
67,"Self-emp-not-inc",45814,"7th-8th",4,"Married-civ-spouse","Farming-fishing","Husband","White","Male",0,0,40,"United-States","<=50K"
37,"Private",171409,"Some-college",10,"Married-civ-spouse","Transport-moving","Husband","White","Male",0,0,40,"United-States",">50K"
27,"Self-emp-not-inc",65308,"HS-grad",9,"Married-civ-spouse","Farming-fishing","Husband","White","Male",0,0,50,"United-States","<=50K"
40,"Self-emp-not-inc",33068,"HS-grad",9,"Married-civ-spouse","Farming-fishing","Husband","White","Male",0,0,50,"United-States","<=50K"
31,"Private",128591,"9th",5,"Divorced","Transport-moving","Not-in-family","White","Male",0,0,40,"United-States","<=50K"
49,"Private",189498,"HS-grad",9,"Married-civ-spouse","Sales","Husband","White","Male",0,0,50,"United-States",">50K"
20,NA,124242,"Some-college",10,"Never-married",NA,"Own-child","White","Female",0,0,40,"United-States","<=50K"
36,"Private",193855,"HS-grad",9,"Married-civ-spouse","Craft-repair","Husband","White","Male",0,0,40,"United-States","<=50K"
35,"Private",100375,"10th",6,"Divorced","Craft-repair","Not-in-family","White","Male",0,0,60,"United-States","<=50K"
19,"Private",272800,"12th",8,"Never-married","Adm-clerical","Own-child","White","Female",0,0,25,"United-States","<=50K"
46,"Unknown",220269,"Some-college",10,"Married-civ-spouse","Tech-support","Husband","White","Male",0,0,40,"United-States",">50K"
41,"Self-emp-inc",64506,"HS-grad",9,"Married-civ-spouse","Farming-fishing","Husband","White","Male",0,0,50,"United-States","<=50K"
20,"Private",120601,"HS-grad",9,"Never-married","Transport-moving","Own-child","Black","Male",0,0,40,"United-States","<=50K"
27,"Private",381789,"12th",8,"Married-civ-spouse","Farming-fishing","Own-child","White","Male",0,0,55,"United-States","<=50K"
33,"Private",115496,"Doctorate",16,"Married-civ-spouse","Prof-specialty","Husband","White","Male",0,0,60,"United-States",">50K"
18,"Private",130652,"Some-college",10,"Never-married","Adm-clerical","Own-child","White","Female",0,0,25,"United-States","<=50K"
17,"Private",46496,"11th",7,"Never-married","Other-service","Own-child","White","Male",0,0,5,"United-States","<=50K"
21,"Private",188793,"HS-grad",9,"Married-civ-spouse","Sales","Husband","Other","Male",0,0,35,"United-States","<=50K"
25,"Self-emp-not-inc",159909,"Assoc-voc",11,"Married-civ-spouse","Farming-fishing","Husband","White","Male",0,0,40,"United-States","<=50K"
21,"Private",149809,"HS-grad",9,"Never-married","Farming-fishing","Own-child","White","Male",0,0,24,"United-States","<=50K"
44,"Private",223308,"Masters",14,"Separated","Sales","Unmarried","White","Female",0,0,48,"United-States","<=50K"
31,"Private",112115,"Some-college",10,"Married-civ-spouse","Sales","Husband","White","Male",0,0,40,"United-States","<=50K"
35,"Private",150217,"Bachelors",13,"Married-civ-spouse","Other-service","Wife","White","Female",0,0,24,"Poland","<=50K"
17,"Private",101626,"9th",5,"Never-married","Machine-op-inspct","Own-child","White","Male",0,0,20,"United-States","<=50K"
32,"Private",255885,"Bachelors",13,"Married-civ-spouse","Exec-managerial","Husband","White","Male",0,0,43,"United-States",">50K"
56,"Private",212864,"Bachelors",13,"Married-civ-spouse","Prof-specialty","Husband","White","Male",0,0,40,"United-States",">50K"
37,"Private",35330,"HS-grad",9,"Divorced","Craft-repair","Not-in-family","White","Male",0,1669,55,"United-States","<=50K"
44,"Self-emp-inc",229466,"Some-college",10,"Married-civ-spouse","Exec-managerial","Husband","White","Male",0,0,50,"United-States",">50K"
27,"Private",200733,"HS-grad",9,"Married-civ-spouse","Machine-op-inspct","Husband","White","Male",0,0,55,"United-States","<=50K"
65,NA,36039,"HS-grad",9,"Married-civ-spouse",NA,"Husband","White","Male",0,0,40,"United-States",">50K"
67,"Local-gov",342175,"Masters",14,"Divorced","Adm-clerical","Not-in-family","White","Female",2009,0,40,"United-States","<=50K"
24,"Private",230475,"HS-grad",9,"Married-civ-spouse","Craft-repair","Husband","White","Male",0,0,44,"United-States","<=50K"
41,"Self-emp-not-inc",196001,"HS-grad",9,"Married-civ-spouse","Other-service","Wife","White","Female",0,0,20,"United-States","<=50K"
54,"Private",172962,"HS-grad",9,"Married-civ-spouse","Sales","Husband","White","Male",0,0,40,"United-States","<=50K"
56,"Private",134286,"Some-college",10,"Married-civ-spouse","Exec-managerial","Husband","White","Male",0,0,45,"United-States","<=50K"
64,NA,205479,"Bachelors",13,"Married-civ-spouse",NA,"Husband","White","Male",0,0,50,"United-States",">50K"
38,"Private",22494,"Some-college",10,"Divorced","Adm-clerical","Not-in-family","White","Female",7443,0,40,"United-States","<=50K"
37,"Private",215419,"Assoc-acdm",12,"Married-civ-spouse","Other-service","Wife","White","Female",0,0,25,"United-States","<=50K"
38,"Self-emp-not-inc",109133,"Masters",14,"Married-civ-spouse","Exec-managerial","Husband","White","Male",0,0,70,"United-States",">50K"
57,"Private",20953,"Some-college",10,"Married-civ-spouse","Sales","Husband","White","Male",0,1902,40,"United-States",">50K"
38,"Private",31603,"Bachelors",13,"Married-civ-spouse","Craft-repair","Wife","White","Female",0,0,40,"United-States","<=50K"
34,"Private",89644,"Some-college",10,"Married-civ-spouse","Sales","Husband","White","Male",0,0,55,"United-States",">50K"
24,"Private",224716,"HS-grad",9,"Never-married","Craft-repair","Own-child","White","Male",0,0,40,"United-States","<=50K"
38,"Private",115336,"HS-grad",9,"Divorced","Other-service","Unmarried","White","Female",0,0,70,"United-States","<=50K"
26,"Private",476558,"7th-8th",4,"Never-married","Craft-repair","Not-in-family","White","Male",0,0,40,"Mexico","<=50K"
27,"Private",301654,"HS-grad",9,"Never-married","Exec-managerial","Own-child","White","Female",0,0,40,"United-States","<=50K"
41,"Private",119079,"HS-grad",9,"Married-civ-spouse","Sales","Husband","White","Male",0,0,49,"United-States",">50K"
39,"Private",339442,"HS-grad",9,"Separated","Machine-op-inspct","Not-in-family","Black","Male",2176,0,40,"United-States","<=50K"
30,"Private",252646,"Some-college",10,"Separated","Transport-moving","Not-in-family","White","Male",0,0,20,"United-States","<=50K"
55,"Private",197422,"HS-grad",9,"Married-civ-spouse","Transport-moving","Husband","White","Male",7688,0,40,"United-States",">50K"
27,"Private",74883,"Bachelors",13,"Never-married","Tech-support","Not-in-family","Asian-Pac-Islander","Female",0,0,40,"Philippines","<=50K"
31,"Self-emp-not-inc",181485,"Bachelors",13,"Never-married","Sales","Not-in-family","Black","Male",0,0,40,"United-States",">50K"
20,"Private",42706,"Some-college",10,"Never-married","Farming-fishing","Not-in-family","White","Male",0,0,72,"United-States","<=50K"
29,"State-gov",106972,"Masters",14,"Never-married","Prof-specialty","Not-in-family","White","Female",0,0,35,"United-States","<=50K"
41,"Private",132222,"Prof-school",15,"Married-civ-spouse","Prof-specialty","Husband","White","Male",0,2415,40,"United-States",">50K"
40,"Federal-gov",219266,"HS-grad",9,"Married-civ-spouse","Exec-managerial","Husband","White","Male",0,0,40,"United-States",">50K"
44,"State-gov",167265,"Masters",14,"Married-civ-spouse","Prof-specialty","Husband","White","Male",0,0,60,"United-States",">50K"
29,"Private",224858,"Some-college",10,"Married-civ-spouse","Prof-specialty","Husband","White","Male",0,0,45,"United-States","<=50K"
59,"State-gov",303176,"Some-college",10,"Married-civ-spouse","Exec-managerial","Husband","White","Male",0,2179,40,"United-States","<=50K"
73,"Local-gov",161027,"5th-6th",3,"Married-civ-spouse","Protective-serv","Husband","White","Male",0,0,20,"United-States","<=50K"
64,"Private",180247,"7th-8th",4,"Married-civ-spouse","Craft-repair","Husband","Black","Male",0,0,40,"United-States","<=50K"
59,"State-gov",268700,"HS-grad",9,"Married-civ-spouse","Other-service","Husband","White","Male",0,0,40,"United-States","<=50K"
56,"Self-emp-not-inc",67841,"HS-grad",9,"Married-civ-spouse","Sales","Husband","White","Male",0,0,40,"United-States","<=50K"
49,"Private",305657,"7th-8th",4,"Married-civ-spouse","Machine-op-inspct","Husband","White","Male",0,0,40,"United-States","<=50K"
24,"Private",184400,"HS-grad",9,"Never-married","Transport-moving","Own-child","Asian-Pac-Islander","Male",0,0,30,NA,"<=50K"
48,"Self-emp-not-inc",317360,"Bachelors",13,"Married-civ-spouse","Prof-specialty","Wife","White","Female",0,0,20,"United-States",">50K"
29,"Self-emp-not-inc",29616,"HS-grad",9,"Never-married","Farming-fishing","Own-child","White","Male",0,0,65,"United-States","<=50K"
37,"Private",140644,"HS-grad",9,"Married-civ-spouse","Sales","Husband","White","Male",0,0,50,"United-States",">50K"
58,"Self-emp-not-inc",193434,"HS-grad",9,"Married-civ-spouse","Craft-repair","Husband","White","Male",0,0,20,"United-States","<=50K"
43,"Private",320277,"Bachelors",13,"Married-civ-spouse","Exec-managerial","Husband","White","Male",0,0,40,"United-States","<=50K"
40,"Self-emp-inc",142444,"Bachelors",13,"Never-married","Prof-specialty","Not-in-family","White","Female",0,0,45,"United-States","<=50K"
50,"Local-gov",254148,"Some-college",10,"Married-civ-spouse","Farming-fishing","Husband","White","Male",0,0,40,"Mexico","<=50K"
37,"Private",349116,"HS-grad",9,"Never-married","Sales","Not-in-family","Black","Male",0,0,44,"United-States","<=50K"
19,"Private",517036,"HS-grad",9,"Divorced","Craft-repair","Not-in-family","White","Female",0,0,40,"El-Salvador","<=50K"
48,NA,151584,"Some-college",10,"Never-married",NA,"Not-in-family","White","Male",8614,0,60,"United-States",">50K"
26,"Local-gov",283217,"Some-college",10,"Never-married","Protective-serv","Own-child","White","Male",0,0,40,"United-States","<=50K"
21,"Private",57916,"7th-8th",4,"Never-married","Machine-op-inspct","Own-child","White","Male",0,0,40,"United-States","<=50K"
32,"Self-emp-not-inc",350624,"12th",8,"Married-civ-spouse","Craft-repair","Husband","White","Male",0,0,40,"United-States","<=50K"
41,"Private",86399,"Some-college",10,"Separated","Adm-clerical","Not-in-family","White","Female",0,0,38,"United-States","<=50K"
59,"Private",100453,"7th-8th",4,"Separated","Other-service","Own-child","Black","Female",0,0,38,"United-States","<=50K"
32,"Private",226267,"5th-6th",3,"Married-spouse-absent","Craft-repair","Other-relative","White","Male",0,0,40,"El-Salvador","<=50K"
63,"Private",30270,"7th-8th",4,"Married-civ-spouse","Sales","Husband","White","Male",0,0,40,"United-States","<=50K"
64,"Federal-gov",271550,"Some-college",10,"Married-civ-spouse","Transport-moving","Husband","White","Male",0,0,40,"United-States",">50K"
53,"Private",171924,"Bachelors",13,"Divorced","Prof-specialty","Not-in-family","White","Male",14344,0,55,"United-States",">50K"
23,"Private",214542,"Some-college",10,"Never-married","Farming-fishing","Own-child","White","Male",0,0,40,"United-States","<=50K"
40,"Private",114580,"HS-grad",9,"Divorced","Craft-repair","Other-relative","White","Female",0,0,40,"Vietnam","<=50K"
22,"Private",138542,"Some-college",10,"Married-civ-spouse","Handlers-cleaners","Husband","White","Male",0,0,35,"United-States","<=50K"
42,"Private",126701,"Bachelors",13,"Divorced","Adm-clerical","Unmarried","White","Male",9562,0,45,"United-States",">50K"
19,"Private",376240,"HS-grad",9,"Never-married","Machine-op-inspct","Own-child","White","Male",0,0,42,"United-States","<=50K"
26,"Private",193165,"Some-college",10,"Married-civ-spouse","Transport-moving","Husband","White","Male",0,0,52,"United-States",">50K"
48,"Private",344415,"Bachelors",13,"Married-spouse-absent","Prof-specialty","Not-in-family","White","Male",0,0,37,"United-States",">50K"
43,"Local-gov",598995,"Bachelors",13,"Divorced","Prof-specialty","Unmarried","Black","Female",0,0,42,"United-States","<=50K"
21,"Private",161415,"Some-college",10,"Never-married","Craft-repair","Not-in-family","White","Male",0,0,50,"United-States","<=50K"
29,"Private",128604,"HS-grad",9,"Married-civ-spouse","Craft-repair","Husband","Asian-Pac-Islander","Male",0,0,40,"United-States","<=50K"
65,"Private",105252,"HS-grad",9,"Married-civ-spouse","Tech-support","Husband","White","Male",0,0,40,"United-States",">50K"
46,"Private",422813,"Some-college",10,"Married-civ-spouse","Adm-clerical","Husband","White","Male",0,0,40,"United-States",">50K"
24,"Private",173736,"Assoc-voc",11,"Never-married","Craft-repair","Not-in-family","White","Male",0,0,55,"United-States","<=50K"
39,"Private",286789,"Doctorate",16,"Married-civ-spouse","Exec-managerial","Husband","White","Male",0,0,45,"United-States",">50K"
30,"Private",297155,"Some-college",10,"Divorced","Adm-clerical","Unmarried","Black","Female",0,0,40,"United-States","<=50K"
55,"Private",202220,"HS-grad",9,"Married-civ-spouse","Other-service","Wife","Black","Female",2407,0,35,"United-States","<=50K"
17,"Private",57324,"10th",6,"Never-married","Other-service","Own-child","White","Male",0,0,30,"United-States","<=50K"
27,"State-gov",271328,"Bachelors",13,"Never-married","Prof-specialty","Not-in-family","White","Male",0,0,60,"United-States","<=50K"
36,NA,28160,"HS-grad",9,"Divorced",NA,"Not-in-family","White","Female",0,0,40,"United-States","<=50K"
38,"Private",168407,"Some-college",10,"Divorced","Adm-clerical","Unmarried","White","Female",5721,0,44,"United-States","<=50K"
27,"Private",199172,"Bachelors",13,"Never-married","Protective-serv","Own-child","White","Female",0,0,40,"United-States","<=50K"
46,"Self-emp-not-inc",328216,"Prof-school",15,"Married-civ-spouse","Prof-specialty","Husband","White","Male",0,0,45,"United-States",">50K"
24,"Private",142022,"Some-college",10,"Never-married","Handlers-cleaners","Own-child","White","Male",0,0,50,"United-States","<=50K"
36,"Private",180859,"Assoc-voc",11,"Married-civ-spouse","Handlers-cleaners","Husband","White","Male",0,0,38,"United-States","<=50K"
48,"Self-emp-not-inc",218835,"Masters",14,"Married-civ-spouse","Sales","Husband","White","Male",0,0,50,"England","<=50K"
59,"Private",196482,"HS-grad",9,"Widowed","Adm-clerical","Unmarried","White","Female",0,0,40,"United-States","<=50K"
32,"Private",27051,"Bachelors",13,"Married-civ-spouse","Adm-clerical","Husband","White","Male",0,0,44,"United-States","<=50K"
32,"Private",316470,"5th-6th",3,"Married-civ-spouse","Craft-repair","Husband","White","Male",0,0,60,"Mexico","<=50K"
75,"Self-emp-not-inc",213349,"HS-grad",9,"Married-civ-spouse","Farming-fishing","Husband","White","Male",0,0,20,"United-States","<=50K"
44,"Federal-gov",344060,"Prof-school",15,"Married-civ-spouse","Prof-specialty","Husband","White","Male",0,0,40,"United-States",">50K"
22,NA,210802,"Some-college",10,"Never-married",NA,"Not-in-family","Black","Female",0,0,35,"United-States","<=50K"
45,"Private",194698,"Some-college",10,"Married-civ-spouse","Craft-repair","Husband","White","Male",0,0,40,"United-States",">50K"
26,"Federal-gov",171928,"Assoc-voc",11,"Never-married","Craft-repair","Own-child","White","Male",0,0,50,"Japan","<=50K"
59,NA,87247,"10th",6,"Divorced",NA,"Not-in-family","White","Female",0,0,40,"England","<=50K"
35,NA,200426,"HS-grad",9,"Married-civ-spouse",NA,"Wife","White","Female",0,0,12,"United-States","<=50K"
34,"Private",197886,"Bachelors",13,"Married-civ-spouse","Sales","Husband","White","Male",0,0,60,"United-States",">50K"
38,"Private",223433,"HS-grad",9,"Never-married","Machine-op-inspct","Not-in-family","White","Male",0,0,40,"United-States","<=50K"
30,"Self-emp-not-inc",229741,"HS-grad",9,"Married-civ-spouse","Craft-repair","Husband","White","Male",0,0,40,"United-States","<=50K"
35,"Private",136343,"HS-grad",9,"Never-married","Sales","Not-in-family","White","Male",0,0,40,"United-States","<=50K"
27,"Private",394927,"Bachelors",13,"Married-civ-spouse","Sales","Husband","White","Male",0,0,55,"United-States","<=50K"
54,"Private",285854,"HS-grad",9,"Married-civ-spouse","Transport-moving","Husband","White","Male",0,0,40,"United-States",">50K"
56,"Private",184553,"10th",6,"Divorced","Craft-repair","Not-in-family","White","Male",0,0,56,"United-States","<=50K"
75,"Self-emp-not-inc",36325,"HS-grad",9,"Married-civ-spouse","Farming-fishing","Husband","White","Male",0,0,30,"United-States","<=50K"
45,"Federal-gov",222011,"Bachelors",13,"Married-civ-spouse","Handlers-cleaners","Husband","White","Male",0,0,40,"United-States","<=50K"
33,"Private",206280,"HS-grad",9,"Never-married","Adm-clerical","Not-in-family","Black","Male",0,0,40,"United-States","<=50K"
62,"Private",160143,"Prof-school",15,"Married-civ-spouse","Prof-specialty","Husband","White","Male",0,0,30,"United-States",">50K"
28,"Private",50814,"HS-grad",9,"Never-married","Adm-clerical","Not-in-family","White","Female",0,0,40,"United-States","<=50K"
34,"Private",48014,"Bachelors",13,"Separated","Exec-managerial","Not-in-family","White","Female",0,0,35,"United-States","<=50K"
63,"Private",37792,"10th",6,"Widowed","Other-service","Not-in-family","White","Female",0,0,31,"United-States","<=50K"
27,"Private",335421,"Masters",14,"Never-married","Exec-managerial","Own-child","White","Female",0,0,40,"United-States","<=50K"
26,"Private",151626,"Bachelors",13,"Never-married","Prof-specialty","Not-in-family","Black","Female",0,0,45,"United-States","<=50K"
27,"Private",240172,"Bachelors",13,"Married-spouse-absent","Adm-clerical","Not-in-family","White","Male",0,0,40,"United-States","<=50K"
50,"Private",200960,"Some-college",10,"Married-civ-spouse","Sales","Husband","White","Male",0,0,50,"United-States","<=50K"
59,"Private",43221,"9th",5,"Married-civ-spouse","Transport-moving","Husband","White","Male",0,0,60,"United-States",">50K"
52,"Local-gov",278522,"Some-college",10,"Married-civ-spouse","Transport-moving","Husband","Black","Male",0,0,40,"United-States","<=50K"
31,"Local-gov",158092,"Some-college",10,"Never-married","Adm-clerical","Own-child","White","Female",0,0,35,"United-States","<=50K"
32,"Private",440129,"Some-college",10,"Married-civ-spouse","Handlers-cleaners","Husband","White","Male",0,0,38,"Mexico","<=50K"
22,"State-gov",477505,"Assoc-acdm",12,"Never-married","Adm-clerical","Not-in-family","White","Male",0,0,40,"United-States","<=50K"
72,NA,108796,"Prof-school",15,"Married-civ-spouse",NA,"Husband","White","Male",0,0,40,"United-States",">50K"
20,"Private",190429,"Some-college",10,"Never-married","Other-service","Not-in-family","White","Female",0,0,40,"United-States","<=50K"
69,"Self-emp-not-inc",107548,"9th",5,"Married-civ-spouse","Adm-clerical","Husband","White","Male",0,0,40,"United-States","<=50K"
55,"State-gov",120781,"Doctorate",16,"Married-civ-spouse","Prof-specialty","Husband","Asian-Pac-Islander","Male",0,0,40,"India",">50K"
38,"Local-gov",193026,"HS-grad",9,"Married-civ-spouse","Craft-repair","Husband","White","Male",0,0,50,"United-States",">50K"
34,"Private",143083,"Assoc-voc",11,"Married-civ-spouse","Adm-clerical","Wife","White","Female",0,0,18,"United-States","<=50K"
37,"Private",176293,"Some-college",10,"Married-spouse-absent","Prof-specialty","Not-in-family","White","Female",0,0,30,"United-States","<=50K"
27,"Self-emp-not-inc",357283,"HS-grad",9,"Never-married","Sales","Not-in-family","Black","Male",0,0,40,"United-States","<=50K"
36,"Private",306646,"Bachelors",13,"Married-civ-spouse","Exec-managerial","Husband","White","Male",0,0,55,"United-States",">50K"
17,"Private",72321,"11th",7,"Never-married","Other-service","Other-relative","White","Female",0,0,12,"United-States","<=50K"
39,"Private",30916,"HS-grad",9,"Married-civ-spouse","Craft-repair","Husband","White","Male",0,0,40,"United-States","<=50K"
48,"Private",224870,"HS-grad",9,"Divorced","Machine-op-inspct","Other-relative","Other","Female",0,0,38,"Ecuador","<=50K"
25,"Private",144478,"Some-college",10,"Never-married","Other-service","Own-child","White","Male",0,0,40,"Poland","<=50K"
49,"Private",175958,"Some-college",10,"Married-civ-spouse","Sales","Husband","White","Male",0,0,80,"United-States",">50K"
35,"Private",189240,"Some-college",10,"Divorced","Other-service","Unmarried","Black","Female",0,0,40,"United-States","<=50K"
17,"Private",73338,"11th",7,"Never-married","Sales","Own-child","White","Male",0,0,20,"United-States","<=50K"
59,"Private",106748,"7th-8th",4,"Married-civ-spouse","Other-service","Wife","White","Female",0,0,99,"United-States","<=50K"
53,"Private",68898,"Some-college",10,"Married-civ-spouse","Tech-support","Husband","White","Male",0,0,40,"United-States","<=50K"
36,"Private",192704,"12th",8,"Never-married","Exec-managerial","Not-in-family","White","Male",4650,0,50,"United-States","<=50K"
51,NA,146325,"HS-grad",9,"Married-civ-spouse",NA,"Husband","White","Male",0,0,28,"United-States","<=50K"
58,"State-gov",200316,"HS-grad",9,"Married-civ-spouse","Craft-repair","Husband","White","Male",0,0,40,"United-States","<=50K"
42,"Private",197583,"Assoc-acdm",12,"Married-civ-spouse","Exec-managerial","Husband","Black","Male",0,0,40,NA,">50K"
48,"Private",315423,"5th-6th",3,"Married-civ-spouse","Transport-moving","Husband","White","Male",0,0,40,"United-States","<=50K"
64,"State-gov",264544,"Masters",14,"Married-civ-spouse","Prof-specialty","Wife","White","Female",0,0,5,"United-States",">50K"
35,NA,117528,"Assoc-voc",11,"Married-civ-spouse",NA,"Wife","White","Female",0,0,40,"United-States",">50K"
19,"Private",93518,"Some-college",10,"Never-married","Sales","Own-child","White","Female",0,0,20,"United-States","<=50K"
30,"Private",275232,"Assoc-acdm",12,"Never-married","Prof-specialty","Unmarried","Black","Female",0,0,36,"United-States","<=50K"
68,"Private",50351,"Masters",14,"Never-married","Adm-clerical","Not-in-family","White","Female",6360,0,20,"United-States","<=50K"
29,"Private",1268339,"HS-grad",9,"Married-spouse-absent","Tech-support","Own-child","Black","Male",0,0,40,"United-States","<=50K"
28,"Private",452808,"10th",6,"Never-married","Handlers-cleaners","Not-in-family","White","Male",0,0,40,"United-States","<=50K"
55,NA,208640,"HS-grad",9,"Married-civ-spouse",NA,"Husband","White","Male",0,0,30,"United-States",">50K"
52,NA,248113,"Preschool",1,"Married-spouse-absent",NA,"Other-relative","White","Male",0,0,40,"Mexico","<=50K"
20,"Private",183594,"Some-college",10,"Never-married","Handlers-cleaners","Own-child","White","Male",0,0,50,"United-States","<=50K"
42,"Self-emp-not-inc",308279,"Bachelors",13,"Married-civ-spouse","Prof-specialty","Husband","White","Male",0,0,21,"United-States","<=50K"
35,"Private",86648,"Masters",14,"Married-civ-spouse","Prof-specialty","Husband","White","Male",0,1977,45,"United-States",">50K"
26,"Private",192652,"Bachelors",13,"Never-married","Other-service","Own-child","White","Male",0,0,40,"United-States","<=50K"
40,"Private",176602,"HS-grad",9,"Divorced","Other-service","Not-in-family","Black","Male",0,0,40,"United-States","<=50K"
59,"Local-gov",147707,"HS-grad",9,"Widowed","Farming-fishing","Unmarried","White","Male",0,2339,40,"United-States","<=50K"
60,"Private",367695,"Assoc-acdm",12,"Married-civ-spouse","Adm-clerical","Husband","White","Male",0,0,40,"United-States",">50K"
41,"Self-emp-not-inc",443508,"HS-grad",9,"Married-civ-spouse","Exec-managerial","Husband","White","Male",0,0,50,"United-States","<=50K"
44,"Self-emp-not-inc",127482,"HS-grad",9,"Married-civ-spouse","Craft-repair","Husband","White","Male",7298,0,50,"England",">50K"
58,"Self-emp-not-inc",93664,"HS-grad",9,"Married-civ-spouse","Exec-managerial","Husband","White","Male",15024,0,60,"United-States",">50K"
63,"Self-emp-not-inc",147140,"7th-8th",4,"Married-civ-spouse","Farming-fishing","Husband","White","Male",0,0,60,"United-States",">50K"
36,"Private",416745,"Assoc-acdm",12,"Divorced","Exec-managerial","Not-in-family","White","Male",0,0,48,"United-States","<=50K"
39,"Self-emp-not-inc",231180,"HS-grad",9,"Married-civ-spouse","Other-service","Husband","White","Male",0,0,50,"United-States","<=50K"
27,"Private",300783,"Some-college",10,"Married-civ-spouse","Sales","Wife","White","Female",0,0,42,"United-States",">50K"
31,"Private",191834,"HS-grad",9,"Divorced","Machine-op-inspct","Other-relative","White","Male",0,0,40,"United-States","<=50K"
27,"Private",204497,"10th",6,"Divorced","Transport-moving","Not-in-family","Amer-Indian-Eskimo","Male",0,0,75,"United-States","<=50K"
76,"Private",199949,"9th",5,"Married-civ-spouse","Protective-serv","Husband","White","Male",0,0,13,"United-States","<=50K"
20,"Private",221095,"HS-grad",9,"Never-married","Craft-repair","Other-relative","Black","Male",0,0,40,"United-States","<=50K"
46,"Private",28334,"HS-grad",9,"Married-civ-spouse","Transport-moving","Husband","White","Male",0,0,40,"United-States","<=50K"
20,"Private",174714,"HS-grad",9,"Never-married","Handlers-cleaners","Own-child","White","Male",0,0,40,"United-States","<=50K"
35,"Private",144608,"HS-grad",9,"Married-civ-spouse","Machine-op-inspct","Husband","White","Male",0,0,40,"United-States","<=50K"
52,"Private",138497,"Bachelors",13,"Married-civ-spouse","Sales","Husband","White","Male",0,0,45,"United-States",">50K"
22,"Private",208946,"Some-college",10,"Never-married","Adm-clerical","Own-child","White","Male",0,0,25,"United-States","<=50K"
23,"Private",192812,"Bachelors",13,"Never-married","Tech-support","Own-child","White","Female",0,0,40,"United-States","<=50K"
19,"Private",365640,"HS-grad",9,"Never-married","Priv-house-serv","Not-in-family","White","Female",0,0,45,NA,"<=50K"
17,"Private",151799,"11th",7,"Never-married","Other-service","Own-child","White","Female",0,0,20,"United-States","<=50K"
29,"Private",118230,"HS-grad",9,"Never-married","Sales","Not-in-family","White","Female",0,0,35,"United-States","<=50K"
59,"Private",206487,"Some-college",10,"Married-civ-spouse","Craft-repair","Husband","White","Male",0,0,40,"United-States",">50K"
44,"Self-emp-not-inc",38876,"HS-grad",9,"Married-civ-spouse","Farming-fishing","Husband","White","Male",0,0,40,"United-States","<=50K"
45,"Self-emp-not-inc",210364,"HS-grad",9,"Married-civ-spouse","Sales","Husband","White","Male",15024,0,80,"United-States",">50K"
39,"Private",238008,"HS-grad",9,"Widowed","Adm-clerical","Own-child","White","Female",0,0,40,"United-States","<=50K"
20,"State-gov",126822,"Some-college",10,"Never-married","Prof-specialty","Own-child","White","Female",0,0,15,"United-States","<=50K"
37,"Local-gov",105266,"Some-college",10,"Married-civ-spouse","Transport-moving","Husband","White","Male",0,0,40,"United-States","<=50K"
39,"Private",230329,"Bachelors",13,"Married-civ-spouse","Sales","Husband","White","Male",0,0,40,"Canada",">50K"
20,"Private",49179,"Some-college",10,"Never-married","Prof-specialty","Not-in-family","White","Male",0,0,35,"United-States","<=50K"
58,"Private",186385,"Doctorate",16,"Never-married","Prof-specialty","Not-in-family","White","Male",0,0,8,"United-States","<=50K"
43,"Private",62857,"Some-college",10,"Married-civ-spouse","Craft-repair","Husband","White","Male",0,0,60,"United-States","<=50K"
31,"Local-gov",149184,"Bachelors",13,"Married-civ-spouse","Protective-serv","Husband","White","Male",0,0,97,"United-States",">50K"
41,"Private",188615,"Some-college",10,"Married-civ-spouse","Craft-repair","Husband","White","Male",0,0,40,"United-States",">50K"
45,"Private",72896,"HS-grad",9,"Never-married","Machine-op-inspct","Not-in-family","White","Male",0,0,40,"United-States","<=50K"
23,"Self-emp-not-inc",216129,"Assoc-acdm",12,"Never-married","Craft-repair","Not-in-family","White","Male",0,0,30,"United-States","<=50K"
63,NA,401531,"1st-4th",2,"Married-civ-spouse",NA,"Husband","White","Male",0,0,35,"United-States","<=50K"
29,"Private",29361,"HS-grad",9,"Never-married","Other-service","Not-in-family","White","Female",0,0,38,"United-States","<=50K"
38,"State-gov",31352,"Some-college",10,"Divorced","Protective-serv","Unmarried","Amer-Indian-Eskimo","Female",0,0,40,"United-States",">50K"
29,"Private",663394,"HS-grad",9,"Married-civ-spouse","Farming-fishing","Husband","Black","Male",0,0,40,"United-States","<=50K"
47,"Private",188330,"HS-grad",9,"Married-civ-spouse","Transport-moving","Husband","White","Male",0,0,25,"United-States","<=50K"
25,"Private",221757,"HS-grad",9,"Divorced","Craft-repair","Not-in-family","White","Male",3325,0,45,"United-States","<=50K"
29,"Private",151476,"Some-college",10,"Separated","Sales","Not-in-family","White","Female",0,0,40,"United-States","<=50K"
20,"Private",88126,"Some-college",10,"Never-married","Adm-clerical","Own-child","White","Male",0,0,9,"England","<=50K"
31,"Private",113364,"HS-grad",9,"Married-civ-spouse","Craft-repair","Husband","White","Male",0,0,40,"United-States",">50K"
17,"Private",93235,"12th",8,"Never-married","Other-service","Own-child","White","Female",0,1721,25,"United-States","<=50K"
19,"Private",159796,"Some-college",10,"Never-married","Other-service","Own-child","White","Female",0,0,12,"United-States","<=50K"
18,"Private",217743,"11th",7,"Never-married","Sales","Own-child","White","Female",0,0,40,"United-States","<=50K"
37,"Self-emp-not-inc",301568,"HS-grad",9,"Married-civ-spouse","Prof-specialty","Wife","White","Female",0,0,35,"United-States",">50K"
38,"State-gov",364958,"HS-grad",9,"Married-civ-spouse","Adm-clerical","Husband","White","Male",3464,0,40,"United-States","<=50K"
59,"Private",186385,"10th",6,"Married-civ-spouse","Machine-op-inspct","Husband","White","Male",0,0,40,"United-States","<=50K"
31,"Private",703107,"HS-grad",9,"Never-married","Machine-op-inspct","Not-in-family","Black","Male",0,0,40,"United-States","<=50K"
51,"Private",155408,"HS-grad",9,"Married-spouse-absent","Sales","Not-in-family","Black","Female",0,0,38,"United-States","<=50K"
18,"Private",157273,"10th",6,"Never-married","Other-service","Other-relative","Black","Male",0,0,15,"United-States","<=50K"
29,NA,256211,"1st-4th",2,"Never-married",NA,"Own-child","Asian-Pac-Islander","Male",0,0,40,"Philippines","<=50K"
20,"Private",117476,"Some-college",10,"Married-civ-spouse","Craft-repair","Husband","White","Male",0,0,40,"United-States","<=50K"
56,"Self-emp-not-inc",115422,"HS-grad",9,"Married-civ-spouse","Farming-fishing","Husband","White","Male",0,0,40,"United-States","<=50K"
41,"Private",168071,"Bachelors",13,"Married-civ-spouse","Exec-managerial","Husband","White","Male",7298,0,50,"United-States",">50K"
19,"Private",216937,"HS-grad",9,"Never-married","Handlers-cleaners","Other-relative","Other","Female",0,0,60,"Guatemala","<=50K"
40,"Private",283724,"9th",5,"Never-married","Craft-repair","Other-relative","Black","Male",0,0,49,"United-States","<=50K"
32,"Private",107417,"HS-grad",9,"Never-married","Other-service","Not-in-family","White","Male",0,0,37,"United-States","<=50K"
40,"Private",236021,"Some-college",10,"Married-civ-spouse","Transport-moving","Husband","White","Male",0,0,40,"United-States","<=50K"
29,"State-gov",201556,"Bachelors",13,"Never-married","Prof-specialty","Not-in-family","White","Male",0,0,50,"United-States","<=50K"
42,"Self-emp-not-inc",64632,"HS-grad",9,"Married-civ-spouse","Exec-managerial","Husband","White","Male",0,0,50,"United-States","<=50K"
34,"Private",195488,"HS-grad",9,"Separated","Adm-clerical","Own-child","White","Female",0,0,40,"United-States","<=50K"
51,"Private",177669,"Some-college",10,"Married-civ-spouse","Sales","Husband","White","Male",0,0,60,"United-States","<=50K"
57,"Private",133126,"Some-college",10,"Never-married","Craft-repair","Not-in-family","Black","Female",0,0,40,"United-States","<=50K"
47,"Private",168283,"Bachelors",13,"Married-civ-spouse","Prof-specialty","Husband","White","Male",0,0,40,"United-States",">50K"
50,"Private",150941,"HS-grad",9,"Divorced","Machine-op-inspct","Unmarried","Black","Female",0,0,44,"United-States","<=50K"
53,"Private",242859,"Some-college",10,"Separated","Adm-clerical","Own-child","White","Male",0,0,40,"Cuba","<=50K"
24,"Private",155818,"Some-college",10,"Never-married","Sales","Own-child","White","Female",0,0,40,"United-States","<=50K"
29,"Private",176760,"Prof-school",15,"Never-married","Prof-specialty","Not-in-family","Asian-Pac-Islander","Male",0,0,55,"United-States","<=50K"
41,"Self-emp-not-inc",200574,"Prof-school",15,"Married-civ-spouse","Prof-specialty","Husband","White","Male",0,1977,60,"United-States",">50K"
46,"Private",199316,"Some-college",10,"Married-civ-spouse","Craft-repair","Other-relative","Asian-Pac-Islander","Male",0,0,40,"India","<=50K"
38,"Private",207202,"HS-grad",9,"Married-civ-spouse","Machine-op-inspct","Husband","White","Male",0,0,48,"United-States",">50K"
46,"Private",375606,"Doctorate",16,"Never-married","Prof-specialty","Not-in-family","White","Male",0,0,40,"United-States",">50K"
69,"Private",130413,"Bachelors",13,"Widowed","Exec-managerial","Not-in-family","White","Female",2346,0,15,"United-States","<=50K"
37,"Private",164320,"HS-grad",9,"Never-married","Transport-moving","Own-child","White","Male",0,0,40,"United-States","<=50K"
79,"Self-emp-inc",309272,"HS-grad",9,"Married-civ-spouse","Exec-managerial","Husband","White","Male",0,0,40,"United-States",">50K"
17,"Private",218124,"11th",7,"Never-married","Sales","Own-child","White","Female",0,0,20,"United-States","<=50K"
34,"Private",265807,"Some-college",10,"Separated","Craft-repair","Not-in-family","White","Male",0,0,45,"United-States","<=50K"
25,"Private",267431,"Bachelors",13,"Never-married","Prof-specialty","Own-child","Black","Female",0,0,55,"United-States","<=50K"
46,"State-gov",193047,"Bachelors",13,"Married-civ-spouse","Prof-specialty","Husband","White","Male",0,0,37,"United-States","<=50K"
44,"Self-emp-not-inc",172479,"HS-grad",9,"Married-civ-spouse","Farming-fishing","Husband","White","Male",15024,0,60,"United-States",">50K"
21,"Private",198259,"Some-college",10,"Never-married","Adm-clerical","Own-child","White","Female",0,0,15,"United-States","<=50K"
21,"Private",197583,"Some-college",10,"Never-married","Adm-clerical","Own-child","White","Female",0,0,20,"United-States","<=50K"
59,NA,254765,"Some-college",10,"Married-civ-spouse",NA,"Husband","White","Male",0,0,40,"United-States",">50K"
32,"Private",228265,"HS-grad",9,"Never-married","Handlers-cleaners","Own-child","White","Female",0,0,30,"United-States","<=50K"
23,NA,281668,"10th",6,"Never-married",NA,"Own-child","Black","Female",0,0,40,"United-States","<=50K"
23,"State-gov",298871,"Some-college",10,"Married-civ-spouse","Adm-clerical","Husband","Asian-Pac-Islander","Male",0,0,40,"Vietnam","<=50K"
19,"Private",286469,"Some-college",10,"Never-married","Sales","Own-child","White","Female",0,0,30,"United-States","<=50K"
42,"Self-emp-not-inc",201522,"Bachelors",13,"Married-civ-spouse","Sales","Husband","White","Male",0,0,60,"United-States","<=50K"
44,"Private",187720,"Assoc-voc",11,"Never-married","Craft-repair","Unmarried","White","Male",0,0,40,"United-States","<=50K"
23,"Self-emp-not-inc",282604,"11th",7,"Married-civ-spouse","Transport-moving","Husband","White","Male",7688,0,60,"United-States",">50K"
47,"Self-emp-inc",120131,"Bachelors",13,"Married-civ-spouse","Exec-managerial","Husband","White","Male",0,0,50,"Cuba",">50K"
49,"Private",143482,"HS-grad",9,"Divorced","Other-service","Unmarried","White","Female",0,0,40,"United-States","<=50K"
20,NA,235442,"Some-college",10,"Never-married",NA,"Own-child","White","Male",0,0,35,"United-States","<=50K"
25,"Private",367306,"Some-college",10,"Never-married","Tech-support","Own-child","White","Female",0,0,40,"United-States","<=50K"
52,"Private",202071,"HS-grad",9,"Widowed","Craft-repair","Own-child","White","Female",0,0,40,"United-States","<=50K"
60,"Private",188236,"10th",6,"Widowed","Tech-support","Unmarried","White","Female",0,0,40,"United-States","<=50K"
35,"State-gov",172327,"Bachelors",13,"Separated","Exec-managerial","Not-in-family","White","Male",0,0,42,"United-States","<=50K"
70,"Private",195739,"10th",6,"Widowed","Craft-repair","Unmarried","White","Male",0,0,45,"United-States","<=50K"
32,"Self-emp-not-inc",33417,"Some-college",10,"Married-civ-spouse","Craft-repair","Husband","White","Male",0,0,50,"United-States","<=50K"
32,"Private",153963,"HS-grad",9,"Divorced","Other-service","Unmarried","White","Female",0,0,35,"United-States","<=50K"
39,"Private",185520,"Some-college",10,"Divorced","Exec-managerial","Not-in-family","White","Female",8614,0,40,"United-States",">50K"
32,"Private",194740,"Bachelors",13,"Married-civ-spouse","Sales","Husband","White","Male",0,1902,40,"United-States",">50K"
32,"Private",222548,"HS-grad",9,"Divorced","Adm-clerical","Own-child","White","Female",0,0,40,"United-States","<=50K"
38,"Private",106838,"HS-grad",9,"Married-civ-spouse","Transport-moving","Husband","White","Male",0,0,40,"United-States","<=50K"
42,"Private",280167,"Masters",14,"Married-civ-spouse","Prof-specialty","Husband","White","Male",0,0,40,"United-States",">50K"
24,"Private",177526,"Assoc-voc",11,"Never-married","Craft-repair","Own-child","White","Male",0,0,40,"United-States","<=50K"
46,"Private",155664,"Some-college",10,"Never-married","Handlers-cleaners","Not-in-family","White","Male",0,0,40,"United-States","<=50K"
27,NA,188711,"Some-college",10,"Divorced",NA,"Not-in-family","White","Male",0,0,30,"United-States","<=50K"
39,"Private",211440,"Bachelors",13,"Married-civ-spouse","Sales","Husband","White","Male",0,0,50,"United-States",">50K"
42,"Private",319588,"Bachelors",13,"Married-spouse-absent","Transport-moving","Not-in-family","White","Male",0,0,60,"United-States","<=50K"
36,"Private",296999,"Some-college",10,"Divorced","Craft-repair","Not-in-family","White","Female",0,0,37,"United-States","<=50K"
50,"Self-emp-not-inc",156951,"Assoc-acdm",12,"Married-civ-spouse","Machine-op-inspct","Husband","White","Male",3103,0,40,"United-States",">50K"
48,"Self-emp-inc",369522,"Bachelors",13,"Married-civ-spouse","Exec-managerial","Wife","White","Female",0,0,25,"United-States",">50K"
35,"Self-emp-not-inc",98360,"Bachelors",13,"Married-civ-spouse","Prof-specialty","Husband","White","Male",0,0,40,"United-States","<=50K"
51,"Private",126010,"HS-grad",9,"Married-civ-spouse","Craft-repair","Husband","White","Male",0,0,40,"United-States","<=50K"
50,"Private",213296,"Some-college",10,"Married-civ-spouse","Craft-repair","Husband","White","Male",0,0,48,"United-States",">50K"
32,"Private",157287,"Bachelors",13,"Married-civ-spouse","Sales","Husband","White","Male",0,0,40,"United-States","<=50K"
59,"Private",333270,"Masters",14,"Married-civ-spouse","Craft-repair","Wife","Asian-Pac-Islander","Female",0,0,35,"Philippines","<=50K"
38,"Private",183279,"Some-college",10,"Married-civ-spouse","Exec-managerial","Husband","White","Male",0,0,44,"United-States",">50K"
39,"Self-emp-inc",131288,"Assoc-acdm",12,"Married-civ-spouse","Sales","Husband","White","Male",5178,0,48,"United-States",">50K"
21,NA,300812,"Some-college",10,"Never-married",NA,"Own-child","White","Male",0,0,30,"United-States","<=50K"
53,"Federal-gov",177212,"Some-college",10,"Never-married","Prof-specialty","Unmarried","White","Female",0,0,40,"United-States","<=50K"
38,"Private",156728,"Bachelors",13,"Married-civ-spouse","Sales","Husband","White","Male",0,0,40,"United-States",">50K"
18,"Private",183824,"12th",8,"Never-married","Other-service","Own-child","White","Male",0,0,30,"United-States","<=50K"
29,"Private",200381,"11th",7,"Never-married","Exec-managerial","Not-in-family","White","Female",0,0,40,"United-States","<=50K"
47,"State-gov",30575,"Some-college",10,"Married-civ-spouse","Prof-specialty","Husband","White","Male",0,0,50,"United-States","<=50K"
40,"Private",342164,"HS-grad",9,"Separated","Adm-clerical","Unmarried","White","Female",0,0,37,"United-States","<=50K"
30,"Private",370183,"HS-grad",9,"Married-civ-spouse","Tech-support","Husband","White","Male",0,0,40,"United-States","<=50K"
18,"Private",129010,"12th",8,"Never-married","Craft-repair","Own-child","White","Male",0,0,10,"United-States","<=50K"
63,"Private",134699,"HS-grad",9,"Widowed","Prof-specialty","Not-in-family","White","Female",0,0,25,"United-States","<=50K"
19,"Private",198663,"HS-grad",9,"Never-married","Tech-support","Own-child","White","Male",0,0,40,"United-States","<=50K"
27,"Private",106758,"HS-grad",9,"Divorced","Adm-clerical","Unmarried","White","Female",0,0,45,"United-States","<=50K"
30,"Private",53158,"Assoc-acdm",12,"Never-married","Tech-support","Not-in-family","White","Female",0,0,40,"United-States","<=50K"
36,"Private",172129,"9th",5,"Married-civ-spouse","Handlers-cleaners","Husband","White","Male",0,0,40,"United-States","<=50K"
50,"Local-gov",30682,"Masters",14,"Married-civ-spouse","Prof-specialty","Husband","White","Male",0,0,50,"United-States","<=50K"
23,NA,296613,"Some-college",10,"Never-married",NA,"Own-child","White","Female",0,0,32,"United-States","<=50K"
30,"Local-gov",154950,"Bachelors",13,"Married-civ-spouse","Protective-serv","Husband","White","Male",0,0,72,"United-States",">50K"
40,"Private",187702,"Bachelors",13,"Never-married","Tech-support","Not-in-family","White","Male",0,0,40,"United-States","<=50K"
51,"Private",153486,"HS-grad",9,"Married-civ-spouse","Machine-op-inspct","Husband","White","Male",0,0,45,"United-States",">50K"
33,"Private",221324,"HS-grad",9,"Never-married","Machine-op-inspct","Unmarried","Black","Female",0,0,40,"United-States","<=50K"
24,"Private",438839,"Bachelors",13,"Never-married","Sales","Not-in-family","White","Male",0,0,40,"United-States","<=50K"
21,"Private",247779,"11th",7,"Never-married","Sales","Own-child","White","Female",0,0,38,"United-States","<=50K"
24,"Private",182163,"11th",7,"Never-married","Adm-clerical","Not-in-family","White","Female",0,0,40,"Germany","<=50K"
29,"Private",446559,"Assoc-acdm",12,"Married-civ-spouse","Exec-managerial","Wife","White","Female",0,0,50,"United-States","<=50K"
45,"Private",112305,"Some-college",10,"Divorced","Other-service","Unmarried","Black","Female",0,0,40,"United-States","<=50K"
59,"Private",171015,"Some-college",10,"Never-married","Adm-clerical","Own-child","White","Female",0,0,34,"United-States","<=50K"
46,"State-gov",298786,"Some-college",10,"Never-married","Other-service","Own-child","Black","Female",0,0,40,"United-States","<=50K"
30,"Private",173647,"Some-college",10,"Divorced","Transport-moving","Not-in-family","White","Male",0,0,40,"United-States","<=50K"
55,"Unknown",164857,"Some-college",10,"Divorced","Machine-op-inspct","Own-child","White","Male",0,0,40,"United-States","<=50K"
32,"Local-gov",206609,"HS-grad",9,"Never-married","Other-service","Own-child","White","Male",0,0,40,"United-States","<=50K"
44,"Private",201723,"Bachelors",13,"Married-civ-spouse","Exec-managerial","Husband","White","Male",15024,0,45,"United-States",">50K"
27,NA,253873,"Some-college",10,"Divorced",NA,"Not-in-family","White","Female",0,0,25,"United-States","<=50K"
26,NA,256141,"Some-college",10,"Never-married",NA,"Own-child","White","Female",0,0,40,"United-States","<=50K"
67,"Self-emp-not-inc",107138,"Some-college",10,"Married-civ-spouse","Sales","Husband","White","Male",0,0,40,"United-States","<=50K"
41,"Federal-gov",19914,"Bachelors",13,"Married-civ-spouse","Adm-clerical","Wife","Asian-Pac-Islander","Female",0,0,40,"Philippines",">50K"
19,"Private",354104,"HS-grad",9,"Never-married","Handlers-cleaners","Own-child","White","Male",0,0,30,"United-States","<=50K"
57,"Private",162301,"HS-grad",9,"Divorced","Adm-clerical","Not-in-family","White","Female",0,0,45,"United-States","<=50K"
19,"Private",38619,"Some-college",10,"Never-married","Farming-fishing","Own-child","White","Male",0,0,66,"United-States","<=50K"
70,"Self-emp-not-inc",303588,"Some-college",10,"Married-civ-spouse","Tech-support","Husband","White","Male",0,0,20,"United-States","<=50K"
39,"Private",51100,"HS-grad",9,"Married-civ-spouse","Transport-moving","Husband","White","Male",0,0,40,"United-States",">50K"
35,"Private",241153,"Assoc-voc",11,"Never-married","Tech-support","Not-in-family","White","Male",0,0,40,"United-States","<=50K"
55,"Federal-gov",88876,"Masters",14,"Married-civ-spouse","Exec-managerial","Husband","Asian-Pac-Islander","Male",0,0,60,"United-States",">50K"
45,"Private",256649,"HS-grad",9,"Married-civ-spouse","Machine-op-inspct","Husband","Black","Male",0,0,40,"United-States","<=50K"
29,"Private",289960,"HS-grad",9,"Married-civ-spouse","Machine-op-inspct","Husband","White","Male",0,0,48,"United-States","<=50K"
33,"Private",324546,"Some-college",10,"Married-civ-spouse","Machine-op-inspct","Husband","White","Male",0,0,39,"United-States","<=50K"
31,"Private",217460,"HS-grad",9,"Divorced","Craft-repair","Not-in-family","White","Male",0,0,45,"United-States","<=50K"
17,"Private",354201,"HS-grad",9,"Never-married","Other-service","Own-child","White","Male",0,0,40,"United-States","<=50K"
33,"Private",279173,"HS-grad",9,"Married-civ-spouse","Prof-specialty","Husband","White","Male",0,0,60,"United-States","<=50K"
53,"Local-gov",260106,"Prof-school",15,"Divorced","Prof-specialty","Not-in-family","White","Female",0,0,50,"United-States","<=50K"
44,"Self-emp-not-inc",109684,"Masters",14,"Divorced","Exec-managerial","Unmarried","White","Female",0,0,40,"United-States","<=50K"
47,"Private",186534,"HS-grad",9,"Married-civ-spouse","Sales","Husband","White","Male",0,0,55,"United-States",">50K"
48,"Private",148995,"Masters",14,"Married-civ-spouse","Exec-managerial","Husband","White","Male",0,0,40,"United-States",">50K"
20,NA,58740,"Some-college",10,"Never-married",NA,"Own-child","White","Male",0,0,15,"United-States","<=50K"
39,"Private",189623,"Bachelors",13,"Divorced","Sales","Unmarried","White","Male",0,0,60,"United-States","<=50K"
39,"Private",108540,"HS-grad",9,"Married-civ-spouse","Sales","Husband","White","Male",0,0,40,"United-States","<=50K"
56,"Private",117148,"7th-8th",4,"Divorced","Machine-op-inspct","Not-in-family","White","Female",0,0,40,"United-States","<=50K"
21,"Private",147655,"HS-grad",9,"Never-married","Adm-clerical","Own-child","White","Female",0,0,40,"United-States","<=50K"
36,"Private",250238,"1st-4th",2,"Never-married","Other-service","Other-relative","Other","Female",0,0,40,"El-Salvador","<=50K"
25,"Private",235795,"Assoc-acdm",12,"Never-married","Sales","Not-in-family","White","Male",0,0,48,"United-States","<=50K"
35,"Private",413648,"5th-6th",3,"Never-married","Farming-fishing","Unmarried","White","Male",0,0,36,"United-States","<=50K"
31,"Private",168387,"Bachelors",13,"Married-civ-spouse","Prof-specialty","Husband","White","Male",7688,0,40,"Canada",">50K"
43,"Private",248186,"Assoc-acdm",12,"Never-married","Adm-clerical","Not-in-family","White","Female",0,0,38,"United-States","<=50K"
56,"Private",279340,"11th",7,"Separated","Other-service","Not-in-family","Black","Female",0,0,40,"United-States","<=50K"
49,"Self-emp-inc",191681,"Some-college",10,"Married-civ-spouse","Exec-managerial","Husband","White","Male",0,0,50,"United-States",">50K"
46,"Private",98637,"Bachelors",13,"Married-civ-spouse","Exec-managerial","Husband","White","Male",7298,0,50,"United-States",">50K"
57,"Private",199847,"Bachelors",13,"Married-civ-spouse","Exec-managerial","Husband","White","Male",15024,0,60,"United-States",">50K"
34,"Private",217460,"Bachelors",13,"Married-civ-spouse","Exec-managerial","Husband","White","Male",0,0,45,"United-States",">50K"
38,"Self-emp-inc",199346,"Some-college",10,"Married-civ-spouse","Exec-managerial","Wife","White","Female",0,0,45,"United-States","<=50K"
55,"Private",102058,"Bachelors",13,"Married-civ-spouse","Exec-managerial","Husband","White","Male",0,0,50,"United-States",">50K"
50,"Private",137815,"HS-grad",9,"Married-civ-spouse","Transport-moving","Husband","White","Male",0,0,60,"United-States",">50K"
26,"Private",244495,"9th",5,"Never-married","Other-service","Not-in-family","White","Male",0,0,35,"United-States","<=50K"
67,NA,159542,"5th-6th",3,"Widowed",NA,"Unmarried","Black","Female",0,0,40,"United-States","<=50K"
46,"Private",164427,"HS-grad",9,"Divorced","Adm-clerical","Own-child","White","Female",0,0,45,"United-States","<=50K"
48,"Private",320421,"HS-grad",9,"Married-civ-spouse","Sales","Husband","White","Male",0,0,50,"United-States","<=50K"
41,"Private",277488,"7th-8th",4,"Married-civ-spouse","Farming-fishing","Husband","White","Male",0,0,36,"United-States","<=50K"
53,"Self-emp-not-inc",240138,"HS-grad",9,"Married-civ-spouse","Craft-repair","Husband","White","Male",0,0,60,"United-States","<=50K"
51,"Private",203435,"HS-grad",9,"Never-married","Handlers-cleaners","Own-child","White","Female",0,0,40,"United-States","<=50K"
54,"Private",311020,"HS-grad",9,"Married-civ-spouse","Other-service","Husband","White","Male",0,0,50,"United-States","<=50K"
50,"Private",92811,"Bachelors",13,"Married-civ-spouse","Tech-support","Husband","White","Male",0,0,40,"United-States","<=50K"
43,"Private",212894,"HS-grad",9,"Divorced","Craft-repair","Other-relative","White","Male",0,0,40,"United-States","<=50K"
19,"Private",307496,"Some-college",10,"Never-married","Other-service","Own-child","White","Female",0,0,16,"United-States","<=50K"
18,"Private",265099,"11th",7,"Never-married","Other-service","Own-child","White","Female",0,0,16,"United-States","<=50K"
36,"Private",68273,"Bachelors",13,"Married-civ-spouse","Sales","Husband","White","Male",0,0,40,"United-States",">50K"
19,"Private",391329,"Some-college",10,"Never-married","Adm-clerical","Not-in-family","White","Female",0,0,30,"United-States","<=50K"
48,"State-gov",327886,"Doctorate",16,"Divorced","Prof-specialty","Own-child","White","Male",0,0,50,"United-States",">50K"
52,"Private",146567,"HS-grad",9,"Divorced","Machine-op-inspct","Not-in-family","Black","Male",14344,0,40,"United-States",">50K"
60,"Private",317083,"Bachelors",13,"Married-civ-spouse","Exec-managerial","Husband","White","Male",0,0,45,"United-States",">50K"
23,"Private",162945,"7th-8th",4,"Never-married","Other-service","Own-child","White","Male",0,0,35,"United-States","<=50K"
39,"Federal-gov",232036,"Some-college",10,"Married-civ-spouse","Adm-clerical","Husband","White","Male",0,0,40,"United-States",">50K"
21,"Private",50411,"HS-grad",9,"Never-married","Farming-fishing","Not-in-family","White","Male",0,0,40,"United-States","<=50K"
30,"Private",72887,"HS-grad",9,"Married-civ-spouse","Craft-repair","Own-child","Asian-Pac-Islander","Male",3411,0,40,"United-States","<=50K"
43,"Private",122473,"9th",5,"Never-married","Machine-op-inspct","Unmarried","Black","Female",0,625,40,"United-States","<=50K"
26,"Private",224361,"Some-college",10,"Married-civ-spouse","Craft-repair","Husband","White","Male",0,0,40,"United-States","<=50K"
62,"Private",214288,"HS-grad",9,"Married-civ-spouse","Machine-op-inspct","Husband","White","Male",0,0,40,"United-States","<=50K"
55,"Private",193374,"Some-college",10,"Married-civ-spouse","Tech-support","Husband","White","Male",0,0,40,"United-States",">50K"
34,"Private",208785,"Assoc-acdm",12,"Divorced","Sales","Not-in-family","White","Male",0,0,50,"United-States",">50K"
24,"Private",122272,"Bachelors",13,"Never-married","Farming-fishing","Own-child","White","Female",0,0,40,"United-States","<=50K"
35,"Private",48404,"HS-grad",9,"Never-married","Sales","Own-child","White","Female",0,0,40,"United-States","<=50K"
61,"Self-emp-not-inc",390472,"HS-grad",9,"Married-civ-spouse","Farming-fishing","Husband","White","Male",0,0,40,"United-States","<=50K"
55,"Self-emp-inc",138594,"HS-grad",9,"Married-civ-spouse","Exec-managerial","Husband","White","Male",0,1977,45,"United-States",">50K"
48,"Private",254291,"Masters",14,"Married-civ-spouse","Prof-specialty","Husband","White","Male",0,0,40,"United-States",">50K"
65,"Private",330144,"Some-college",10,"Married-civ-spouse","Exec-managerial","Husband","White","Male",0,0,40,"United-States","<=50K"
23,NA,184699,"HS-grad",9,"Never-married",NA,"Unmarried","Black","Female",0,0,40,"United-States","<=50K"
55,"Self-emp-not-inc",183810,"Masters",14,"Married-civ-spouse","Prof-specialty","Husband","White","Male",0,0,55,"United-States",">50K"
30,"Private",75167,"Bachelors",13,"Married-civ-spouse","Exec-managerial","Husband","White","Male",0,0,55,"United-States","<=50K"
36,"Self-emp-not-inc",179896,"HS-grad",9,"Married-civ-spouse","Prof-specialty","Wife","White","Female",3137,0,40,"United-States","<=50K"
45,"Local-gov",334039,"Some-college",10,"Married-civ-spouse","Exec-managerial","Husband","White","Male",0,0,40,"United-States",">50K"
57,"Self-emp-inc",127728,"Prof-school",15,"Married-civ-spouse","Prof-specialty","Husband","White","Male",15024,0,60,"United-States",">50K"
29,"Private",293073,"Bachelors",13,"Never-married","Sales","Not-in-family","White","Male",0,0,50,"United-States",">50K"
48,"Private",50402,"Some-college",10,"Divorced","Machine-op-inspct","Unmarried","White","Male",0,0,40,"United-States","<=50K"
17,NA,161259,"10th",6,"Never-married",NA,"Other-relative","White","Male",0,0,12,"United-States","<=50K"
26,"Private",373553,"Some-college",10,"Married-civ-spouse","Adm-clerical","Wife","White","Female",0,0,42,"United-States","<=50K"
40,"Private",203761,"HS-grad",9,"Married-civ-spouse","Machine-op-inspct","Husband","White","Male",0,0,40,"United-States",">50K"
26,"Private",397317,"Masters",14,"Never-married","Prof-specialty","Not-in-family","White","Female",0,1876,40,"United-States","<=50K"
33,"Private",389932,"HS-grad",9,"Divorced","Transport-moving","Not-in-family","Black","Male",0,0,55,"United-States","<=50K"
36,"Private",175232,"HS-grad",9,"Married-civ-spouse","Craft-repair","Husband","White","Male",5178,0,40,"United-States",">50K"
43,"Private",226902,"Bachelors",13,"Divorced","Machine-op-inspct","Other-relative","White","Male",0,0,40,"United-States","<=50K"
54,"Private",457237,"Masters",14,"Married-civ-spouse","Sales","Husband","White","Male",0,0,40,"United-States","<=50K"
49,"Self-emp-inc",246739,"Some-college",10,"Married-civ-spouse","Craft-repair","Husband","White","Male",0,0,45,"United-States",">50K"
33,"Private",216145,"HS-grad",9,"Married-civ-spouse","Craft-repair","Husband","White","Male",0,0,40,"United-States","<=50K"
37,"Federal-gov",334314,"HS-grad",9,"Divorced","Adm-clerical","Unmarried","White","Female",0,0,40,"United-States","<=50K"
29,"Self-emp-not-inc",164607,"Assoc-voc",11,"Married-civ-spouse","Farming-fishing","Husband","White","Male",0,0,50,"United-States","<=50K"
47,"Private",34248,"Assoc-voc",11,"Married-civ-spouse","Sales","Husband","White","Male",0,0,40,"United-States",">50K"
73,"Local-gov",232871,"7th-8th",4,"Married-civ-spouse","Protective-serv","Husband","White","Male",2228,0,10,"United-States","<=50K"
40,"Local-gov",101795,"HS-grad",9,"Never-married","Protective-serv","Not-in-family","White","Male",0,0,42,"United-States","<=50K"
47,"Private",185465,"HS-grad",9,"Married-civ-spouse","Craft-repair","Husband","Black","Male",0,0,40,"United-States","<=50K"
29,"Private",115677,"Bachelors",13,"Never-married","Prof-specialty","Not-in-family","White","Male",0,0,40,"United-States","<=50K"
21,"Private",223811,"Assoc-voc",11,"Never-married","Exec-managerial","Own-child","White","Male",0,0,40,"United-States","<=50K"
46,"Private",57929,"HS-grad",9,"Divorced","Other-service","Not-in-family","White","Male",0,0,25,"United-States","<=50K"
37,"Self-emp-inc",188774,"11th",7,"Married-spouse-absent","Sales","Not-in-family","White","Male",0,0,60,NA,"<=50K"
45,"Private",281565,"HS-grad",9,"Widowed","Other-service","Other-relative","Asian-Pac-Islander","Female",0,0,50,"South","<=50K"
25,"Private",208591,"Bachelors",13,"Never-married","Prof-specialty","Own-child","White","Male",0,0,40,"United-States","<=50K"
31,"Private",340880,"Prof-school",15,"Married-civ-spouse","Prof-specialty","Husband","White","Male",0,0,60,"United-States",">50K"
39,"Private",56648,"HS-grad",9,"Separated","Sales","Not-in-family","White","Female",0,0,47,"United-States","<=50K"
46,"Private",35406,"7th-8th",4,"Separated","Other-service","Not-in-family","White","Female",0,0,32,"United-States","<=50K"
21,"Private",538319,"Some-college",10,"Never-married","Other-service","Own-child","White","Female",0,0,40,"Puerto-Rico","<=50K"
69,"Private",71489,"Masters",14,"Married-civ-spouse","Prof-specialty","Husband","White","Male",0,0,25,"United-States","<=50K"
23,NA,381741,"Assoc-acdm",12,"Never-married",NA,"Own-child","White","Male",0,1721,20,"United-States","<=50K"
50,"Private",89534,"HS-grad",9,"Married-civ-spouse","Machine-op-inspct","Husband","White","Male",0,0,40,"United-States","<=50K"
62,"Private",134768,"Doctorate",16,"Married-civ-spouse","Prof-specialty","Husband","White","Male",7688,0,40,NA,">50K"
18,"Private",163332,"HS-grad",9,"Never-married","Sales","Own-child","White","Female",0,0,22,"United-States","<=50K"
28,"Self-emp-not-inc",160786,"HS-grad",9,"Never-married","Craft-repair","Own-child","White","Male",0,0,40,"United-States","<=50K"
41,"Local-gov",359259,"HS-grad",9,"Married-civ-spouse","Other-service","Husband","White","Male",0,0,40,"United-States","<=50K"
46,"Private",155489,"Assoc-acdm",12,"Married-civ-spouse","Craft-repair","Husband","White","Male",0,0,44,"United-States",">50K"
24,"Local-gov",212210,"Assoc-acdm",12,"Never-married","Adm-clerical","Own-child","White","Female",0,0,20,NA,"<=50K"
49,"State-gov",118567,"Some-college",10,"Married-civ-spouse","Farming-fishing","Husband","White","Male",0,0,40,"United-States","<=50K"
35,NA,153926,"HS-grad",9,"Married-civ-spouse",NA,"Wife","Black","Female",0,0,40,"United-States","<=50K"
45,"Private",54744,"Some-college",10,"Married-civ-spouse","Craft-repair","Husband","White","Male",0,1848,40,"United-States",">50K"
17,"Private",205726,"11th",7,"Never-married","Sales","Own-child","White","Female",0,0,15,"United-States","<=50K"
28,"Private",137898,"HS-grad",9,"Married-civ-spouse","Machine-op-inspct","Wife","White","Female",0,0,40,"United-States","<=50K"
51,"Private",22211,"Masters",14,"Married-civ-spouse","Prof-specialty","Husband","White","Male",0,1902,60,"United-States",">50K"
27,"Private",183523,"Bachelors",13,"Never-married","Exec-managerial","Not-in-family","White","Male",0,0,45,"United-States","<=50K"
29,"Private",190765,"HS-grad",9,"Divorced","Machine-op-inspct","Not-in-family","White","Male",0,0,44,"United-States","<=50K"
57,"Local-gov",130532,"Bachelors",13,"Widowed","Prof-specialty","Not-in-family","White","Female",0,0,35,"United-States","<=50K"
40,"Federal-gov",391744,"HS-grad",9,"Never-married","Adm-clerical","Unmarried","Black","Female",0,0,40,"United-States","<=50K"
50,"Private",71898,"5th-6th",3,"Married-civ-spouse","Machine-op-inspct","Wife","Asian-Pac-Islander","Female",0,0,35,"Philippines","<=50K"
51,"Private",195105,"HS-grad",9,"Divorced","Priv-house-serv","Own-child","White","Female",0,0,40,"United-States","<=50K"
31,NA,82473,"9th",5,"Divorced",NA,"Not-in-family","White","Female",0,0,25,"United-States","<=50K"
45,"Local-gov",224474,"Bachelors",13,"Divorced","Prof-specialty","Unmarried","White","Female",4934,0,50,"United-States",">50K"
38,"Private",204527,"HS-grad",9,"Married-civ-spouse","Craft-repair","Husband","White","Male",0,0,50,"United-States","<=50K"
30,"Private",229895,"10th",6,"Divorced","Other-service","Unmarried","White","Female",0,0,40,"United-States","<=50K"
57,"Self-emp-not-inc",50990,"HS-grad",9,"Married-civ-spouse","Farming-fishing","Husband","White","Male",0,0,30,"United-States","<=50K"
41,"Private",174540,"Some-college",10,"Married-civ-spouse","Prof-specialty","Husband","Black","Male",0,0,4,"United-States","<=50K"
33,"Private",167309,"Bachelors",13,"Never-married","Adm-clerical","Not-in-family","White","Male",0,0,40,"United-States","<=50K"
26,"Self-emp-not-inc",201138,"Assoc-voc",11,"Never-married","Other-service","Not-in-family","White","Female",0,0,35,"United-States","<=50K"
39,"Private",75891,"Bachelors",13,"Divorced","Tech-support","Unmarried","White","Female",0,0,40,"United-States","<=50K"
56,"Private",121362,"Bachelors",13,"Divorced","Other-service","Not-in-family","White","Female",0,0,32,"United-States","<=50K"
39,"Private",160728,"HS-grad",9,"Divorced","Machine-op-inspct","Unmarried","White","Male",2977,0,40,"United-States","<=50K"
34,"Private",34374,"Some-college",10,"Never-married","Other-service","Not-in-family","White","Male",0,0,50,"United-States","<=50K"
48,"Private",326048,"Assoc-acdm",12,"Divorced","Other-service","Not-in-family","White","Male",0,0,44,"United-States","<=50K"
49,"Private",61885,"11th",7,"Married-civ-spouse","Craft-repair","Husband","White","Male",0,0,40,"United-States","<=50K"
27,"Private",213842,"Bachelors",13,"Never-married","Adm-clerical","Own-child","White","Male",0,0,38,"United-States","<=50K"
33,"Federal-gov",137184,"Assoc-acdm",12,"Divorced","Exec-managerial","Unmarried","White","Male",0,0,50,"United-States",">50K"
49,"Local-gov",159641,"Bachelors",13,"Divorced","Exec-managerial","Unmarried","White","Female",0,625,40,"United-States","<=50K"
48,"Private",155372,"HS-grad",9,"Widowed","Machine-op-inspct","Unmarried","White","Female",0,0,36,"United-States","<=50K"
47,"Private",236805,"Some-college",10,"Divorced","Sales","Unmarried","White","Female",0,0,60,"United-States","<=50K"
46,"Federal-gov",33794,"Bachelors",13,"Married-civ-spouse","Tech-support","Husband","White","Male",3103,0,40,"United-States",">50K"
20,NA,150084,"HS-grad",9,"Never-married",NA,"Own-child","White","Male",0,0,25,"United-States","<=50K"
51,"Private",112310,"Some-college",10,"Divorced","Exec-managerial","Unmarried","White","Female",0,0,40,"United-States","<=50K"
48,"Private",160647,"Some-college",10,"Never-married","Exec-managerial","Not-in-family","White","Female",0,0,40,"Ireland",">50K"
43,"Private",191196,"Some-college",10,"Married-civ-spouse","Exec-managerial","Husband","White","Male",0,0,55,"United-States",">50K"
38,"Self-emp-inc",308686,"Bachelors",13,"Married-civ-spouse","Prof-specialty","Husband","White","Male",0,0,70,"United-States",">50K"
21,"Private",109667,"Some-college",10,"Never-married","Other-service","Own-child","White","Male",0,0,40,"United-States","<=50K"
40,"Self-emp-not-inc",240698,"HS-grad",9,"Married-civ-spouse","Craft-repair","Husband","White","Male",0,0,60,"United-States","<=50K"
42,"Private",203393,"Bachelors",13,"Married-civ-spouse","Craft-repair","Wife","Black","Female",0,0,35,"United-States",">50K"
68,"Self-emp-not-inc",89011,"Doctorate",16,"Married-civ-spouse","Prof-specialty","Husband","White","Male",0,0,50,"Canada","<=50K"
35,"Private",241998,"HS-grad",9,"Married-civ-spouse","Craft-repair","Husband","White","Male",0,0,40,"United-States",">50K"
46,"Private",133938,"Masters",14,"Divorced","Exec-managerial","Not-in-family","White","Female",27828,0,50,"United-States",">50K"
41,"Private",224799,"Some-college",10,"Married-civ-spouse","Craft-repair","Husband","White","Male",0,0,40,"United-States","<=50K"
45,"Private",175625,"HS-grad",9,"Separated","Adm-clerical","Unmarried","White","Female",0,0,38,"United-States","<=50K"
28,"Private",215955,"Bachelors",13,"Married-civ-spouse","Exec-managerial","Husband","White","Male",3103,0,40,"United-States",">50K"
19,NA,37332,"HS-grad",9,"Never-married",NA,"Own-child","White","Female",1055,0,12,"United-States","<=50K"
40,"Private",135056,"Assoc-acdm",12,"Divorced","Adm-clerical","Unmarried","White","Female",0,0,40,"United-States","<=50K"
33,"Private",292465,"9th",5,"Married-civ-spouse","Machine-op-inspct","Husband","White","Male",0,0,50,"United-States","<=50K"
21,"Private",189013,"Some-college",10,"Never-married","Sales","Own-child","White","Female",0,0,35,"United-States","<=50K"
59,"Private",159937,"HS-grad",9,"Married-civ-spouse","Sales","Husband","White","Male",0,0,48,"United-States","<=50K"
50,NA,87263,"HS-grad",9,"Married-civ-spouse",NA,"Husband","White","Male",0,0,55,"United-States",">50K"
38,"Private",218729,"HS-grad",9,"Divorced","Other-service","Not-in-family","White","Female",0,0,25,"United-States","<=50K"
58,"Private",163113,"HS-grad",9,"Widowed","Sales","Not-in-family","White","Female",0,0,35,"United-States",">50K"
20,"Private",260199,"HS-grad",9,"Never-married","Adm-clerical","Own-child","White","Female",0,0,10,"United-States","<=50K"
29,"Local-gov",190330,"Some-college",10,"Never-married","Other-service","Own-child","White","Female",0,0,10,"United-States","<=50K"
35,"Private",246449,"HS-grad",9,"Never-married","Other-service","Not-in-family","White","Male",3325,0,50,"United-States","<=50K"
60,"State-gov",313946,"HS-grad",9,"Married-civ-spouse","Other-service","Husband","White","Male",0,0,40,"United-States","<=50K"
33,"Self-emp-not-inc",192256,"Bachelors",13,"Married-civ-spouse","Craft-repair","Husband","White","Male",0,0,50,"United-States","<=50K"
49,"Private",43910,"HS-grad",9,"Married-civ-spouse","Adm-clerical","Wife","White","Female",0,0,30,"United-States","<=50K"
25,"Private",431307,"10th",6,"Married-civ-spouse","Protective-serv","Wife","Black","Female",0,0,50,"United-States","<=50K"
30,"Private",324120,"HS-grad",9,"Married-civ-spouse","Handlers-cleaners","Husband","White","Male",0,0,50,"United-States","<=50K"
19,"Private",248339,"HS-grad",9,"Never-married","Craft-repair","Own-child","White","Male",0,0,35,"United-States","<=50K"
59,"Private",515712,"7th-8th",4,"Married-civ-spouse","Craft-repair","Husband","White","Male",0,0,40,"United-States","<=50K"
26,"Private",211695,"Bachelors",13,"Never-married","Prof-specialty","Own-child","White","Male",0,0,40,"United-States","<=50K"
47,"Private",334039,"Bachelors",13,"Married-civ-spouse","Exec-managerial","Husband","White","Male",7298,0,44,"United-States",">50K"
67,"Private",397831,"Some-college",10,"Married-civ-spouse","Exec-managerial","Husband","White","Male",0,1539,40,"United-States","<=50K"
28,"Private",301654,"Bachelors",13,"Never-married","Prof-specialty","Not-in-family","White","Female",0,0,40,"United-States","<=50K"
57,"Self-emp-inc",165881,"Prof-school",15,"Married-civ-spouse","Prof-specialty","Husband","White","Male",0,0,40,"United-States","<=50K"
62,"Self-emp-inc",236096,"HS-grad",9,"Divorced","Exec-managerial","Not-in-family","Black","Male",0,0,40,"United-States","<=50K"
25,"Private",385646,"HS-grad",9,"Never-married","Farming-fishing","Own-child","White","Male",0,0,40,"United-States","<=50K"
20,"Private",70076,"Some-college",10,"Never-married","Machine-op-inspct","Own-child","White","Female",0,0,40,"United-States","<=50K"
59,"Private",426001,"HS-grad",9,"Married-spouse-absent","Adm-clerical","Unmarried","White","Female",0,0,20,"Puerto-Rico","<=50K"
28,NA,230704,"HS-grad",9,"Never-married",NA,"Not-in-family","Black","Male",0,0,40,"United-States","<=50K"
30,"Local-gov",159773,"Bachelors",13,"Married-civ-spouse","Protective-serv","Husband","White","Male",0,0,45,"United-States",">50K"
34,"Private",290763,"HS-grad",9,"Divorced","Handlers-cleaners","Own-child","White","Female",0,0,40,"United-States","<=50K"
43,"Private",102180,"Masters",14,"Married-civ-spouse","Exec-managerial","Husband","White","Male",0,0,50,"United-States",">50K"
31,"Self-emp-not-inc",81030,"Doctorate",16,"Married-civ-spouse","Prof-specialty","Husband","White","Male",0,0,40,"United-States",">50K"
48,"State-gov",44434,"Masters",14,"Married-civ-spouse","Prof-specialty","Husband","White","Male",0,0,61,"United-States",">50K"
67,"Self-emp-not-inc",36876,"HS-grad",9,"Married-civ-spouse","Farming-fishing","Husband","White","Male",0,0,55,"United-States","<=50K"
51,"Private",246519,"10th",6,"Married-civ-spouse","Handlers-cleaners","Husband","White","Male",2105,0,45,"United-States","<=50K"
20,"Local-gov",235894,"Some-college",10,"Never-married","Farming-fishing","Own-child","White","Male",0,0,40,"United-States","<=50K"
19,"Private",501144,"Some-college",10,"Never-married","Sales","Other-relative","Black","Female",0,0,40,"United-States","<=50K"
56,"Private",232139,"HS-grad",9,"Divorced","Transport-moving","Not-in-family","White","Male",0,0,40,"United-States","<=50K"
23,"Private",140915,"Some-college",10,"Never-married","Sales","Other-relative","Asian-Pac-Islander","Male",0,0,25,"Philippines","<=50K"
17,NA,341395,"10th",6,"Never-married",NA,"Own-child","Black","Male",0,0,20,"United-States","<=50K"
26,"Private",292803,"Some-college",10,"Never-married","Other-service","Own-child","White","Female",0,0,24,"United-States","<=50K"
21,NA,206681,"11th",7,"Married-civ-spouse",NA,"Wife","White","Female",0,0,40,"United-States","<=50K"
43,"Private",180599,"HS-grad",9,"Married-civ-spouse","Craft-repair","Husband","White","Male",0,0,55,"United-States","<=50K"
32,"Self-emp-not-inc",189461,"HS-grad",9,"Never-married","Other-service","Not-in-family","White","Female",0,0,60,"United-States","<=50K"
44,"Self-emp-inc",49249,"Some-college",10,"Divorced","Other-service","Unmarried","White","Male",0,0,80,"United-States","<=50K"
19,"Private",57145,"HS-grad",9,"Never-married","Other-service","Own-child","White","Female",0,0,25,"United-States","<=50K"
30,"Private",488720,"Assoc-voc",11,"Married-civ-spouse","Handlers-cleaners","Husband","White","Male",0,0,40,"Mexico","<=50K"
40,"Private",206066,"HS-grad",9,"Married-civ-spouse","Craft-repair","Husband","White","Male",0,0,50,"United-States","<=50K"
21,"Private",197747,"Some-college",10,"Never-married","Sales","Own-child","White","Female",0,0,24,"United-States","<=50K"
34,"Private",159929,"HS-grad",9,"Divorced","Handlers-cleaners","Own-child","White","Male",0,0,40,"United-States","<=50K"
32,NA,335427,"Bachelors",13,"Married-civ-spouse",NA,"Wife","White","Female",0,0,20,"United-States",">50K"
30,"Private",203488,"Some-college",10,"Never-married","Craft-repair","Not-in-family","White","Male",0,0,44,"United-States","<=50K"
32,"Private",196342,"Doctorate",16,"Never-married","Prof-specialty","Not-in-family","White","Male",0,0,40,"United-States",">50K"
33,"Self-emp-not-inc",131568,"HS-grad",9,"Married-civ-spouse","Sales","Husband","White","Male",0,0,66,"United-States","<=50K"
43,"Private",180599,"Bachelors",13,"Separated","Exec-managerial","Unmarried","White","Male",8614,0,40,"United-States",">50K"
24,"Private",191948,"HS-grad",9,"Divorced","Sales","Unmarried","White","Female",0,0,30,"United-States","<=50K"
40,"Private",202872,"Some-college",10,"Divorced","Adm-clerical","Unmarried","White","Female",0,0,24,"United-States","<=50K"
36,"Private",76845,"HS-grad",9,"Never-married","Other-service","Own-child","Black","Male",0,0,35,"United-States","<=50K"
26,"Private",189185,"HS-grad",9,"Divorced","Adm-clerical","Own-child","White","Female",0,0,40,"United-States","<=50K"
55,"State-gov",200497,"Masters",14,"Married-civ-spouse","Exec-managerial","Husband","White","Male",0,0,45,"United-States",">50K"
34,"Private",245211,"HS-grad",9,"Never-married","Craft-repair","Unmarried","White","Male",2036,0,30,"United-States","<=50K"
34,"Private",223678,"HS-grad",9,"Never-married","Other-service","Unmarried","Amer-Indian-Eskimo","Female",0,0,32,"United-States","<=50K"
24,NA,412156,"HS-grad",9,"Married-civ-spouse",NA,"Wife","White","Female",0,0,40,"Mexico","<=50K"
50,"Federal-gov",96657,"Bachelors",13,"Divorced","Prof-specialty","Unmarried","Black","Female",0,0,40,"United-States","<=50K"
53,"Private",90624,"11th",7,"Married-civ-spouse","Craft-repair","Husband","Black","Male",0,0,40,"United-States","<=50K"
28,"Private",224634,"Bachelors",13,"Married-civ-spouse","Prof-specialty","Wife","White","Female",0,0,45,"United-States",">50K"
28,"Self-emp-not-inc",209934,"5th-6th",3,"Married-civ-spouse","Handlers-cleaners","Husband","White","Male",0,0,25,"Mexico","<=50K"
48,"Private",102112,"Assoc-acdm",12,"Married-civ-spouse","Prof-specialty","Husband","White","Male",0,0,50,"United-States",">50K"
37,"Private",48093,"Bachelors",13,"Never-married","Craft-repair","Not-in-family","White","Male",0,0,90,"United-States",">50K"
29,"Self-emp-not-inc",162298,"Bachelors",13,"Married-civ-spouse","Sales","Husband","White","Male",0,0,70,"United-States",">50K"
36,"Federal-gov",153066,"Masters",14,"Married-civ-spouse","Prof-specialty","Husband","White","Male",0,0,40,"United-States",">50K"
34,"Private",96483,"Assoc-acdm",12,"Never-married","Adm-clerical","Not-in-family","Asian-Pac-Islander","Female",8614,0,60,"United-States",">50K"
61,"Local-gov",195519,"Masters",14,"Never-married","Prof-specialty","Unmarried","White","Female",0,0,25,"United-States","<=50K"
38,"Private",133454,"Assoc-acdm",12,"Never-married","Craft-repair","Not-in-family","White","Male",0,0,40,"United-States","<=50K"
59,"Private",157303,"Some-college",10,"Divorced","Prof-specialty","Not-in-family","White","Female",0,0,48,"United-States","<=50K"
40,"Private",29927,"HS-grad",9,"Divorced","Adm-clerical","Unmarried","White","Female",0,0,45,"England","<=50K"
22,NA,517995,"HS-grad",9,"Never-married",NA,"Own-child","White","Male",0,0,40,"Mexico","<=50K"
43,"Private",185057,"HS-grad",9,"Divorced","Exec-managerial","Not-in-family","White","Female",0,0,30,"United-States",">50K"
19,"Private",97215,"Some-college",10,"Separated","Sales","Unmarried","White","Female",0,0,25,"United-States","<=50K"
40,"Private",96509,"Some-college",10,"Married-civ-spouse","Prof-specialty","Husband","Amer-Indian-Eskimo","Male",0,0,40,"United-States",">50K"
49,"Federal-gov",586657,"Bachelors",13,"Married-civ-spouse","Exec-managerial","Husband","White","Male",7298,0,40,"United-States",">50K"
52,"Private",74660,"Masters",14,"Married-civ-spouse","Exec-managerial","Husband","White","Male",0,0,40,"United-States","<=50K"
32,"Private",174789,"HS-grad",9,"Never-married","Craft-repair","Other-relative","White","Male",0,0,50,"United-States","<=50K"
27,"Private",110931,"HS-grad",9,"Married-civ-spouse","Adm-clerical","Husband","White","Male",0,0,40,"United-States","<=50K"
31,"State-gov",161631,"Some-college",10,"Divorced","Adm-clerical","Unmarried","White","Female",0,0,40,"United-States","<=50K"
25,"Private",64671,"HS-grad",9,"Divorced","Handlers-cleaners","Own-child","Asian-Pac-Islander","Female",0,0,40,"Philippines","<=50K"
47,"Private",47247,"Some-college",10,"Married-civ-spouse","Adm-clerical","Wife","White","Female",0,0,40,"United-States","<=50K"
56,"Private",98809,"7th-8th",4,"Married-civ-spouse","Machine-op-inspct","Wife","White","Female",5013,0,45,"United-States","<=50K"
55,"Private",164332,"HS-grad",9,"Separated","Other-service","Not-in-family","White","Female",0,0,16,"United-States","<=50K"
23,"Private",103277,"Some-college",10,"Divorced","Other-service","Own-child","White","Female",0,0,24,"United-States","<=50K"
67,"Self-emp-inc",168370,"Some-college",10,"Married-civ-spouse","Sales","Husband","White","Male",0,0,40,"United-States","<=50K"
65,"Private",123965,"Bachelors",13,"Widowed","Other-service","Not-in-family","White","Female",0,0,40,"United-States","<=50K"
48,NA,184682,"HS-grad",9,"Never-married",NA,"Own-child","White","Female",0,0,18,"United-States","<=50K"
61,"Private",68268,"10th",6,"Married-civ-spouse","Farming-fishing","Husband","White","Male",0,0,55,"United-States","<=50K"
31,"Self-emp-not-inc",235237,"Some-college",10,"Married-civ-spouse","Sales","Husband","Black","Male",0,0,60,"United-States",">50K"
37,"Private",130277,"5th-6th",3,"Separated","Other-service","Unmarried","White","Female",0,0,40,"United-States","<=50K"
56,"Private",107165,"HS-grad",9,"Married-civ-spouse","Handlers-cleaners","Husband","White","Male",0,0,18,"United-States","<=50K"
48,"Private",173243,"Doctorate",16,"Married-civ-spouse","Prof-specialty","Husband","White","Male",0,0,45,"United-States",">50K"
61,"Self-emp-not-inc",220342,"7th-8th",4,"Married-civ-spouse","Transport-moving","Husband","White","Male",0,0,30,"United-States","<=50K"
63,"Self-emp-not-inc",106648,"HS-grad",9,"Married-civ-spouse","Other-service","Husband","White","Male",0,0,12,"United-States","<=50K"
54,"Private",449257,"HS-grad",9,"Married-civ-spouse","Farming-fishing","Husband","White","Male",0,0,40,"United-States","<=50K"
22,"Private",91842,"Some-college",10,"Never-married","Sales","Not-in-family","White","Female",0,0,42,"United-States","<=50K"
40,"Self-emp-not-inc",34037,"HS-grad",9,"Never-married","Farming-fishing","Not-in-family","White","Male",0,0,70,"United-States","<=50K"
76,"Private",124191,"Masters",14,"Married-civ-spouse","Exec-managerial","Husband","White","Male",0,0,40,"United-States",">50K"
22,"Private",100345,"HS-grad",9,"Never-married","Handlers-cleaners","Own-child","White","Male",0,0,35,"United-States","<=50K"
28,"Private",174327,"HS-grad",9,"Married-civ-spouse","Machine-op-inspct","Husband","White","Male",0,0,50,"United-States","<=50K"
30,"Private",115963,"11th",7,"Married-civ-spouse","Craft-repair","Husband","White","Male",0,0,40,"United-States","<=50K"
33,"Private",83446,"11th",7,"Divorced","Exec-managerial","Unmarried","White","Female",0,0,40,"United-States",">50K"
56,"Private",231781,"HS-grad",9,"Married-civ-spouse","Sales","Husband","White","Male",0,0,40,"United-States",">50K"
43,"Private",51506,"12th",8,"Married-civ-spouse","Transport-moving","Husband","White","Male",0,0,40,"United-States","<=50K"
50,"Private",304260,"Assoc-acdm",12,"Divorced","Adm-clerical","Not-in-family","Asian-Pac-Islander","Male",0,0,40,"United-States","<=50K"
50,"Private",177896,"HS-grad",9,"Married-civ-spouse","Craft-repair","Husband","White","Male",0,0,50,"United-States","<=50K"
44,"Private",104196,"Masters",14,"Married-civ-spouse","Exec-managerial","Husband","White","Male",0,0,45,"United-States",">50K"
36,"Federal-gov",68781,"Some-college",10,"Married-civ-spouse","Adm-clerical","Husband","White","Male",0,0,35,"United-States","<=50K"
24,"Private",283613,"Bachelors",13,"Never-married","Prof-specialty","Not-in-family","White","Male",0,0,43,"United-States","<=50K"
29,"Private",112847,"Assoc-voc",11,"Married-civ-spouse","Craft-repair","Husband","Asian-Pac-Islander","Male",7298,0,32,"United-States",">50K"
44,"Private",230684,"HS-grad",9,"Married-civ-spouse","Transport-moving","Husband","White","Male",0,0,45,"United-States","<=50K"
30,"Self-emp-inc",84119,"Bachelors",13,"Never-married","Exec-managerial","Own-child","White","Male",0,0,43,"United-States","<=50K"
46,"Private",219021,"HS-grad",9,"Married-civ-spouse","Transport-moving","Husband","White","Male",15024,0,44,"United-States",">50K"
36,"Private",124818,"HS-grad",9,"Married-civ-spouse","Machine-op-inspct","Husband","White","Male",0,0,40,"United-States","<=50K"
20,"Private",637080,"Some-college",10,"Never-married","Sales","Not-in-family","White","Male",0,0,25,"United-States","<=50K"
19,"Private",39756,"Some-college",10,"Never-married","Other-service","Own-child","White","Female",0,0,15,"United-States","<=50K"
67,"Self-emp-not-inc",268514,"Bachelors",13,"Divorced","Prof-specialty","Not-in-family","White","Male",0,0,40,"United-States","<=50K"
47,"Private",115358,"HS-grad",9,"Divorced","Machine-op-inspct","Not-in-family","Black","Female",0,0,40,"United-States","<=50K"
46,"Private",249935,"Doctorate",16,"Married-civ-spouse","Prof-specialty","Husband","White","Male",0,0,70,"United-States","<=50K"
31,"Self-emp-not-inc",177675,"Bachelors",13,"Married-civ-spouse","Prof-specialty","Husband","White","Male",0,0,40,"United-States",">50K"
25,"Self-emp-not-inc",263300,"HS-grad",9,"Never-married","Farming-fishing","Not-in-family","White","Male",0,0,50,"United-States","<=50K"
33,"Self-emp-not-inc",218164,"HS-grad",9,"Married-civ-spouse","Craft-repair","Husband","White","Male",0,0,40,"United-States","<=50K"
20,"Private",137618,"Some-college",10,"Never-married","Transport-moving","Own-child","White","Male",0,0,35,"United-States","<=50K"
47,"Private",354148,"Prof-school",15,"Married-civ-spouse","Prof-specialty","Husband","White","Male",99999,0,48,"United-States",">50K"
27,"Private",203776,"Assoc-acdm",12,"Married-civ-spouse","Exec-managerial","Husband","White","Male",0,0,55,"United-States","<=50K"
34,"Private",581071,"HS-grad",9,"Separated","Adm-clerical","Not-in-family","White","Male",0,0,48,"United-States",">50K"
33,"Private",125762,"HS-grad",9,"Married-civ-spouse","Sales","Husband","White","Male",0,0,44,"United-States",">50K"
31,"Private",100252,"Bachelors",13,"Divorced","Other-service","Not-in-family","Asian-Pac-Islander","Male",99999,0,70,"United-States",">50K"
28,"Self-emp-not-inc",212318,"HS-grad",9,"Never-married","Craft-repair","Not-in-family","White","Male",0,0,55,"United-States","<=50K"
44,"Private",210648,"Bachelors",13,"Married-civ-spouse","Tech-support","Husband","White","Male",0,0,40,"United-States",">50K"
45,"Private",114797,"HS-grad",9,"Separated","Machine-op-inspct","Unmarried","Black","Female",0,0,40,"United-States","<=50K"
52,"Self-emp-inc",114758,"Bachelors",13,"Married-civ-spouse","Sales","Husband","White","Male",15024,0,50,"United-States",">50K"
46,NA,81136,"Assoc-voc",11,"Divorced",NA,"Unmarried","White","Male",0,0,30,"United-States","<=50K"
73,"Self-emp-not-inc",190078,"Some-college",10,"Married-civ-spouse","Exec-managerial","Husband","White","Male",0,0,35,"United-States","<=50K"
40,"Private",146908,"Doctorate",16,"Married-civ-spouse","Prof-specialty","Husband","White","Male",0,0,60,"United-States",">50K"
61,"Local-gov",167347,"Some-college",10,"Married-civ-spouse","Adm-clerical","Husband","White","Male",0,0,35,"United-States","<=50K"
23,"Private",176486,"Assoc-voc",11,"Never-married","Adm-clerical","Own-child","White","Female",0,0,36,"United-States","<=50K"
43,"Local-gov",323627,"Some-college",10,"Never-married","Exec-managerial","Not-in-family","White","Female",0,0,12,"United-States","<=50K"
20,"Private",33551,"HS-grad",9,"Never-married","Transport-moving","Own-child","White","Male",0,0,40,"United-States","<=50K"
30,"Private",174543,"Assoc-acdm",12,"Never-married","Prof-specialty","Own-child","White","Female",0,0,40,"United-States","<=50K"
61,"Private",130684,"Some-college",10,"Married-civ-spouse","Prof-specialty","Husband","White","Male",0,0,42,"United-States","<=50K"
30,"Private",188403,"Some-college",10,"Never-married","Machine-op-inspct","Not-in-family","White","Male",0,0,40,"United-States","<=50K"
43,"Private",142682,"HS-grad",9,"Married-civ-spouse","Transport-moving","Husband","White","Male",0,0,30,"Dominican-Republic","<=50K"
37,"Private",120045,"HS-grad",9,"Divorced","Machine-op-inspct","Not-in-family","White","Female",0,0,56,"United-States","<=50K"
47,"Self-emp-not-inc",121124,"Bachelors",13,"Married-civ-spouse","Sales","Husband","White","Male",0,0,40,"United-States",">50K"
23,"Private",320294,"HS-grad",9,"Never-married","Exec-managerial","Not-in-family","White","Male",0,0,40,"United-States","<=50K"
39,"Private",135020,"HS-grad",9,"Never-married","Transport-moving","Own-child","White","Male",0,0,40,"United-States","<=50K"
36,"Private",104858,"Some-college",10,"Married-civ-spouse","Farming-fishing","Husband","White","Male",0,0,56,"United-States",">50K"
49,"Private",200198,"HS-grad",9,"Married-civ-spouse","Other-service","Husband","Black","Male",0,0,40,"United-States","<=50K"
52,"Private",165998,"Some-college",10,"Married-civ-spouse","Machine-op-inspct","Husband","White","Male",0,0,40,"United-States","<=50K"
35,"Self-emp-not-inc",454915,"9th",5,"Married-civ-spouse","Craft-repair","Husband","White","Male",0,0,40,"United-States","<=50K"
29,"Private",147340,"Some-college",10,"Never-married","Sales","Own-child","White","Female",0,0,40,"United-States","<=50K"
45,"Local-gov",168191,"Bachelors",13,"Married-civ-spouse","Craft-repair","Husband","White","Male",0,0,35,"United-States",">50K"
35,"Private",61343,"Bachelors",13,"Married-civ-spouse","Sales","Husband","White","Male",0,0,40,"United-States",">50K"
22,"Private",310152,"Some-college",10,"Never-married","Transport-moving","Not-in-family","White","Male",0,0,40,"United-States","<=50K"
32,"Private",263908,"Bachelors",13,"Married-civ-spouse","Prof-specialty","Husband","White","Male",0,0,40,"United-States","<=50K"
61,"Private",423297,"Doctorate",16,"Married-civ-spouse","Prof-specialty","Husband","White","Male",0,0,40,"United-States",">50K"
70,"Private",35494,"HS-grad",9,"Married-civ-spouse","Exec-managerial","Husband","White","Male",0,0,30,"United-States","<=50K"
48,"Private",101299,"Assoc-acdm",12,"Married-civ-spouse","Prof-specialty","Husband","White","Male",0,0,45,"United-States","<=50K"
20,"State-gov",125165,"Some-college",10,"Never-married","Adm-clerical","Own-child","White","Female",0,0,25,"United-States","<=50K"
42,"Private",175935,"HS-grad",9,"Divorced","Transport-moving","Not-in-family","White","Male",0,1980,46,"United-States","<=50K"
58,"Private",316849,"Some-college",10,"Divorced","Other-service","Not-in-family","White","Male",0,0,40,"United-States","<=50K"
17,NA,181337,"10th",6,"Never-married",NA,"Own-child","Other","Female",0,0,20,"United-States","<=50K"
31,"Self-emp-not-inc",325355,"Bachelors",13,"Married-civ-spouse","Exec-managerial","Wife","White","Female",0,1902,40,"United-States",">50K"
44,"Local-gov",193755,"Assoc-acdm",12,"Never-married","Protective-serv","Not-in-family","White","Male",0,0,40,"United-States","<=50K"
48,"Federal-gov",215389,"HS-grad",9,"Married-civ-spouse","Transport-moving","Husband","Black","Male",0,0,40,"United-States",">50K"
41,"Private",150755,"Doctorate",16,"Married-civ-spouse","Exec-managerial","Husband","White","Male",15024,0,50,"Canada",">50K"
47,"Private",250170,"HS-grad",9,"Married-civ-spouse","Machine-op-inspct","Husband","Black","Male",0,0,40,"United-States",">50K"
32,"Private",178623,"Assoc-acdm",12,"Never-married","Sales","Not-in-family","Black","Female",0,0,46,"Trinadad&Tobago","<=50K"
30,"Private",39054,"HS-grad",9,"Married-civ-spouse","Exec-managerial","Husband","White","Male",0,0,65,"United-States",">50K"
23,"Private",182615,"Some-college",10,"Never-married","Adm-clerical","Own-child","White","Male",0,0,40,"United-States","<=50K"
45,"Private",80430,"HS-grad",9,"Divorced","Other-service","Not-in-family","White","Female",0,0,40,"United-States","<=50K"
23,"Self-emp-not-inc",409230,"1st-4th",2,"Married-civ-spouse","Sales","Other-relative","White","Male",0,0,40,"United-States","<=50K"
52,"State-gov",254285,"Bachelors",13,"Married-civ-spouse","Prof-specialty","Husband","White","Male",0,0,40,"United-States","<=50K"
33,"Private",111363,"Bachelors",13,"Married-civ-spouse","Exec-managerial","Husband","White","Male",0,0,40,"United-States",">50K"
23,"Private",193586,"Some-college",10,"Separated","Farming-fishing","Other-relative","White","Female",0,0,40,"United-States","<=50K"
35,"Private",272338,"Assoc-voc",11,"Divorced","Prof-specialty","Unmarried","White","Female",0,0,40,"United-States","<=50K"
20,"Private",391679,"HS-grad",9,"Never-married","Sales","Other-relative","White","Male",0,0,60,"United-States","<=50K"
31,"Private",316672,"HS-grad",9,"Never-married","Other-service","Unmarried","White","Female",0,0,40,"Mexico","<=50K"
20,"Private",381357,"9th",5,"Never-married","Handlers-cleaners","Own-child","White","Male",0,0,28,"United-States","<=50K"
40,"Self-emp-inc",37997,"Some-college",10,"Married-civ-spouse","Farming-fishing","Husband","White","Male",0,0,50,"United-States","<=50K"
48,"Private",207058,"HS-grad",9,"Divorced","Adm-clerical","Unmarried","White","Female",0,0,37,"United-States","<=50K"
39,"Self-emp-not-inc",194004,"HS-grad",9,"Married-civ-spouse","Sales","Husband","White","Male",0,0,70,"United-States","<=50K"
60,"Private",31577,"HS-grad",9,"Married-civ-spouse","Transport-moving","Husband","White","Male",0,0,60,"United-States",">50K"
42,"Private",108506,"HS-grad",9,"Married-civ-spouse","Transport-moving","Husband","Amer-Indian-Eskimo","Male",0,0,60,"United-States","<=50K"
62,"Federal-gov",125155,"HS-grad",9,"Married-civ-spouse","Adm-clerical","Husband","White","Male",0,0,38,"United-States","<=50K"
43,"Self-emp-not-inc",110355,"HS-grad",9,"Married-civ-spouse","Transport-moving","Husband","White","Male",0,0,45,"United-States","<=50K"
38,"Private",461337,"HS-grad",9,"Never-married","Sales","Not-in-family","White","Female",0,0,33,"United-States","<=50K"
46,"Private",220124,"HS-grad",9,"Separated","Craft-repair","Not-in-family","White","Male",0,0,37,"United-States","<=50K"
45,"Private",187969,"Assoc-voc",11,"Never-married","Sales","Not-in-family","White","Female",0,0,38,"United-States","<=50K"
59,"Private",245196,"10th",6,"Married-civ-spouse","Transport-moving","Husband","Black","Male",0,0,40,"United-States",">50K"
38,"Private",241153,"Masters",14,"Married-civ-spouse","Exec-managerial","Husband","White","Male",0,0,48,"United-States",">50K"
42,"Private",136177,"Some-college",10,"Divorced","Adm-clerical","Unmarried","White","Female",0,0,38,"United-States","<=50K"
59,"Private",291529,"10th",6,"Widowed","Machine-op-inspct","Not-in-family","White","Male",0,0,52,"United-States","<=50K"
29,"Self-emp-not-inc",32280,"HS-grad",9,"Never-married","Farming-fishing","Not-in-family","White","Male",0,0,45,"United-States","<=50K"
63,"Private",230823,"12th",8,"Married-civ-spouse","Transport-moving","Husband","White","Male",0,0,40,"Cuba","<=50K"
25,"Private",230292,"HS-grad",9,"Married-civ-spouse","Craft-repair","Husband","White","Male",0,0,40,"United-States","<=50K"
24,"Private",38455,"Some-college",10,"Never-married","Craft-repair","Not-in-family","White","Male",0,0,40,"United-States","<=50K"
51,"Private",157043,"11th",7,"Widowed","Handlers-cleaners","Unmarried","Black","Female",0,0,40,"United-States","<=50K"
43,"Self-emp-not-inc",96129,"11th",7,"Married-civ-spouse","Handlers-cleaners","Husband","White","Male",0,0,60,"United-States","<=50K"
62,"Private",169204,"HS-grad",9,"Widowed","Craft-repair","Unmarried","White","Male",0,0,40,"United-States","<=50K"
50,"Private",125417,"Assoc-acdm",12,"Married-civ-spouse","Exec-managerial","Wife","Black","Female",0,0,40,"United-States",">50K"
30,"Private",163604,"Bachelors",13,"Widowed","Prof-specialty","Unmarried","White","Female",0,0,55,"United-States",">50K"
42,"Local-gov",126319,"Bachelors",13,"Married-civ-spouse","Prof-specialty","Wife","White","Female",0,0,40,"United-States",">50K"
22,"Local-gov",195532,"Some-college",10,"Never-married","Protective-serv","Other-relative","White","Female",0,0,43,"United-States","<=50K"
41,"Private",204046,"HS-grad",9,"Married-civ-spouse","Craft-repair","Husband","White","Male",0,0,40,"United-States","<=50K"
34,"Private",142897,"Masters",14,"Married-civ-spouse","Exec-managerial","Husband","Asian-Pac-Islander","Male",7298,0,35,"Taiwan",">50K"
51,"Private",145409,"HS-grad",9,"Married-civ-spouse","Craft-repair","Husband","White","Male",0,0,40,"United-States","<=50K"
41,NA,277390,"Bachelors",13,"Married-civ-spouse",NA,"Wife","White","Female",0,0,30,"United-States",">50K"
31,"Private",387116,"Some-college",10,"Never-married","Adm-clerical","Not-in-family","Black","Female",0,0,36,"Jamaica","<=50K"
33,"State-gov",295589,"Some-college",10,"Separated","Adm-clerical","Own-child","Black","Male",0,0,35,"United-States","<=50K"
43,"Private",161226,"Bachelors",13,"Married-civ-spouse","Machine-op-inspct","Husband","Amer-Indian-Eskimo","Male",0,0,40,"United-States","<=50K"
51,"Private",162988,"10th",6,"Divorced","Other-service","Unmarried","White","Female",0,0,25,"United-States","<=50K"
46,"Private",118419,"HS-grad",9,"Divorced","Machine-op-inspct","Unmarried","White","Male",0,0,38,"United-States","<=50K"
45,"Private",45857,"11th",7,"Married-civ-spouse","Other-service","Wife","White","Female",0,0,36,"United-States","<=50K"
50,"Private",129673,"Bachelors",13,"Divorced","Exec-managerial","Not-in-family","White","Female",0,0,50,"United-States",">50K"
27,"Private",99897,"Some-college",10,"Married-civ-spouse","Tech-support","Husband","White","Male",0,0,40,"United-States","<=50K"
18,"Private",329054,"11th",7,"Never-married","Adm-clerical","Own-child","White","Female",0,0,15,"United-States","<=50K"
33,"Private",190772,"HS-grad",9,"Never-married","Adm-clerical","Not-in-family","White","Female",0,1617,40,"United-States","<=50K"
53,"Self-emp-not-inc",257126,"12th",8,"Married-civ-spouse","Craft-repair","Husband","White","Male",0,0,45,"United-States","<=50K"
45,"Self-emp-not-inc",94962,"HS-grad",9,"Married-civ-spouse","Craft-repair","Husband","White","Male",0,0,40,"England","<=50K"
35,"Local-gov",216068,"HS-grad",9,"Separated","Adm-clerical","Unmarried","White","Female",0,0,38,"United-States","<=50K"
25,"Private",130302,"HS-grad",9,"Never-married","Handlers-cleaners","Unmarried","White","Male",0,0,40,"United-States","<=50K"
23,"Private",189924,"Some-college",10,"Never-married","Other-service","Own-child","White","Female",0,0,40,"United-States","<=50K"
34,"Private",156464,"Bachelors",13,"Divorced","Exec-managerial","Not-in-family","White","Male",0,0,85,"England",">50K"
40,"Federal-gov",73883,"Some-college",10,"Married-civ-spouse","Tech-support","Husband","White","Male",0,0,40,"United-States",">50K"
54,"Private",222020,"10th",6,"Divorced","Other-service","Not-in-family","White","Male",0,0,70,"United-States","<=50K"
79,NA,100881,"Assoc-acdm",12,"Married-civ-spouse",NA,"Wife","White","Female",0,0,2,"United-States",">50K"
48,"Private",267912,"Bachelors",13,"Never-married","Other-service","Not-in-family","White","Male",0,0,50,"Mexico",">50K"
43,"Private",75742,"Some-college",10,"Married-civ-spouse","Transport-moving","Husband","White","Male",0,0,45,"United-States","<=50K"
50,"Private",202044,"Bachelors",13,"Divorced","Prof-specialty","Unmarried","White","Female",0,0,45,"United-States","<=50K"
41,"Self-emp-not-inc",83411,"HS-grad",9,"Married-civ-spouse","Exec-managerial","Husband","White","Male",0,0,40,"United-States",">50K"
27,"Private",221166,"9th",5,"Never-married","Farming-fishing","Own-child","White","Male",0,0,40,"United-States","<=50K"
18,"Self-emp-not-inc",42857,"Some-college",10,"Never-married","Craft-repair","Not-in-family","White","Female",0,0,35,"United-States","<=50K"
49,"Private",169042,"HS-grad",9,"Separated","Prof-specialty","Unmarried","White","Female",0,625,40,"Puerto-Rico","<=50K"
30,"Private",261023,"Some-college",10,"Divorced","Machine-op-inspct","Unmarried","White","Male",0,0,50,"United-States","<=50K"
32,"Local-gov",161478,"Bachelors",13,"Divorced","Adm-clerical","Unmarried","Asian-Pac-Islander","Female",0,0,46,"United-States","<=50K"
19,"Private",220001,"Some-college",10,"Never-married","Farming-fishing","Own-child","White","Male",0,0,50,"United-States","<=50K"
30,"Private",207668,"Some-college",10,"Never-married","Sales","Own-child","White","Male",0,0,30,"United-States","<=50K"
22,"Local-gov",399020,"Some-college",10,"Never-married","Adm-clerical","Not-in-family","White","Female",0,0,55,"United-States","<=50K"
29,"Private",244395,"11th",7,"Never-married","Other-service","Unmarried","Black","Female",0,0,40,"United-States","<=50K"
36,"Private",220696,"HS-grad",9,"Divorced","Machine-op-inspct","Not-in-family","White","Male",0,0,40,"United-States","<=50K"
20,"Private",102607,"HS-grad",9,"Never-married","Handlers-cleaners","Own-child","White","Male",0,0,30,"United-States","<=50K"
38,"Private",205359,"11th",7,"Married-civ-spouse","Adm-clerical","Wife","White","Female",0,0,32,"United-States","<=50K"
36,"Federal-gov",203836,"Some-college",10,"Married-civ-spouse","Handlers-cleaners","Husband","White","Male",0,0,50,"United-States","<=50K"
19,NA,124884,"9th",5,"Never-married",NA,"Not-in-family","White","Female",0,0,25,"United-States","<=50K"
23,"Private",259301,"HS-grad",9,"Divorced","Exec-managerial","Unmarried","White","Female",0,0,40,"United-States","<=50K"
30,"Self-emp-inc",178383,"Some-college",10,"Married-civ-spouse","Craft-repair","Husband","Black","Male",0,0,70,"United-States","<=50K"
49,"Self-emp-not-inc",349986,"Bachelors",13,"Married-civ-spouse","Prof-specialty","Husband","White","Male",0,0,60,"United-States",">50K"
42,"Local-gov",351161,"Some-college",10,"Divorced","Craft-repair","Not-in-family","White","Male",0,0,40,"United-States","<=50K"
53,"Private",270546,"HS-grad",9,"Divorced","Priv-house-serv","Not-in-family","White","Female",0,0,20,"United-States","<=50K"
59,"Private",126668,"Assoc-voc",11,"Married-civ-spouse","Prof-specialty","Husband","White","Male",5178,0,50,"United-States",">50K"
51,"Self-emp-inc",304955,"Masters",14,"Married-civ-spouse","Exec-managerial","Husband","White","Male",0,0,50,"United-States",">50K"
34,"Private",226443,"HS-grad",9,"Divorced","Adm-clerical","Own-child","White","Male",0,0,40,"United-States","<=50K"
24,"Private",77665,"HS-grad",9,"Never-married","Craft-repair","Not-in-family","White","Male",0,0,42,"United-States","<=50K"
32,"Private",117779,"HS-grad",9,"Never-married","Transport-moving","Own-child","White","Female",0,0,35,"United-States","<=50K"
20,"Private",42706,"Some-college",10,"Never-married","Adm-clerical","Not-in-family","White","Male",0,0,25,"United-States","<=50K"
25,"Private",160261,"Some-college",10,"Never-married","Exec-managerial","Own-child","Asian-Pac-Islander","Male",0,0,40,"China","<=50K"
30,"Private",80933,"HS-grad",9,"Married-civ-spouse","Craft-repair","Husband","White","Male",0,0,40,"United-States","<=50K"
34,"Private",137814,"Some-college",10,"Separated","Sales","Not-in-family","White","Male",0,0,45,"United-States","<=50K"
20,"Private",323009,"HS-grad",9,"Never-married","Adm-clerical","Unmarried","White","Female",0,0,40,"Germany","<=50K"
53,"Self-emp-not-inc",33304,"Prof-school",15,"Married-civ-spouse","Prof-specialty","Husband","White","Male",0,0,38,"United-States",">50K"
28,"Self-emp-not-inc",31717,"HS-grad",9,"Married-civ-spouse","Craft-repair","Husband","White","Male",0,0,40,"United-States","<=50K"
34,"Self-emp-not-inc",276221,"10th",6,"Married-civ-spouse","Farming-fishing","Husband","White","Male",0,0,40,"United-States","<=50K"
28,"Private",299422,"7th-8th",4,"Married-civ-spouse","Handlers-cleaners","Husband","White","Male",0,0,40,"Mexico","<=50K"
45,"Private",84790,"Bachelors",13,"Married-civ-spouse","Prof-specialty","Husband","White","Male",0,0,55,"United-States",">50K"
29,"Private",205499,"Some-college",10,"Married-civ-spouse","Protective-serv","Husband","White","Male",0,0,45,"United-States","<=50K"
30,NA,298577,"HS-grad",9,"Never-married",NA,"Own-child","White","Male",0,0,30,"United-States","<=50K"
42,"Private",121055,"Some-college",10,"Never-married","Sales","Not-in-family","White","Male",0,0,45,"United-States","<=50K"
39,"Private",176335,"Masters",14,"Married-civ-spouse","Exec-managerial","Husband","White","Male",7688,0,65,"United-States",">50K"
31,"Private",110643,"Bachelors",13,"Married-civ-spouse","Prof-specialty","Husband","White","Male",0,0,40,"United-States",">50K"
25,"State-gov",120041,"Bachelors",13,"Never-married","Prof-specialty","Not-in-family","White","Female",0,0,40,"United-States","<=50K"
41,"Private",146908,"Doctorate",16,"Married-civ-spouse","Prof-specialty","Husband","White","Male",0,0,60,"United-States",">50K"
25,"Private",73895,"HS-grad",9,"Never-married","Other-service","Own-child","White","Female",0,0,10,"United-States","<=50K"
49,"Self-emp-not-inc",355978,"Prof-school",15,"Married-civ-spouse","Prof-specialty","Husband","White","Male",99999,0,35,"United-States",">50K"
58,"Private",202652,"HS-grad",9,"Separated","Other-service","Unmarried","White","Female",0,0,40,"Dominican-Republic","<=50K"
51,"Private",59590,"HS-grad",9,"Married-civ-spouse","Adm-clerical","Wife","White","Female",0,0,20,"United-States","<=50K"
21,"Private",166517,"HS-grad",9,"Never-married","Craft-repair","Own-child","White","Male",0,0,40,"United-States","<=50K"
25,"Private",323545,"HS-grad",9,"Never-married","Tech-support","Not-in-family","Black","Female",0,0,40,"United-States","<=50K"
23,"Private",109952,"Some-college",10,"Married-civ-spouse","Craft-repair","Husband","White","Male",0,0,60,"United-States","<=50K"
25,"Private",114345,"9th",5,"Never-married","Craft-repair","Unmarried","White","Male",914,0,40,"United-States","<=50K"
31,"Private",295697,"HS-grad",9,"Separated","Other-service","Unmarried","Black","Female",0,0,40,"United-States","<=50K"
47,"Federal-gov",329205,"Bachelors",13,"Divorced","Prof-specialty","Unmarried","White","Male",0,0,40,"United-States","<=50K"
26,"Private",263200,"Some-college",10,"Divorced","Adm-clerical","Unmarried","White","Female",0,0,38,"United-States","<=50K"
34,"Private",134737,"Assoc-voc",11,"Married-civ-spouse","Machine-op-inspct","Husband","White","Male",0,0,40,"United-States","<=50K"
34,"Private",182177,"HS-grad",9,"Divorced","Craft-repair","Not-in-family","White","Male",3325,0,35,"United-States","<=50K"
61,NA,190997,"HS-grad",9,"Married-civ-spouse",NA,"Husband","White","Male",0,0,6,"United-States","<=50K"
28,"Local-gov",185647,"Some-college",10,"Married-civ-spouse","Protective-serv","Husband","White","Male",0,0,48,"United-States","<=50K"
46,"Private",271828,"HS-grad",9,"Married-civ-spouse","Craft-repair","Husband","White","Male",0,0,40,"United-States",">50K"
20,"State-gov",39478,"Some-college",10,"Never-married","Exec-managerial","Own-child","White","Male",0,0,54,"United-States","<=50K"
44,"State-gov",180609,"HS-grad",9,"Married-civ-spouse","Protective-serv","Husband","White","Male",0,0,40,"United-States","<=50K"
29,"Self-emp-not-inc",178564,"Bachelors",13,"Never-married","Prof-specialty","Other-relative","White","Male",0,0,40,"United-States","<=50K"
32,"Private",303942,"HS-grad",9,"Married-civ-spouse","Machine-op-inspct","Husband","White","Male",0,0,40,"United-States","<=50K"
25,"Private",190107,"Bachelors",13,"Never-married","Craft-repair","Own-child","White","Male",0,0,40,"United-States","<=50K"
37,"Self-emp-inc",79586,"Bachelors",13,"Never-married","Prof-specialty","Not-in-family","Other","Male",0,0,60,"United-States","<=50K"
19,"Private",472807,"1st-4th",2,"Never-married","Handlers-cleaners","Other-relative","White","Male",0,0,52,"Mexico","<=50K"
19,"Private",63363,"Some-college",10,"Never-married","Sales","Own-child","White","Female",0,0,30,"United-States","<=50K"
36,"Private",224531,"Bachelors",13,"Married-civ-spouse","Sales","Husband","White","Male",0,0,50,"United-States",">50K"
32,"Local-gov",95530,"Some-college",10,"Married-civ-spouse","Other-service","Husband","White","Male",0,0,40,"United-States","<=50K"
19,"Private",184121,"HS-grad",9,"Never-married","Other-service","Own-child","White","Male",0,0,20,"United-States","<=50K"
29,"Private",46987,"HS-grad",9,"Never-married","Adm-clerical","Not-in-family","White","Female",0,0,55,"United-States","<=50K"
28,"Self-emp-inc",153291,"HS-grad",9,"Never-married","Adm-clerical","Own-child","White","Female",0,0,35,"United-States","<=50K"
68,"State-gov",493363,"Bachelors",13,"Married-civ-spouse","Exec-managerial","Husband","White","Male",0,0,20,"United-States","<=50K"
33,"State-gov",43716,"Some-college",10,"Married-civ-spouse","Craft-repair","Husband","White","Male",0,0,4,"United-States","<=50K"
38,"Private",470663,"Bachelors",13,"Never-married","Exec-managerial","Not-in-family","White","Male",0,0,50,"United-States","<=50K"
29,"Private",108574,"Assoc-voc",11,"Never-married","Priv-house-serv","Own-child","White","Female",0,0,40,"United-States","<=50K"
23,"Private",32616,"Bachelors",13,"Never-married","Adm-clerical","Own-child","White","Female",0,0,20,"United-States","<=50K"
49,"Private",105431,"HS-grad",9,"Divorced","Other-service","Not-in-family","Black","Female",0,0,40,"United-States","<=50K"
20,"Private",164441,"HS-grad",9,"Never-married","Other-service","Own-child","Black","Male",0,0,40,"United-States","<=50K"
64,"Private",66634,"Bachelors",13,"Divorced","Exec-managerial","Unmarried","White","Male",27828,0,50,"United-States",">50K"
57,"Self-emp-not-inc",102058,"Masters",14,"Married-civ-spouse","Prof-specialty","Husband","White","Male",0,0,40,"United-States",">50K"
48,"Private",125892,"9th",5,"Married-civ-spouse","Machine-op-inspct","Husband","White","Male",0,0,40,"Poland","<=50K"
28,"Private",65171,"Some-college",10,"Married-civ-spouse","Adm-clerical","Husband","White","Male",0,0,40,"United-States","<=50K"
35,"Private",348690,"Bachelors",13,"Married-civ-spouse","Transport-moving","Husband","White","Male",0,0,40,"United-States","<=50K"
38,"Self-emp-inc",299036,"Bachelors",13,"Married-civ-spouse","Sales","Husband","White","Male",0,0,55,"United-States",">50K"
47,"Private",341995,"Some-college",10,"Divorced","Sales","Own-child","White","Male",0,0,55,"United-States","<=50K"
38,"Private",186145,"Some-college",10,"Married-civ-spouse","Sales","Wife","White","Female",0,0,40,"United-States",">50K"
32,"Private",112137,"Preschool",1,"Married-civ-spouse","Machine-op-inspct","Wife","Asian-Pac-Islander","Female",4508,0,40,"Cambodia","<=50K"
45,"Private",362883,"HS-grad",9,"Married-civ-spouse","Craft-repair","Husband","White","Male",5013,0,40,"United-States","<=50K"
42,"Private",221172,"Bachelors",13,"Married-civ-spouse","Exec-managerial","Husband","White","Male",0,0,40,"United-States",">50K"
29,"Private",184806,"Prof-school",15,"Never-married","Prof-specialty","Other-relative","White","Male",0,0,50,"United-States","<=50K"
42,"Private",177989,"HS-grad",9,"Married-civ-spouse","Craft-repair","Husband","White","Male",0,0,40,"United-States","<=50K"
47,"Self-emp-not-inc",243631,"Bachelors",13,"Married-civ-spouse","Prof-specialty","Husband","Asian-Pac-Islander","Male",0,0,40,"South","<=50K"
41,"Local-gov",193524,"Assoc-acdm",12,"Married-civ-spouse","Tech-support","Husband","White","Male",0,0,40,"United-States",">50K"
37,"Private",105021,"Bachelors",13,"Married-civ-spouse","Sales","Husband","White","Male",0,0,50,"United-States",">50K"
31,"Private",156464,"Bachelors",13,"Never-married","Prof-specialty","Own-child","White","Male",0,0,25,"United-States","<=50K"
21,"Private",351084,"HS-grad",9,"Never-married","Adm-clerical","Not-in-family","White","Female",0,0,40,"United-States","<=50K"
21,"Private",252024,"HS-grad",9,"Never-married","Handlers-cleaners","Other-relative","White","Male",0,0,20,"Mexico","<=50K"
49,"Private",50282,"Some-college",10,"Divorced","Machine-op-inspct","Not-in-family","White","Male",3325,0,45,"United-States","<=50K"
39,"Self-emp-not-inc",122353,"Bachelors",13,"Married-civ-spouse","Exec-managerial","Husband","White","Male",0,0,40,"United-States","<=50K"
39,"Private",120985,"HS-grad",9,"Divorced","Other-service","Own-child","White","Male",0,0,40,"United-States","<=50K"
37,"Self-emp-not-inc",180477,"HS-grad",9,"Married-civ-spouse","Craft-repair","Husband","White","Male",0,0,47,"United-States","<=50K"
30,"Private",341051,"Masters",14,"Married-civ-spouse","Exec-managerial","Husband","White","Male",15024,0,60,"United-States",">50K"
46,"Private",84402,"Bachelors",13,"Divorced","Prof-specialty","Not-in-family","White","Male",0,0,45,"United-States",">50K"
43,"Private",174051,"Bachelors",13,"Married-civ-spouse","Craft-repair","Husband","White","Male",0,0,48,"United-States","<=50K"
23,"Private",291011,"HS-grad",9,"Never-married","Craft-repair","Not-in-family","White","Male",0,0,40,"United-States","<=50K"
33,"Private",143653,"HS-grad",9,"Married-civ-spouse","Craft-repair","Husband","White","Male",0,0,30,"United-States","<=50K"
43,"Private",238530,"HS-grad",9,"Married-civ-spouse","Craft-repair","Husband","White","Male",0,0,40,"United-States","<=50K"
48,"Private",349151,"HS-grad",9,"Married-civ-spouse","Craft-repair","Husband","White","Male",0,0,40,"United-States","<=50K"
22,"Private",231053,"11th",7,"Married-civ-spouse","Machine-op-inspct","Husband","White","Male",0,0,70,"United-States",">50K"
29,"Private",32897,"HS-grad",9,"Divorced","Other-service","Not-in-family","White","Female",0,0,25,"United-States","<=50K"
39,"Private",114591,"Some-college",10,"Separated","Prof-specialty","Unmarried","White","Female",0,0,40,"United-States","<=50K"
36,"Private",376455,"Assoc-voc",11,"Divorced","Craft-repair","Not-in-family","White","Male",0,0,38,"United-States","<=50K"
20,"Private",216563,"Some-college",10,"Never-married","Other-service","Own-child","White","Female",0,0,20,"United-States","<=50K"
24,"Private",278130,"Assoc-acdm",12,"Never-married","Adm-clerical","Not-in-family","White","Male",0,0,40,"United-States","<=50K"
35,"Private",190194,"HS-grad",9,"Never-married","Adm-clerical","Not-in-family","White","Female",0,0,40,"United-States","<=50K"
36,"State-gov",143385,"Some-college",10,"Married-civ-spouse","Protective-serv","Husband","White","Male",0,0,40,"United-States","<=50K"
49,"Self-emp-inc",125892,"Masters",14,"Married-civ-spouse","Exec-managerial","Husband","White","Male",0,0,50,"United-States",">50K"
64,"Self-emp-not-inc",106538,"Masters",14,"Divorced","Prof-specialty","Not-in-family","White","Male",0,0,50,"United-States","<=50K"
36,"Private",146311,"9th",5,"Married-civ-spouse","Machine-op-inspct","Husband","White","Male",0,0,40,"United-States","<=50K"
29,"Private",153805,"HS-grad",9,"Never-married","Machine-op-inspct","Other-relative","Other","Male",0,0,40,"Ecuador","<=50K"
33,"Private",111985,"Some-college",10,"Married-civ-spouse","Craft-repair","Husband","White","Male",0,0,58,"United-States","<=50K"
41,"Local-gov",160785,"HS-grad",9,"Married-civ-spouse","Craft-repair","Husband","White","Male",0,0,40,"United-States","<=50K"
41,NA,211873,"Assoc-voc",11,"Married-civ-spouse",NA,"Wife","White","Female",0,1628,5,NA,"<=50K"
47,"State-gov",80282,"Doctorate",16,"Married-civ-spouse","Prof-specialty","Husband","White","Male",0,0,45,"United-States","<=50K"
55,"Self-emp-not-inc",68006,"7th-8th",4,"Never-married","Other-service","Other-relative","White","Female",0,0,60,"United-States","<=50K"
38,"Local-gov",115076,"Masters",14,"Married-civ-spouse","Exec-managerial","Husband","White","Male",0,0,70,"United-States",">50K"
35,"Private",52187,"Some-college",10,"Never-married","Other-service","Not-in-family","White","Male",0,0,30,"United-States","<=50K"
50,"Self-emp-not-inc",42402,"Prof-school",15,"Married-civ-spouse","Prof-specialty","Husband","White","Male",0,2415,30,"United-States",">50K"
35,"Private",82622,"HS-grad",9,"Divorced","Exec-managerial","Not-in-family","White","Male",0,0,50,"United-States","<=50K"
29,"Private",164040,"HS-grad",9,"Married-civ-spouse","Other-service","Husband","White","Male",0,0,40,"United-States","<=50K"
34,"Private",418020,"Doctorate",16,"Married-civ-spouse","Prof-specialty","Husband","White","Male",0,0,50,"United-States",">50K"
56,"Private",392160,"HS-grad",9,"Widowed","Sales","Unmarried","White","Female",0,0,25,"Mexico","<=50K"
33,"Private",323069,"Assoc-voc",11,"Divorced","Other-service","Unmarried","White","Female",0,0,40,"United-States","<=50K"
36,"Private",160035,"HS-grad",9,"Never-married","Other-service","Not-in-family","White","Male",0,0,40,"United-States","<=50K"
28,"Private",194200,"HS-grad",9,"Married-civ-spouse","Exec-managerial","Husband","White","Male",0,0,70,"United-States","<=50K"
62,"Private",88055,"Bachelors",13,"Married-civ-spouse","Machine-op-inspct","Husband","White","Male",0,0,40,"United-States","<=50K"
29,"Federal-gov",301010,"Some-college",10,"Never-married","Armed-Forces","Not-in-family","Black","Male",0,0,60,"United-States","<=50K"
74,"Private",194312,"9th",5,"Widowed","Craft-repair","Not-in-family","White","Male",0,0,10,NA,"<=50K"
37,"Local-gov",218184,"Bachelors",13,"Married-civ-spouse","Prof-specialty","Husband","White","Male",0,1887,40,"United-States",">50K"
58,"Private",203735,"HS-grad",9,"Divorced","Exec-managerial","Unmarried","White","Female",0,0,40,"United-States","<=50K"
43,"Local-gov",144778,"HS-grad",9,"Married-civ-spouse","Exec-managerial","Husband","White","Male",0,0,40,NA,"<=50K"
17,"Local-gov",175587,"11th",7,"Never-married","Protective-serv","Own-child","White","Male",0,0,30,"United-States","<=50K"
46,"Private",150499,"Assoc-acdm",12,"Married-civ-spouse","Craft-repair","Husband","White","Male",0,0,40,"United-States","<=50K"
45,"Private",54260,"Some-college",10,"Divorced","Craft-repair","Unmarried","White","Male",0,0,99,"United-States","<=50K"
42,"Private",214503,"Bachelors",13,"Married-civ-spouse","Prof-specialty","Husband","White","Male",0,0,44,"United-States",">50K"
42,"Private",152889,"10th",6,"Married-civ-spouse","Craft-repair","Husband","White","Male",0,0,45,"United-States","<=50K"
42,"Private",529216,"HS-grad",9,"Separated","Transport-moving","Other-relative","Black","Male",0,0,40,"United-States","<=50K"
46,NA,148489,"HS-grad",9,"Married-spouse-absent",NA,"Not-in-family","Asian-Pac-Islander","Male",0,0,40,"Philippines","<=50K"
59,"Private",271571,"Some-college",10,"Married-civ-spouse","Craft-repair","Husband","White","Male",15024,0,50,"United-States",">50K"
34,"Private",204470,"Masters",14,"Married-civ-spouse","Exec-managerial","Husband","White","Male",0,0,50,"United-States",">50K"
50,"Private",185846,"HS-grad",9,"Married-civ-spouse","Sales","Husband","White","Male",0,0,40,"United-States","<=50K"
53,"Private",152657,"10th",6,"Married-civ-spouse","Craft-repair","Husband","Black","Male",0,0,40,"United-States","<=50K"
64,"Private",60940,"HS-grad",9,"Widowed","Sales","Not-in-family","White","Female",8614,0,50,"France",">50K"
43,"Private",188808,"Masters",14,"Married-civ-spouse","Exec-managerial","Husband","White","Male",0,0,45,"United-States",">50K"
19,"Local-gov",292962,"HS-grad",9,"Never-married","Craft-repair","Other-relative","Black","Female",0,0,40,"United-States","<=50K"
44,"Private",139907,"Some-college",10,"Never-married","Sales","Own-child","White","Male",0,0,50,"United-States","<=50K"
54,"Federal-gov",21698,"Bachelors",13,"Divorced","Exec-managerial","Unmarried","White","Female",0,0,40,"United-States","<=50K"
29,"Private",253262,"Some-college",10,"Never-married","Craft-repair","Not-in-family","White","Female",0,0,40,"United-States","<=50K"
52,"Private",98752,"9th",5,"Widowed","Adm-clerical","Unmarried","White","Female",0,0,40,"United-States","<=50K"
61,"Private",128230,"HS-grad",9,"Married-civ-spouse","Prof-specialty","Husband","White","Male",0,0,30,"United-States","<=50K"
63,"Private",125954,"HS-grad",9,"Never-married","Machine-op-inspct","Not-in-family","White","Male",2174,0,40,"United-States","<=50K"
28,"Private",132191,"HS-grad",9,"Married-civ-spouse","Transport-moving","Husband","White","Male",0,0,45,"United-States",">50K"
37,"Private",374524,"Some-college",10,"Never-married","Transport-moving","Not-in-family","White","Male",0,0,40,"United-States","<=50K"
18,"Private",215190,"12th",8,"Never-married","Sales","Own-child","White","Female",0,0,20,"United-States","<=50K"
39,"Private",126494,"HS-grad",9,"Divorced","Prof-specialty","Unmarried","White","Female",0,0,40,"United-States","<=50K"
40,"Private",55395,"Assoc-voc",11,"Married-civ-spouse","Prof-specialty","Husband","White","Male",0,0,40,"United-States",">50K"
36,"Self-emp-not-inc",89622,"HS-grad",9,"Married-civ-spouse","Craft-repair","Husband","White","Male",0,0,80,"United-States",">50K"
52,"Private",155433,"5th-6th",3,"Never-married","Machine-op-inspct","Not-in-family","White","Female",0,0,40,NA,"<=50K"
44,"Private",182616,"Assoc-voc",11,"Married-civ-spouse","Tech-support","Husband","White","Male",0,0,40,"United-States",">50K"
24,"Private",194654,"HS-grad",9,"Married-civ-spouse","Protective-serv","Husband","White","Male",0,0,40,"United-States","<=50K"
55,"Self-emp-not-inc",205296,"Some-college",10,"Married-civ-spouse","Sales","Wife","White","Female",0,0,50,"United-States","<=50K"
19,"Private",82210,"HS-grad",9,"Never-married","Sales","Not-in-family","White","Male",0,0,50,"United-States","<=50K"
40,"Self-emp-not-inc",238574,"Prof-school",15,"Married-civ-spouse","Prof-specialty","Husband","White","Male",0,0,55,"United-States",">50K"
58,"Private",142182,"HS-grad",9,"Married-civ-spouse","Craft-repair","Husband","White","Male",0,0,25,"United-States","<=50K"
43,"Self-emp-inc",155293,"Bachelors",13,"Married-civ-spouse","Sales","Husband","White","Male",0,0,60,"United-States",">50K"
43,"Private",86750,"Assoc-voc",11,"Married-civ-spouse","Craft-repair","Husband","White","Male",0,0,99,"United-States","<=50K"
28,"Private",144833,"Some-college",10,"Married-civ-spouse","Handlers-cleaners","Husband","White","Male",0,0,40,"United-States","<=50K"
42,"Private",178537,"HS-grad",9,"Never-married","Other-service","Not-in-family","White","Female",0,0,24,"United-States","<=50K"
23,"Private",199452,"Some-college",10,"Never-married","Other-service","Own-child","White","Female",0,0,40,"United-States","<=50K"
26,"Private",139992,"Bachelors",13,"Never-married","Prof-specialty","Not-in-family","White","Female",0,0,40,"United-States","<=50K"
30,"Private",32008,"Bachelors",13,"Never-married","Tech-support","Not-in-family","White","Female",0,0,72,"United-States","<=50K"
39,"Private",451059,"9th",5,"Married-civ-spouse","Handlers-cleaners","Husband","White","Male",0,0,40,"United-States","<=50K"
49,"Private",196707,"HS-grad",9,"Married-civ-spouse","Machine-op-inspct","Husband","White","Male",7298,0,40,"United-States",">50K"
53,"Local-gov",82783,"HS-grad",9,"Divorced","Exec-managerial","Not-in-family","White","Male",0,0,40,"United-States","<=50K"
51,"Private",178241,"HS-grad",9,"Married-civ-spouse","Machine-op-inspct","Husband","Black","Male",0,0,40,"United-States",">50K"
37,"Private",171968,"Assoc-voc",11,"Married-civ-spouse","Adm-clerical","Husband","White","Male",0,0,40,"United-States","<=50K"
52,"Private",101752,"Assoc-voc",11,"Married-civ-spouse","Transport-moving","Husband","White","Male",0,0,56,"United-States","<=50K"
46,"Private",164877,"Some-college",10,"Married-civ-spouse","Craft-repair","Husband","White","Male",0,0,44,"United-States","<=50K"
30,"Private",263150,"HS-grad",9,"Divorced","Machine-op-inspct","Unmarried","White","Female",0,0,20,"United-States","<=50K"
17,"Private",127366,"11th",7,"Never-married","Sales","Own-child","White","Female",0,0,8,"United-States","<=50K"
54,"Private",146409,"Some-college",10,"Widowed","Exec-managerial","Unmarried","White","Female",0,0,40,"United-States","<=50K"
41,"Private",221947,"Some-college",10,"Married-civ-spouse","Craft-repair","Husband","White","Male",0,0,56,"United-States",">50K"
49,"Local-gov",119904,"Bachelors",13,"Married-civ-spouse","Prof-specialty","Wife","White","Female",7688,0,30,"United-States",">50K"
59,"Private",146391,"Assoc-voc",11,"Married-civ-spouse","Tech-support","Husband","White","Male",7298,0,40,"United-States",">50K"
66,NA,112871,"11th",7,"Never-married",NA,"Not-in-family","White","Male",0,0,30,"United-States","<=50K"
41,"Private",107584,"Some-college",10,"Separated","Transport-moving","Not-in-family","White","Male",0,0,35,"United-States","<=50K"
47,"Private",145269,"11th",7,"Divorced","Craft-repair","Not-in-family","White","Female",0,0,45,"United-States","<=50K"
40,"Self-emp-inc",137367,"Some-college",10,"Married-civ-spouse","Exec-managerial","Husband","Asian-Pac-Islander","Male",0,0,50,"China","<=50K"
57,"Private",171242,"Some-college",10,"Married-civ-spouse","Prof-specialty","Husband","White","Male",0,0,40,"United-States",">50K"
54,"Private",43269,"HS-grad",9,"Married-civ-spouse","Transport-moving","Husband","White","Male",0,0,50,"United-States",">50K"
55,"Self-emp-not-inc",422249,"HS-grad",9,"Married-civ-spouse","Craft-repair","Husband","White","Male",0,0,50,"United-States","<=50K"
53,"Private",35102,"Some-college",10,"Divorced","Adm-clerical","Not-in-family","White","Female",0,0,34,"United-States","<=50K"
66,"Private",350498,"Some-college",10,"Married-civ-spouse","Sales","Husband","White","Male",0,0,28,"United-States","<=50K"
20,"Private",224424,"12th",8,"Never-married","Machine-op-inspct","Own-child","White","Male",0,0,40,"United-States","<=50K"
33,"Private",193285,"Bachelors",13,"Married-civ-spouse","Prof-specialty","Husband","White","Male",0,0,38,"United-States",">50K"
55,"Private",326297,"HS-grad",9,"Separated","Adm-clerical","Not-in-family","White","Female",0,0,25,"United-States","<=50K"
36,"Private",592930,"HS-grad",9,"Married-civ-spouse","Transport-moving","Husband","Black","Male",0,0,50,"United-States",">50K"
44,"Private",182629,"Masters",14,"Divorced","Sales","Not-in-family","White","Male",0,0,24,"Iran","<=50K"
28,"Local-gov",419740,"Bachelors",13,"Never-married","Prof-specialty","Not-in-family","White","Male",0,0,52,"United-States","<=50K"
36,"Self-emp-inc",216711,"HS-grad",9,"Married-civ-spouse","Exec-managerial","Husband","White","Male",99999,0,50,NA,">50K"
43,"Self-emp-inc",64048,"9th",5,"Never-married","Sales","Own-child","White","Female",0,0,44,"Portugal","<=50K"
37,"Federal-gov",419053,"HS-grad",9,"Divorced","Craft-repair","Not-in-family","White","Male",0,0,40,"United-States","<=50K"
32,"Local-gov",199539,"Some-college",10,"Married-civ-spouse","Protective-serv","Husband","White","Male",0,0,40,"United-States",">50K"
29,"Private",221366,"Bachelors",13,"Married-civ-spouse","Prof-specialty","Husband","White","Male",5013,0,40,"Germany","<=50K"
39,"Local-gov",236391,"HS-grad",9,"Married-civ-spouse","Machine-op-inspct","Husband","White","Male",0,0,38,"United-States",">50K"
31,"Private",260782,"Some-college",10,"Married-civ-spouse","Transport-moving","Husband","White","Male",0,1579,45,"El-Salvador","<=50K"
23,"Private",203924,"Bachelors",13,"Never-married","Prof-specialty","Not-in-family","White","Male",0,0,50,"United-States","<=50K"
42,"Local-gov",174575,"Bachelors",13,"Married-civ-spouse","Prof-specialty","Husband","White","Male",5178,0,40,"United-States",">50K"
25,"Private",74883,"Bachelors",13,"Never-married","Tech-support","Not-in-family","Asian-Pac-Islander","Female",0,1092,40,"Philippines","<=50K"
68,NA,146645,"Doctorate",16,"Married-civ-spouse",NA,"Husband","White","Male",20051,0,50,"United-States",">50K"
34,"Unknown",379412,"HS-grad",9,"Married-civ-spouse","Craft-repair","Husband","White","Male",0,0,50,"United-States","<=50K"
30,"Self-emp-not-inc",45427,"Assoc-voc",11,"Divorced","Craft-repair","Not-in-family","White","Male",0,0,49,"United-States","<=50K"
46,"Self-emp-not-inc",119944,"Masters",14,"Married-civ-spouse","Exec-managerial","Husband","White","Male",0,0,50,"United-States",">50K"
62,"Private",84756,"9th",5,"Married-civ-spouse","Other-service","Husband","White","Male",0,0,35,"United-States","<=50K"
48,"Private",105808,"9th",5,"Widowed","Transport-moving","Unmarried","White","Male",0,0,40,"United-States",">50K"
33,"Private",362747,"Some-college",10,"Never-married","Other-service","Not-in-family","Black","Female",0,0,35,"United-States","<=50K"
59,"Private",31782,"10th",6,"Married-civ-spouse","Transport-moving","Husband","White","Male",0,0,45,"United-States",">50K"
63,"Private",109517,"Some-college",10,"Widowed","Adm-clerical","Unmarried","White","Female",0,0,43,"United-States","<=50K"
23,"Private",240137,"5th-6th",3,"Never-married","Handlers-cleaners","Not-in-family","White","Male",0,0,55,"Mexico","<=50K"
44,"Private",427952,"Bachelors",13,"Married-civ-spouse","Prof-specialty","Husband","White","Male",0,0,40,"United-States","<=50K"
26,"Self-emp-not-inc",227858,"Some-college",10,"Never-married","Other-service","Not-in-family","White","Female",0,0,48,"United-States","<=50K"
31,"Local-gov",331126,"Bachelors",13,"Never-married","Protective-serv","Own-child","Black","Male",0,0,48,"United-States","<=50K"
39,"Self-emp-inc",143123,"Assoc-voc",11,"Married-civ-spouse","Craft-repair","Husband","White","Male",0,2415,40,"United-States",">50K"
40,NA,341539,"Some-college",10,"Divorced",NA,"Not-in-family","White","Female",0,0,30,"United-States","<=50K"
51,"Private",108233,"Assoc-acdm",12,"Separated","Other-service","Not-in-family","Black","Female",0,0,40,"United-States","<=50K"
36,"Private",31438,"HS-grad",9,"Divorced","Transport-moving","Unmarried","White","Male",0,0,43,NA,"<=50K"
72,NA,75890,"Some-college",10,"Widowed",NA,"Unmarried","Asian-Pac-Islander","Female",0,0,4,"United-States","<=50K"
51,"Private",208899,"Bachelors",13,"Separated","Adm-clerical","Unmarried","White","Female",0,0,40,"United-States","<=50K"
57,"Private",89392,"Masters",14,"Married-spouse-absent","Prof-specialty","Not-in-family","White","Female",0,0,40,"United-States","<=50K"
19,NA,182609,"HS-grad",9,"Never-married",NA,"Own-child","Black","Female",0,0,25,"United-States","<=50K"
22,"Private",188950,"Some-college",10,"Never-married","Tech-support","Own-child","White","Male",0,0,40,"United-States","<=50K"
26,"State-gov",28366,"Bachelors",13,"Never-married","Prof-specialty","Not-in-family","White","Male",0,0,40,"United-States","<=50K"
51,NA,147015,"Some-college",10,"Divorced",NA,"Not-in-family","Black","Male",0,0,50,"United-States","<=50K"
21,NA,369084,"Some-college",10,"Never-married",NA,"Other-relative","White","Male",0,0,10,"United-States","<=50K"
53,"Private",215572,"HS-grad",9,"Never-married","Craft-repair","Not-in-family","White","Male",0,0,40,"United-States","<=50K"
32,"Private",316769,"11th",7,"Never-married","Other-service","Unmarried","Black","Female",0,0,40,"Jamaica","<=50K"
28,"Private",173649,"HS-grad",9,"Never-married","Other-service","Own-child","Black","Female",0,0,40,NA,"<=50K"
29,"Private",253814,"Bachelors",13,"Never-married","Exec-managerial","Not-in-family","White","Female",0,0,45,"United-States","<=50K"
31,"Private",36069,"HS-grad",9,"Never-married","Craft-repair","Not-in-family","White","Male",0,0,35,"United-States","<=50K"
21,"Private",182117,"Some-college",10,"Never-married","Other-service","Own-child","White","Male",0,0,15,"United-States","<=50K"
36,"Private",99146,"HS-grad",9,"Married-civ-spouse","Machine-op-inspct","Husband","White","Male",0,0,45,"United-States",">50K"
44,"Private",198282,"Bachelors",13,"Married-civ-spouse","Exec-managerial","Husband","White","Male",15024,0,60,"United-States",">50K"
39,"Private",99270,"HS-grad",9,"Divorced","Adm-clerical","Own-child","White","Female",0,0,40,"United-States","<=50K"
45,"Private",26522,"Some-college",10,"Married-civ-spouse","Adm-clerical","Wife","White","Female",0,1902,35,"United-States",">50K"
35,"Private",236910,"Bachelors",13,"Married-civ-spouse","Exec-managerial","Husband","White","Male",0,0,60,"United-States","<=50K"
41,"State-gov",132551,"Masters",14,"Divorced","Prof-specialty","Unmarried","White","Female",0,0,35,"United-States","<=50K"
26,"Private",108658,"HS-grad",9,"Never-married","Craft-repair","Not-in-family","White","Male",0,0,40,"United-States","<=50K"
34,"State-gov",34104,"Masters",14,"Married-civ-spouse","Prof-specialty","Husband","White","Male",7688,0,38,"United-States",">50K"
23,"Private",285004,"Bachelors",13,"Never-married","Sales","Not-in-family","Asian-Pac-Islander","Male",0,0,50,"Taiwan","<=50K"
28,"Private",199566,"Bachelors",13,"Married-civ-spouse","Other-service","Husband","Black","Male",0,0,40,"United-States","<=50K"
29,NA,95108,"HS-grad",9,"Never-married",NA,"Not-in-family","White","Male",0,0,40,"United-States","<=50K"
35,"Private",148903,"HS-grad",9,"Divorced","Sales","Unmarried","White","Female",0,0,40,"United-States","<=50K"
23,"Private",114357,"HS-grad",9,"Never-married","Tech-support","Own-child","White","Male",0,0,50,"United-States","<=50K"
47,"Federal-gov",99549,"Some-college",10,"Divorced","Adm-clerical","Unmarried","Black","Female",0,0,40,"United-States","<=50K"
41,"Local-gov",34987,"Bachelors",13,"Married-civ-spouse","Prof-specialty","Husband","White","Male",0,0,35,"United-States",">50K"
38,"Self-emp-not-inc",176657,"Some-college",10,"Separated","Sales","Not-in-family","Asian-Pac-Islander","Male",0,0,60,"Japan","<=50K"
29,"Private",193260,"Bachelors",13,"Married-civ-spouse","Craft-repair","Other-relative","Asian-Pac-Islander","Male",0,0,30,"India","<=50K"
40,"Private",201764,"HS-grad",9,"Divorced","Craft-repair","Not-in-family","White","Male",0,0,40,"United-States","<=50K"
27,"Private",36440,"Prof-school",15,"Never-married","Prof-specialty","Not-in-family","White","Female",0,0,65,"United-States",">50K"
52,"State-gov",135388,"HS-grad",9,"Married-civ-spouse","Craft-repair","Husband","White","Male",5013,0,40,"United-States","<=50K"
49,"Self-emp-inc",26502,"Bachelors",13,"Divorced","Prof-specialty","Unmarried","White","Male",6497,0,45,"United-States","<=50K"
28,NA,80165,"Some-college",10,"Divorced",NA,"Not-in-family","White","Female",0,0,30,"United-States","<=50K"
49,"Private",237920,"Doctorate",16,"Married-civ-spouse","Sales","Husband","White","Male",0,0,60,"United-States","<=50K"
50,"Private",123174,"Doctorate",16,"Married-civ-spouse","Prof-specialty","Husband","Black","Male",0,0,37,NA,">50K"
55,"Private",179534,"11th",7,"Widowed","Handlers-cleaners","Unmarried","White","Female",0,0,40,"United-States","<=50K"
22,NA,99543,"Some-college",10,"Never-married",NA,"Own-child","White","Male",0,0,20,"United-States","<=50K"
35,"Private",228493,"Some-college",10,"Never-married","Sales","Own-child","White","Male",0,0,48,"United-States","<=50K"
24,"Private",39615,"Bachelors",13,"Never-married","Sales","Not-in-family","White","Male",0,0,45,"United-States","<=50K"
58,"State-gov",69579,"Some-college",10,"Widowed","Prof-specialty","Not-in-family","White","Female",0,0,20,"United-States","<=50K"
54,"Local-gov",279452,"HS-grad",9,"Married-civ-spouse","Farming-fishing","Husband","White","Male",0,0,40,"United-States","<=50K"
38,"Private",216129,"Bachelors",13,"Divorced","Other-service","Not-in-family","Black","Female",0,0,60,NA,"<=50K"
55,NA,102058,"12th",8,"Widowed",NA,"Not-in-family","White","Male",0,0,30,"United-States","<=50K"
56,"Private",238638,"7th-8th",4,"Married-civ-spouse","Craft-repair","Husband","White","Male",0,0,40,"United-States","<=50K"
30,NA,33811,"Bachelors",13,"Married-civ-spouse",NA,"Wife","Other","Female",0,0,40,"Taiwan",">50K"
26,"Private",117833,"Bachelors",13,"Never-married","Exec-managerial","Not-in-family","White","Female",0,1669,50,"United-States","<=50K"
53,"State-gov",116367,"Some-college",10,"Divorced","Adm-clerical","Other-relative","White","Female",4650,0,40,"United-States","<=50K"
54,"Private",38795,"9th",5,"Separated","Craft-repair","Unmarried","White","Male",0,0,40,"United-States","<=50K"
41,"Private",235167,"5th-6th",3,"Married-spouse-absent","Priv-house-serv","Not-in-family","White","Female",0,0,32,"Mexico","<=50K"
39,"Self-emp-not-inc",202027,"Prof-school",15,"Married-civ-spouse","Prof-specialty","Husband","White","Male",0,1977,50,"United-States",">50K"
22,NA,224238,"Some-college",10,"Never-married",NA,"Own-child","White","Male",0,0,2,"United-States","<=50K"
26,"Private",113571,"HS-grad",9,"Never-married","Transport-moving","Not-in-family","White","Male",0,0,70,"United-States","<=50K"
21,NA,107801,"Some-college",10,"Never-married",NA,"Own-child","White","Female",0,0,3,"United-States","<=50K"
40,"Private",136986,"Some-college",10,"Married-civ-spouse","Machine-op-inspct","Husband","White","Male",0,0,50,"United-States",">50K"
36,"Private",214807,"HS-grad",9,"Divorced","Handlers-cleaners","Unmarried","White","Female",0,0,37,"United-States","<=50K"
64,"Private",216208,"Some-college",10,"Widowed","Sales","Not-in-family","White","Female",0,0,40,"United-States","<=50K"
55,"Self-emp-not-inc",158315,"HS-grad",9,"Married-civ-spouse","Sales","Husband","White","Male",0,0,50,"United-States",">50K"
46,"State-gov",164023,"Some-college",10,"Married-civ-spouse","Protective-serv","Husband","Black","Male",0,0,70,"United-States",">50K"
51,"Self-emp-not-inc",290290,"Bachelors",13,"Married-civ-spouse","Prof-specialty","Husband","White","Male",0,0,45,"United-States",">50K"
28,"Private",37359,"Assoc-voc",11,"Married-civ-spouse","Prof-specialty","Husband","White","Male",99999,0,50,"United-States",">50K"
36,"Private",190759,"Bachelors",13,"Married-civ-spouse","Prof-specialty","Husband","White","Male",0,0,45,"United-States",">50K"
18,"Private",156950,"HS-grad",9,"Never-married","Adm-clerical","Own-child","White","Male",0,0,35,"United-States","<=50K"
35,"Private",452283,"HS-grad",9,"Divorced","Sales","Own-child","White","Female",0,0,40,"United-States","<=50K"
35,"Private",155961,"HS-grad",9,"Never-married","Other-service","Own-child","Black","Female",0,0,35,"Jamaica","<=50K"
43,"Federal-gov",156996,"Prof-school",15,"Married-civ-spouse","Prof-specialty","Husband","Asian-Pac-Islander","Male",0,2415,55,NA,">50K"
18,"Private",234953,"Some-college",10,"Never-married","Adm-clerical","Own-child","White","Female",0,0,25,"United-States","<=50K"
25,"Private",212311,"Some-college",10,"Never-married","Adm-clerical","Unmarried","Black","Female",0,0,40,"United-States","<=50K"
25,"Private",262778,"Bachelors",13,"Never-married","Sales","Not-in-family","White","Female",6849,0,50,"United-States","<=50K"
53,"Local-gov",248834,"Bachelors",13,"Married-civ-spouse","Prof-specialty","Wife","White","Female",0,0,50,"United-States",">50K"
21,NA,163665,"Some-college",10,"Never-married",NA,"Own-child","White","Female",0,0,40,"United-States","<=50K"
30,"Private",447739,"Doctorate",16,"Never-married","Prof-specialty","Not-in-family","White","Male",0,0,60,"United-States","<=50K"
56,"Private",244554,"10th",6,"Widowed","Machine-op-inspct","Unmarried","Black","Female",0,0,40,"United-States","<=50K"
50,"Self-emp-not-inc",143730,"Bachelors",13,"Married-civ-spouse","Farming-fishing","Husband","White","Male",0,0,80,"United-States","<=50K"
44,"Private",150076,"HS-grad",9,"Never-married","Other-service","Not-in-family","White","Male",0,0,30,"United-States","<=50K"
28,NA,78388,"10th",6,"Never-married",NA,"Own-child","White","Female",0,0,38,"United-States","<=50K"
24,"Private",140001,"Some-college",10,"Never-married","Handlers-cleaners","Other-relative","White","Male",0,0,40,"Italy","<=50K"
59,NA,160662,"HS-grad",9,"Married-civ-spouse",NA,"Husband","White","Male",2407,0,40,"United-States","<=50K"
22,"Local-gov",34029,"Bachelors",13,"Never-married","Prof-specialty","Own-child","White","Female",0,0,20,"United-States","<=50K"
25,"Private",252187,"11th",7,"Never-married","Handlers-cleaners","Not-in-family","White","Male",0,0,40,"United-States","<=50K"
30,"Private",98733,"Some-college",10,"Divorced","Machine-op-inspct","Unmarried","White","Female",0,0,20,"United-States","<=50K"
64,NA,338355,"Assoc-voc",11,"Married-civ-spouse",NA,"Wife","White","Female",0,0,15,"United-States","<=50K"
32,"Local-gov",296466,"Masters",14,"Never-married","Prof-specialty","Not-in-family","White","Male",0,0,60,"United-States","<=50K"
18,"Private",98667,"11th",7,"Never-married","Other-service","Own-child","White","Female",0,0,16,"United-States","<=50K"
30,"Private",113364,"HS-grad",9,"Never-married","Machine-op-inspct","Other-relative","White","Male",0,0,40,"Vietnam","<=50K"
44,"Private",211531,"Some-college",10,"Married-civ-spouse","Exec-managerial","Husband","White","Male",0,0,50,"United-States","<=50K"
37,"Private",286730,"Some-college",10,"Divorced","Craft-repair","Unmarried","White","Female",0,0,40,"United-States","<=50K"
36,"Private",484024,"HS-grad",9,"Divorced","Machine-op-inspct","Unmarried","White","Male",0,0,40,"United-States","<=50K"
56,"Private",274111,"Bachelors",13,"Married-civ-spouse","Adm-clerical","Husband","White","Male",0,0,45,"United-States",">50K"
26,"Private",90277,"HS-grad",9,"Never-married","Adm-clerical","Own-child","White","Male",0,0,40,NA,"<=50K"
23,"Private",145389,"Some-college",10,"Married-civ-spouse","Sales","Wife","White","Female",0,0,40,"United-States","<=50K"
55,"Private",194290,"HS-grad",9,"Divorced","Craft-repair","Not-in-family","White","Male",0,0,40,"United-States","<=50K"
43,"Private",227065,"Masters",14,"Married-civ-spouse","Exec-managerial","Husband","White","Male",0,0,43,"United-States",">50K"
53,"Federal-gov",105788,"Bachelors",13,"Divorced","Exec-managerial","Unmarried","Black","Female",0,0,50,"United-States",">50K"
27,"Self-emp-not-inc",328518,"Assoc-voc",11,"Never-married","Prof-specialty","Other-relative","White","Male",0,0,30,"United-States","<=50K"
45,"Private",102147,"Assoc-voc",11,"Divorced","Exec-managerial","Not-in-family","White","Male",0,0,40,"United-States",">50K"
19,"Private",84610,"Some-college",10,"Never-married","Other-service","Own-child","White","Female",0,0,30,"United-States","<=50K"
44,"Self-emp-not-inc",37618,"HS-grad",9,"Married-civ-spouse","Farming-fishing","Husband","White","Male",0,0,40,"United-States",">50K"
49,"Private",64216,"HS-grad",9,"Divorced","Transport-moving","Not-in-family","White","Male",0,0,90,"United-States","<=50K"
31,"Private",332379,"7th-8th",4,"Never-married","Craft-repair","Not-in-family","White","Male",0,0,40,"United-States","<=50K"
37,"Private",34173,"Bachelors",13,"Never-married","Tech-support","Not-in-family","White","Female",0,0,40,"United-States","<=50K"
26,"Private",377754,"HS-grad",9,"Never-married","Machine-op-inspct","Not-in-family","White","Male",0,0,40,"United-States","<=50K"
43,"Private",133584,"Some-college",10,"Married-civ-spouse","Machine-op-inspct","Husband","White","Male",0,0,40,"United-States","<=50K"
20,"Private",168187,"Some-college",10,"Never-married","Other-service","Other-relative","White","Female",4416,0,25,"United-States","<=50K"
50,"Local-gov",133963,"Bachelors",13,"Never-married","Prof-specialty","Own-child","White","Female",0,0,40,"United-States",">50K"
43,"Self-emp-not-inc",99220,"Bachelors",13,"Married-civ-spouse","Sales","Husband","White","Male",0,0,40,"United-States",">50K"
42,"Private",185057,"HS-grad",9,"Separated","Adm-clerical","Unmarried","White","Female",0,0,35,"Scotland","<=50K"
27,"Private",150025,"5th-6th",3,"Never-married","Handlers-cleaners","Other-relative","White","Male",0,0,40,"Guatemala","<=50K"
33,"Private",340332,"Bachelors",13,"Separated","Exec-managerial","Not-in-family","Black","Female",0,0,45,"United-States","<=50K"
30,"Self-emp-not-inc",131584,"Assoc-voc",11,"Never-married","Craft-repair","Own-child","White","Male",0,0,60,"United-States","<=50K"
46,"Local-gov",146497,"HS-grad",9,"Divorced","Prof-specialty","Not-in-family","White","Female",0,0,40,"United-States","<=50K"
32,"Private",159187,"Assoc-voc",11,"Never-married","Prof-specialty","Not-in-family","White","Male",0,0,40,"United-States","<=50K"
48,"Private",176732,"9th",5,"Divorced","Sales","Not-in-family","White","Female",0,0,40,"United-States","<=50K"
41,"Private",90021,"HS-grad",9,"Married-civ-spouse","Handlers-cleaners","Husband","White","Male",0,0,40,NA,"<=50K"
53,"Private",196278,"Some-college",10,"Widowed","Sales","Not-in-family","White","Female",0,0,40,"United-States","<=50K"
32,"Private",158291,"HS-grad",9,"Married-civ-spouse","Craft-repair","Husband","White","Male",0,0,50,"United-States",">50K"
34,"Private",381153,"HS-grad",9,"Married-civ-spouse","Exec-managerial","Husband","White","Male",0,0,40,"United-States",">50K"
41,"Private",215479,"Some-college",10,"Never-married","Transport-moving","Not-in-family","Black","Male",0,0,43,"United-States","<=50K"
42,"Private",33521,"Assoc-acdm",12,"Married-civ-spouse","Sales","Husband","White","Male",0,0,45,"United-States",">50K"
66,"Self-emp-not-inc",97847,"Bachelors",13,"Married-civ-spouse","Sales","Husband","White","Male",0,0,50,"United-States","<=50K"
36,"Private",171676,"Bachelors",13,"Never-married","Sales","Not-in-family","White","Female",0,1741,40,"United-States","<=50K"
35,"Private",169104,"Some-college",10,"Married-spouse-absent","Craft-repair","Not-in-family","White","Male",0,0,40,"United-States","<=50K"
42,"Self-emp-not-inc",102069,"7th-8th",4,"Married-civ-spouse","Sales","Husband","White","Male",0,0,30,"United-States","<=50K"
53,"Private",224894,"5th-6th",3,"Married-civ-spouse","Priv-house-serv","Wife","Black","Female",0,0,10,"Haiti","<=50K"
33,"Private",123920,"Some-college",10,"Never-married","Exec-managerial","Not-in-family","Black","Female",0,0,40,"United-States","<=50K"
32,"Local-gov",223267,"Masters",14,"Married-civ-spouse","Prof-specialty","Husband","White","Male",0,0,48,"United-States","<=50K"
73,NA,200878,"HS-grad",9,"Widowed",NA,"Not-in-family","White","Female",0,0,15,"United-States","<=50K"
49,"Private",186982,"Some-college",10,"Separated","Exec-managerial","Not-in-family","White","Female",0,0,45,"United-States",">50K"
65,"Private",154171,"Prof-school",15,"Married-civ-spouse","Prof-specialty","Husband","White","Male",20051,0,60,"United-States",">50K"
66,"State-gov",162945,"Prof-school",15,"Married-civ-spouse","Exec-managerial","Husband","Black","Male",20051,0,55,"United-States",">50K"
43,"Private",173316,"Some-college",10,"Married-civ-spouse","Craft-repair","Husband","White","Male",0,0,40,"United-States","<=50K"
30,"Private",177304,"Some-college",10,"Married-civ-spouse","Sales","Husband","White","Male",0,0,44,"United-States","<=50K"
28,"Private",118861,"10th",6,"Married-civ-spouse","Craft-repair","Wife","Other","Female",0,0,48,"Guatemala","<=50K"
51,"Private",120173,"Assoc-voc",11,"Married-civ-spouse","Craft-repair","Husband","White","Male",3103,0,50,"United-States",">50K"
45,"Private",32896,"5th-6th",3,"Never-married","Machine-op-inspct","Own-child","White","Female",0,0,35,"United-States","<=50K"
44,"Private",102085,"Some-college",10,"Divorced","Adm-clerical","Other-relative","White","Female",0,0,40,"United-States","<=50K"
29,"Private",81648,"HS-grad",9,"Married-civ-spouse","Sales","Husband","White","Male",0,1887,55,"United-States",">50K"
40,"Self-emp-inc",110862,"Assoc-acdm",12,"Married-civ-spouse","Craft-repair","Husband","White","Male",0,2377,50,"United-States","<=50K"
50,"Self-emp-not-inc",175456,"HS-grad",9,"Married-civ-spouse","Farming-fishing","Husband","White","Male",0,0,50,"United-States","<=50K"
30,"Private",255004,"Assoc-acdm",12,"Divorced","Sales","Not-in-family","White","Male",0,0,52,"United-States","<=50K"
59,"Private",118358,"HS-grad",9,"Married-civ-spouse","Craft-repair","Husband","White","Male",0,0,40,"United-States",">50K"
35,"Private",148903,"HS-grad",9,"Married-civ-spouse","Other-service","Wife","White","Female",0,0,16,"United-States",">50K"
51,"Private",92463,"HS-grad",9,"Married-civ-spouse","Adm-clerical","Husband","White","Male",0,0,40,"United-States","<=50K"
32,"Private",250354,"10th",6,"Never-married","Craft-repair","Other-relative","White","Male",0,0,45,"United-States","<=50K"
30,"Private",132565,"Some-college",10,"Never-married","Craft-repair","Unmarried","White","Male",0,0,40,"United-States","<=50K"
54,"Local-gov",29887,"HS-grad",9,"Married-civ-spouse","Exec-managerial","Husband","White","Male",0,0,56,"United-States","<=50K"
30,"Private",207253,"Assoc-voc",11,"Married-civ-spouse","Craft-repair","Husband","White","Male",0,0,40,"England","<=50K"
37,"Private",241805,"Some-college",10,"Married-civ-spouse","Other-service","Husband","Black","Male",0,0,30,"United-States","<=50K"
30,"Private",185027,"Bachelors",13,"Married-civ-spouse","Prof-specialty","Husband","White","Male",0,0,40,"United-States",">50K"
32,"Private",398019,"7th-8th",4,"Never-married","Priv-house-serv","Not-in-family","White","Female",0,0,15,"Mexico","<=50K"
44,"Private",165492,"Some-college",10,"Married-civ-spouse","Sales","Husband","White","Male",0,0,40,"United-States",">50K"
34,"Private",42596,"Some-college",10,"Married-civ-spouse","Exec-managerial","Husband","White","Male",0,0,45,"United-States","<=50K"
37,"Private",187311,"Some-college",10,"Never-married","Adm-clerical","Not-in-family","White","Female",0,0,60,"United-States","<=50K"
59,"Private",109015,"HS-grad",9,"Divorced","Tech-support","Unmarried","White","Female",0,0,40,"United-States","<=50K"
33,"Private",56701,"Bachelors",13,"Married-civ-spouse","Prof-specialty","Husband","White","Male",15024,0,75,"United-States",">50K"
51,"Self-emp-not-inc",111283,"HS-grad",9,"Divorced","Exec-managerial","Not-in-family","White","Female",99999,0,35,"United-States",">50K"
17,"Private",225106,"10th",6,"Never-married","Other-service","Own-child","White","Female",0,1602,18,"United-States","<=50K"
27,"Private",200928,"Some-college",10,"Never-married","Sales","Own-child","White","Male",0,0,22,"United-States","<=50K"
39,"Private",168894,"Some-college",10,"Never-married","Adm-clerical","Not-in-family","White","Female",0,0,40,"United-States","<=50K"
38,"Private",171150,"Assoc-acdm",12,"Married-civ-spouse","Prof-specialty","Husband","White","Male",0,0,40,"United-States",">50K"
47,"Private",73064,"7th-8th",4,"Married-civ-spouse","Machine-op-inspct","Wife","Black","Female",0,0,35,"United-States","<=50K"
47,"Federal-gov",197038,"Bachelors",13,"Married-civ-spouse","Prof-specialty","Husband","White","Male",0,0,50,"United-States","<=50K"
47,"Private",206659,"Some-college",10,"Divorced","Adm-clerical","Other-relative","White","Female",0,0,40,"United-States","<=50K"
27,"Private",58654,"Assoc-voc",11,"Separated","Adm-clerical","Unmarried","White","Female",0,0,40,"United-States","<=50K"
42,"Private",127314,"Bachelors",13,"Married-civ-spouse","Tech-support","Husband","White","Male",0,0,45,"United-States",">50K"
28,"Private",251905,"Prof-school",15,"Never-married","Prof-specialty","Not-in-family","White","Male",0,2339,40,"Canada","<=50K"
35,"Self-emp-not-inc",278632,"HS-grad",9,"Married-civ-spouse","Craft-repair","Husband","White","Male",0,0,40,"United-States","<=50K"
38,"State-gov",354591,"HS-grad",9,"Never-married","Other-service","Unmarried","Black","Female",114,0,38,"United-States","<=50K"
22,"Private",243923,"HS-grad",9,"Married-civ-spouse","Transport-moving","Other-relative","White","Male",0,0,80,"United-States","<=50K"
40,"Private",118853,"Bachelors",13,"Married-civ-spouse","Exec-managerial","Husband","White","Male",0,0,60,"United-States","<=50K"
63,"State-gov",99823,"Some-college",10,"Married-civ-spouse","Protective-serv","Husband","White","Male",0,0,32,"United-States","<=50K"
23,"Private",211049,"Some-college",10,"Never-married","Tech-support","Not-in-family","White","Female",4101,0,40,"United-States","<=50K"
24,"Private",329852,"HS-grad",9,"Never-married","Machine-op-inspct","Not-in-family","White","Male",0,0,40,"United-States","<=50K"
57,"Private",41762,"HS-grad",9,"Married-civ-spouse","Craft-repair","Husband","Asian-Pac-Islander","Male",0,0,40,"South",">50K"
46,"Private",292504,"Some-college",10,"Married-spouse-absent","Sales","Unmarried","White","Female",0,0,40,"United-States","<=50K"
37,"Private",343721,"Bachelors",13,"Married-civ-spouse","Prof-specialty","Husband","White","Male",0,0,40,"United-States",">50K"
39,"Local-gov",163278,"Some-college",10,"Never-married","Adm-clerical","Not-in-family","White","Female",2202,0,44,"United-States","<=50K"
23,"Private",212619,"HS-grad",9,"Married-civ-spouse","Machine-op-inspct","Husband","White","Male",0,0,50,"United-States","<=50K"
20,"Private",179423,"Some-college",10,"Never-married","Handlers-cleaners","Own-child","White","Female",0,0,8,"United-States","<=50K"
40,"Private",254167,"10th",6,"Separated","Transport-moving","Own-child","White","Male",0,0,35,"United-States","<=50K"
45,"Private",90758,"Bachelors",13,"Married-civ-spouse","Exec-managerial","Husband","White","Male",0,0,55,"United-States",">50K"
22,"Private",401762,"HS-grad",9,"Never-married","Adm-clerical","Not-in-family","White","Female",0,0,55,"United-States","<=50K"
39,"Private",301867,"Bachelors",13,"Divorced","Adm-clerical","Not-in-family","Asian-Pac-Islander","Female",0,0,24,"Philippines","<=50K"
42,"Private",155106,"Some-college",10,"Never-married","Machine-op-inspct","Not-in-family","White","Male",0,0,45,"United-States","<=50K"
48,"Private",313925,"Assoc-acdm",12,"Married-civ-spouse","Prof-specialty","Wife","White","Female",0,0,30,"United-States",">50K"
57,"Federal-gov",199114,"Bachelors",13,"Never-married","Adm-clerical","Not-in-family","White","Male",0,2258,40,"United-States","<=50K"
28,"Private",377095,"Bachelors",13,"Married-civ-spouse","Exec-managerial","Wife","White","Female",0,0,40,"United-States","<=50K"
51,"Self-emp-not-inc",32372,"12th",8,"Married-civ-spouse","Other-service","Husband","White","Male",0,0,99,"United-States","<=50K"
38,"Self-emp-not-inc",243484,"Bachelors",13,"Married-civ-spouse","Adm-clerical","Wife","White","Female",0,0,28,"United-States",">50K"
54,"Self-emp-not-inc",105010,"Bachelors",13,"Married-civ-spouse","Exec-managerial","Husband","White","Male",0,0,40,"United-States",">50K"
52,"Private",53497,"Assoc-voc",11,"Married-civ-spouse","Craft-repair","Husband","White","Male",0,0,40,"United-States","<=50K"
18,"Private",335065,"7th-8th",4,"Never-married","Sales","Own-child","White","Male",0,0,30,"Mexico","<=50K"
43,"Self-emp-inc",130126,"Some-college",10,"Married-civ-spouse","Exec-managerial","Husband","White","Male",15024,0,45,"United-States",">50K"
38,"Private",312108,"HS-grad",9,"Never-married","Other-service","Unmarried","Black","Female",0,0,40,"United-States","<=50K"
50,"Private",274528,"Some-college",10,"Married-civ-spouse","Sales","Husband","White","Male",0,0,40,"United-States","<=50K"
53,"Self-emp-not-inc",101017,"HS-grad",9,"Married-civ-spouse","Exec-managerial","Husband","White","Male",0,0,35,"United-States","<=50K"
67,"Private",105216,"Some-college",10,"Widowed","Adm-clerical","Not-in-family","White","Female",0,0,25,"United-States","<=50K"
32,"Private",106541,"5th-6th",3,"Married-civ-spouse","Other-service","Other-relative","White","Male",0,0,40,"United-States","<=50K"
41,"Private",277192,"5th-6th",3,"Married-civ-spouse","Farming-fishing","Wife","White","Female",0,0,40,"Mexico","<=50K"
31,"Private",194901,"HS-grad",9,"Married-civ-spouse","Sales","Husband","White","Male",0,0,50,"United-States",">50K"
25,"Private",485496,"HS-grad",9,"Never-married","Machine-op-inspct","Not-in-family","Black","Female",0,0,40,"United-States","<=50K"
64,"Self-emp-not-inc",388625,"10th",6,"Married-civ-spouse","Prof-specialty","Husband","White","Male",0,0,10,"United-States",">50K"
50,"Private",195844,"Assoc-acdm",12,"Married-civ-spouse","Exec-managerial","Husband","White","Male",0,0,50,"United-States",">50K"
29,"Private",185019,"12th",8,"Never-married","Other-service","Not-in-family","Other","Male",0,0,40,"United-States","<=50K"
21,"Private",434710,"Some-college",10,"Never-married","Sales","Not-in-family","White","Female",0,0,15,"United-States","<=50K"
41,"Private",114157,"HS-grad",9,"Divorced","Machine-op-inspct","Own-child","White","Male",0,0,40,"United-States","<=50K"
38,"Private",65324,"Prof-school",15,"Married-civ-spouse","Prof-specialty","Husband","White","Male",0,0,40,"United-States",">50K"
37,"Private",335168,"Some-college",10,"Married-civ-spouse","Sales","Husband","White","Male",0,0,55,"United-States","<=50K"
19,"Private",187724,"Some-college",10,"Never-married","Other-service","Own-child","White","Female",0,0,25,"United-States","<=50K"
54,"Self-emp-not-inc",114520,"Some-college",10,"Married-civ-spouse","Sales","Husband","White","Male",0,0,40,"United-States","<=50K"
37,"Private",201259,"11th",7,"Divorced","Transport-moving","Not-in-family","White","Male",0,0,65,"United-States","<=50K"
62,"Private",174711,"HS-grad",9,"Never-married","Adm-clerical","Not-in-family","White","Female",0,0,32,"United-States","<=50K"
40,"Private",192344,"Bachelors",13,"Married-civ-spouse","Adm-clerical","Husband","White","Male",0,0,40,"United-States",">50K"
49,"Private",186078,"Masters",14,"Married-civ-spouse","Prof-specialty","Wife","White","Female",0,0,50,"United-States",">50K"
30,"Private",176871,"Some-college",10,"Separated","Adm-clerical","Unmarried","Black","Female",0,0,40,"United-States","<=50K"
60,"Self-emp-not-inc",148492,"HS-grad",9,"Married-civ-spouse","Craft-repair","Husband","White","Male",0,1485,50,"United-States",">50K"
47,"Private",121124,"HS-grad",9,"Married-civ-spouse","Craft-repair","Husband","White","Male",0,0,40,"United-States",">50K"
49,"Self-emp-not-inc",199590,"HS-grad",9,"Married-civ-spouse","Craft-repair","Husband","White","Male",0,0,50,"Mexico","<=50K"
45,"Private",297884,"Bachelors",13,"Divorced","Exec-managerial","Not-in-family","White","Male",0,0,40,"United-States",">50K"
47,"Private",110669,"Bachelors",13,"Separated","Prof-specialty","Unmarried","White","Female",0,0,50,"United-States","<=50K"
48,"Private",105838,"Bachelors",13,"Married-civ-spouse","Exec-managerial","Husband","White","Male",0,0,45,"United-States",">50K"
51,"Private",233149,"Assoc-acdm",12,"Married-civ-spouse","Exec-managerial","Husband","White","Male",0,0,45,"United-States",">50K"
32,"Federal-gov",128714,"HS-grad",9,"Never-married","Other-service","Own-child","Black","Female",0,0,32,"United-States","<=50K"
33,"Self-emp-not-inc",67482,"Assoc-voc",11,"Divorced","Other-service","Unmarried","White","Female",0,0,99,"United-States","<=50K"
35,"Private",110668,"HS-grad",9,"Married-civ-spouse","Machine-op-inspct","Wife","Black","Female",0,0,35,"United-States","<=50K"
38,"Local-gov",218184,"5th-6th",3,"Married-civ-spouse","Handlers-cleaners","Other-relative","White","Male",0,0,40,"Mexico","<=50K"
28,"Private",169069,"HS-grad",9,"Never-married","Craft-repair","Own-child","White","Male",0,0,40,"United-States","<=50K"
22,"Private",191324,"Some-college",10,"Never-married","Protective-serv","Own-child","White","Male",0,0,25,"United-States","<=50K"
49,"Local-gov",34021,"Bachelors",13,"Never-married","Prof-specialty","Own-child","White","Female",0,0,50,"United-States","<=50K"
55,"Private",334308,"HS-grad",9,"Married-civ-spouse","Exec-managerial","Wife","White","Female",0,0,30,"United-States",">50K"
22,"Private",65225,"10th",6,"Never-married","Other-service","Own-child","White","Female",0,0,40,"United-States","<=50K"
24,"Private",211129,"Bachelors",13,"Never-married","Sales","Own-child","White","Female",0,0,35,"United-States","<=50K"
55,"Private",119751,"Masters",14,"Never-married","Prof-specialty","Other-relative","Asian-Pac-Islander","Female",0,0,40,"Thailand","<=50K"
49,"Local-gov",120451,"10th",6,"Separated","Other-service","Unmarried","Black","Female",0,0,40,"United-States","<=50K"
31,"Private",330715,"HS-grad",9,"Separated","Other-service","Not-in-family","White","Male",0,0,40,"United-States","<=50K"
32,"Private",211751,"Assoc-voc",11,"Divorced","Other-service","Unmarried","Black","Female",0,0,40,"United-States","<=50K"
22,"Private",59924,"HS-grad",9,"Never-married","Other-service","Own-child","White","Female",0,0,40,"United-States","<=50K"
20,"Private",301199,"Some-college",10,"Never-married","Other-service","Own-child","White","Female",0,0,24,"United-States","<=50K"
43,"Self-emp-not-inc",316820,"Some-college",10,"Married-civ-spouse","Farming-fishing","Husband","White","Male",0,0,84,"United-States","<=50K"
21,"Private",205844,"Some-college",10,"Never-married","Sales","Own-child","Black","Female",0,0,25,"United-States","<=50K"
44,"Private",193882,"Bachelors",13,"Married-civ-spouse","Exec-managerial","Husband","White","Male",0,0,40,"United-States",">50K"
19,NA,220517,"Some-college",10,"Never-married",NA,"Own-child","White","Female",0,0,15,"United-States","<=50K"
40,"Self-emp-not-inc",171615,"Some-college",10,"Never-married","Craft-repair","Not-in-family","White","Male",0,0,35,"United-States",">50K"
38,"Private",305597,"HS-grad",9,"Never-married","Transport-moving","Unmarried","White","Male",0,0,40,"United-States","<=50K"
37,"Private",126675,"Some-college",10,"Married-civ-spouse","Exec-managerial","Husband","White","Male",0,0,57,"United-States","<=50K"
17,"Self-emp-not-inc",228786,"10th",6,"Never-married","Other-service","Own-child","White","Female",0,0,24,"United-States","<=50K"
33,"Private",259931,"11th",7,"Separated","Machine-op-inspct","Other-relative","White","Male",0,0,30,"United-States","<=50K"
61,NA,232618,"Prof-school",15,"Married-civ-spouse",NA,"Husband","White","Male",0,0,40,"United-States",">50K"
20,"Private",186849,"HS-grad",9,"Never-married","Transport-moving","Other-relative","White","Male",0,0,40,"United-States","<=50K"
54,"Self-emp-not-inc",212165,"HS-grad",9,"Married-civ-spouse","Sales","Husband","White","Male",0,0,60,"United-States","<=50K"
33,"Private",180551,"HS-grad",9,"Divorced","Exec-managerial","Unmarried","White","Female",0,0,40,"United-States","<=50K"
58,"Private",150560,"Bachelors",13,"Divorced","Adm-clerical","Not-in-family","White","Female",14084,0,40,"United-States",">50K"
61,"Local-gov",192060,"Bachelors",13,"Separated","Prof-specialty","Not-in-family","White","Male",0,0,30,NA,"<=50K"
20,"Private",36235,"Assoc-acdm",12,"Never-married","Adm-clerical","Not-in-family","White","Female",0,0,40,"United-States","<=50K"
28,"Private",243762,"11th",7,"Separated","Craft-repair","Unmarried","White","Female",0,0,40,"United-States","<=50K"
36,"Private",163278,"Masters",14,"Never-married","Prof-specialty","Not-in-family","White","Female",0,0,40,"United-States","<=50K"
35,"Private",183898,"Assoc-voc",11,"Married-civ-spouse","Exec-managerial","Husband","White","Male",7298,0,50,"United-States",">50K"
17,"Private",150106,"10th",6,"Never-married","Sales","Own-child","White","Female",0,0,20,"United-States","<=50K"
43,"Local-gov",196308,"HS-grad",9,"Divorced","Exec-managerial","Unmarried","Amer-Indian-Eskimo","Female",0,0,40,"United-States","<=50K"
76,"Local-gov",178665,"9th",5,"Married-civ-spouse","Other-service","Husband","White","Male",0,0,30,"United-States","<=50K"
41,"Private",180181,"Masters",14,"Divorced","Exec-managerial","Unmarried","White","Female",0,0,40,"United-States","<=50K"
37,NA,163595,"HS-grad",9,"Widowed",NA,"Not-in-family","White","Female",0,0,20,"United-States","<=50K"
29,"Private",82910,"Some-college",10,"Married-civ-spouse","Transport-moving","Husband","White","Male",0,0,40,"United-States","<=50K"
41,"Federal-gov",83411,"HS-grad",9,"Married-civ-spouse","Other-service","Husband","White","Male",0,0,40,"United-States","<=50K"
21,"Private",29810,"HS-grad",9,"Never-married","Other-service","Not-in-family","White","Female",0,0,50,"United-States","<=50K"
33,NA,393376,"11th",7,"Never-married",NA,"Not-in-family","White","Female",0,0,40,"United-States","<=50K"
24,"State-gov",163480,"Masters",14,"Never-married","Adm-clerical","Not-in-family","Black","Female",0,0,40,"United-States","<=50K"
39,"Private",139012,"Bachelors",13,"Married-civ-spouse","Adm-clerical","Husband","Asian-Pac-Islander","Male",0,0,40,"Philippines",">50K"
47,"Private",181652,"HS-grad",9,"Married-civ-spouse","Machine-op-inspct","Wife","White","Female",0,0,40,"United-States","<=50K"
39,"Private",33983,"Some-college",10,"Married-civ-spouse","Adm-clerical","Husband","White","Male",15024,0,40,"United-States",">50K"
46,"Local-gov",172822,"HS-grad",9,"Married-civ-spouse","Transport-moving","Husband","White","Male",0,0,40,"United-States","<=50K"
56,"Self-emp-not-inc",196307,"Bachelors",13,"Never-married","Prof-specialty","Not-in-family","White","Male",0,0,20,"United-States","<=50K"
47,"Federal-gov",191858,"Assoc-acdm",12,"Married-civ-spouse","Adm-clerical","Husband","White","Male",0,0,40,"United-States",">50K"
74,"Self-emp-not-inc",192413,"Prof-school",15,"Divorced","Prof-specialty","Other-relative","White","Male",0,0,40,"United-States","<=50K"
60,"Private",173960,"Bachelors",13,"Divorced","Prof-specialty","Not-in-family","White","Female",0,0,42,"United-States","<=50K"
42,"State-gov",304302,"HS-grad",9,"Married-civ-spouse","Transport-moving","Husband","Amer-Indian-Eskimo","Male",0,0,40,"United-States","<=50K"
61,"Private",199198,"7th-8th",4,"Widowed","Other-service","Not-in-family","Black","Female",0,0,21,"United-States","<=50K"
36,"Federal-gov",128884,"HS-grad",9,"Divorced","Adm-clerical","Not-in-family","White","Female",0,0,48,"United-States","<=50K"
41,"State-gov",293485,"Some-college",10,"Married-civ-spouse","Adm-clerical","Wife","White","Female",3103,0,40,"United-States",">50K"
40,"Private",136244,"Some-college",10,"Married-civ-spouse","Adm-clerical","Wife","White","Female",0,0,40,"United-States","<=50K"
50,"Private",178596,"HS-grad",9,"Divorced","Craft-repair","Unmarried","White","Male",0,1408,50,"United-States","<=50K"
21,"Private",270043,"Some-college",10,"Never-married","Other-service","Own-child","White","Female",0,0,16,"United-States","<=50K"
25,"Self-emp-not-inc",213385,"Some-college",10,"Never-married","Craft-repair","Own-child","White","Male",0,0,80,"United-States","<=50K"
22,"Private",184756,"Some-college",10,"Never-married","Sales","Own-child","White","Female",0,0,30,"United-States","<=50K"
49,"Local-gov",59612,"Masters",14,"Married-civ-spouse","Prof-specialty","Husband","White","Male",0,0,40,"United-States",">50K"
37,"Local-gov",269300,"Some-college",10,"Married-spouse-absent","Adm-clerical","Unmarried","Black","Female",0,0,27,"United-States","<=50K"
59,"Private",159008,"Assoc-acdm",12,"Married-civ-spouse","Craft-repair","Husband","White","Male",7298,0,20,"United-States",">50K"
30,"Self-emp-not-inc",45796,"Some-college",10,"Married-civ-spouse","Machine-op-inspct","Husband","White","Male",0,0,40,"United-States","<=50K"
47,"Private",420986,"Bachelors",13,"Married-civ-spouse","Exec-managerial","Husband","White","Male",0,0,40,"United-States",">50K"
44,"Private",252202,"HS-grad",9,"Divorced","Adm-clerical","Not-in-family","White","Female",0,0,40,"United-States","<=50K"
27,"Private",357348,"HS-grad",9,"Separated","Other-service","Unmarried","White","Female",0,0,50,"United-States","<=50K"
20,"Private",111697,"Some-college",10,"Never-married","Adm-clerical","Own-child","White","Female",0,1719,28,"United-States","<=50K"
47,"Private",167787,"HS-grad",9,"Never-married","Adm-clerical","Other-relative","White","Female",0,0,40,"United-States","<=50K"
21,"Private",119156,"Some-college",10,"Never-married","Machine-op-inspct","Own-child","White","Male",0,0,20,"United-States","<=50K"
40,"Private",182268,"Preschool",1,"Married-spouse-absent","Adm-clerical","Own-child","White","Male",0,0,40,"United-States","<=50K"
18,NA,216508,"12th",8,"Never-married",NA,"Not-in-family","White","Male",0,0,25,"United-States","<=50K"
35,"Private",193815,"Assoc-acdm",12,"Married-civ-spouse","Adm-clerical","Husband","White","Male",0,0,40,"United-States",">50K"
28,"Private",195000,"Bachelors",13,"Never-married","Sales","Other-relative","White","Female",0,0,45,"United-States","<=50K"
42,"Private",30824,"Masters",14,"Divorced","Prof-specialty","Not-in-family","White","Female",2354,0,16,"United-States","<=50K"
34,"Private",272411,"Bachelors",13,"Never-married","Adm-clerical","Not-in-family","White","Female",0,0,40,"United-States","<=50K"
43,"Self-emp-inc",151089,"HS-grad",9,"Married-civ-spouse","Sales","Husband","White","Male",0,0,50,"United-States","<=50K"
47,"Federal-gov",53498,"HS-grad",9,"Divorced","Other-service","Unmarried","Black","Female",0,0,40,"United-States","<=50K"
50,"Private",98350,"Some-college",10,"Married-civ-spouse","Adm-clerical","Husband","Asian-Pac-Islander","Male",0,0,40,"Philippines",">50K"
29,"Private",152461,"Bachelors",13,"Never-married","Prof-specialty","Unmarried","White","Female",14344,0,50,"United-States",">50K"
59,"Unknown",200453,"Masters",14,"Married-civ-spouse","Sales","Husband","White","Male",0,0,40,"United-States","<=50K"
43,"Private",397280,"Assoc-acdm",12,"Never-married","Prof-specialty","Not-in-family","White","Male",0,0,50,"United-States",">50K"
47,"Self-emp-not-inc",180446,"Some-college",10,"Married-civ-spouse","Tech-support","Husband","Black","Male",0,0,40,"United-States",">50K"
45,"Local-gov",135776,"Masters",14,"Divorced","Prof-specialty","Not-in-family","White","Female",0,0,30,"United-States","<=50K"
25,"Private",208881,"Bachelors",13,"Married-civ-spouse","Prof-specialty","Husband","White","Male",0,0,60,"United-States","<=50K"
52,"Local-gov",35092,"Doctorate",16,"Married-civ-spouse","Exec-managerial","Husband","White","Male",0,0,40,"United-States",">50K"
21,"Private",211601,"Some-college",10,"Never-married","Adm-clerical","Own-child","Black","Female",0,0,40,"United-States","<=50K"
57,"Private",301514,"HS-grad",9,"Married-civ-spouse","Sales","Husband","White","Male",0,0,40,"United-States","<=50K"
28,"Private",133043,"HS-grad",9,"Divorced","Adm-clerical","Unmarried","White","Female",0,0,50,"United-States","<=50K"
56,"Private",298695,"7th-8th",4,"Married-civ-spouse","Machine-op-inspct","Husband","White","Male",0,0,48,"United-States","<=50K"
19,"Local-gov",167816,"HS-grad",9,"Divorced","Exec-managerial","Not-in-family","White","Female",0,0,35,"United-States","<=50K"
30,"Private",312667,"Some-college",10,"Married-civ-spouse","Craft-repair","Husband","White","Male",0,0,40,"United-States","<=50K"
47,"Private",155489,"HS-grad",9,"Married-civ-spouse","Transport-moving","Husband","White","Male",7688,0,55,"United-States",">50K"
46,"Local-gov",226871,"Bachelors",13,"Divorced","Protective-serv","Not-in-family","Black","Male",0,0,50,"United-States",">50K"
24,"Private",246207,"Bachelors",13,"Never-married","Machine-op-inspct","Own-child","Black","Female",0,0,40,"United-States","<=50K"
53,"Private",91911,"HS-grad",9,"Divorced","Craft-repair","Unmarried","Black","Female",0,0,48,"United-States","<=50K"
33,"Local-gov",147921,"HS-grad",9,"Widowed","Other-service","Unmarried","White","Female",0,0,40,"United-States","<=50K"
23,"Local-gov",144165,"Bachelors",13,"Never-married","Prof-specialty","Own-child","Amer-Indian-Eskimo","Male",0,0,30,"United-States","<=50K"
61,"Private",183355,"HS-grad",9,"Married-civ-spouse","Adm-clerical","Husband","White","Male",0,0,40,"United-States",">50K"
66,"Private",22313,"11th",7,"Married-civ-spouse","Craft-repair","Husband","White","Male",0,0,20,"United-States","<=50K"
37,"Federal-gov",325538,"Masters",14,"Married-civ-spouse","Prof-specialty","Husband","White","Male",0,0,40,NA,">50K"
21,"Private",136975,"HS-grad",9,"Never-married","Other-service","Own-child","White","Male",0,0,40,"United-States","<=50K"
37,"Private",201141,"HS-grad",9,"Never-married","Adm-clerical","Own-child","White","Female",0,0,37,"United-States","<=50K"
22,"State-gov",309348,"Some-college",10,"Never-married","Adm-clerical","Not-in-family","White","Female",0,0,15,"United-States","<=50K"
29,"Private",355569,"Assoc-voc",11,"Never-married","Exec-managerial","Unmarried","White","Female",0,0,50,"United-States","<=50K"
20,"Private",212582,"Some-college",10,"Never-married","Other-service","Own-child","White","Female",0,0,16,"United-States","<=50K"
43,"Private",124692,"Bachelors",13,"Married-civ-spouse","Sales","Husband","White","Male",0,0,40,"United-States",">50K"
34,"Private",346275,"11th",7,"Divorced","Handlers-cleaners","Not-in-family","White","Male",0,0,43,"United-States","<=50K"
23,"Private",154978,"HS-grad",9,"Married-civ-spouse","Other-service","Husband","White","Male",0,0,40,"Guatemala","<=50K"
21,"Private",190805,"HS-grad",9,"Married-civ-spouse","Handlers-cleaners","Husband","White","Male",0,0,32,"United-States","<=50K"
22,"Private",95566,"Some-college",10,"Married-spouse-absent","Sales","Own-child","Other","Female",0,0,22,"Dominican-Republic","<=50K"
27,"Private",161683,"11th",7,"Married-civ-spouse","Machine-op-inspct","Husband","White","Male",0,0,42,"United-States","<=50K"
44,"Self-emp-not-inc",230684,"HS-grad",9,"Married-civ-spouse","Transport-moving","Husband","White","Male",0,0,55,"United-States","<=50K"
30,"Local-gov",169020,"Bachelors",13,"Married-civ-spouse","Prof-specialty","Husband","White","Male",0,0,40,"United-States","<=50K"
24,"Private",163053,"Bachelors",13,"Never-married","Sales","Not-in-family","White","Female",0,0,40,"United-States","<=50K"
39,"Local-gov",139364,"Bachelors",13,"Married-civ-spouse","Prof-specialty","Husband","White","Male",0,0,35,"United-States",">50K"
18,"Private",243240,"HS-grad",9,"Never-married","Machine-op-inspct","Not-in-family","White","Male",0,0,37,"United-States","<=50K"
38,"Private",323269,"Some-college",10,"Married-civ-spouse","Other-service","Wife","Black","Female",0,0,40,"United-States","<=50K"
18,"Private",60981,"Some-college",10,"Never-married","Sales","Own-child","White","Female",2176,0,35,"United-States","<=50K"
22,"Private",203182,"Some-college",10,"Separated","Sales","Unmarried","White","Female",0,0,43,"United-States","<=50K"
27,"Private",242097,"Assoc-voc",11,"Married-civ-spouse","Transport-moving","Husband","White","Male",0,0,50,"United-States","<=50K"
17,"Private",27415,"11th",7,"Never-married","Handlers-cleaners","Own-child","Amer-Indian-Eskimo","Male",0,0,20,"United-States","<=50K"
19,"Private",109854,"HS-grad",9,"Never-married","Adm-clerical","Own-child","White","Female",0,0,40,"United-States","<=50K"
28,"Private",157391,"Bachelors",13,"Never-married","Sales","Own-child","White","Female",0,0,40,"United-States","<=50K"
57,"Self-emp-not-inc",138285,"Assoc-acdm",12,"Married-civ-spouse","Other-service","Husband","White","Male",0,0,40,"Iran","<=50K"
26,"Private",150062,"HS-grad",9,"Married-civ-spouse","Sales","Husband","White","Male",0,0,50,"United-States","<=50K"
23,"Private",200973,"HS-grad",9,"Never-married","Adm-clerical","Not-in-family","White","Female",0,0,40,"United-States","<=50K"
35,"Private",165930,"Some-college",10,"Married-civ-spouse","Craft-repair","Husband","White","Male",0,0,40,"United-States","<=50K"
47,"Self-emp-not-inc",192755,"HS-grad",9,"Married-civ-spouse","Machine-op-inspct","Wife","White","Female",0,0,20,"United-States",">50K"
27,"Private",167737,"Some-college",10,"Never-married","Handlers-cleaners","Not-in-family","White","Male",0,0,48,"United-States","<=50K"
29,"Private",134152,"HS-grad",9,"Separated","Machine-op-inspct","Not-in-family","White","Male",0,0,40,"United-States","<=50K"
56,"Private",104945,"7th-8th",4,"Married-civ-spouse","Other-service","Husband","Black","Male",0,0,40,"United-States","<=50K"
35,"Self-emp-not-inc",202027,"Masters",14,"Married-civ-spouse","Exec-managerial","Husband","White","Male",7688,0,55,"United-States",">50K"
34,"Private",169527,"Some-college",10,"Married-civ-spouse","Sales","Wife","White","Female",4386,0,20,"United-States","<=50K"
35,"Private",330664,"HS-grad",9,"Divorced","Transport-moving","Not-in-family","White","Male",0,0,40,"United-States","<=50K"
39,"Self-emp-inc",167482,"Assoc-acdm",12,"Married-civ-spouse","Exec-managerial","Husband","White","Male",0,0,50,"United-States",">50K"
67,"State-gov",239705,"Doctorate",16,"Married-civ-spouse","Prof-specialty","Husband","Black","Male",0,0,12,NA,"<=50K"
26,"Self-emp-not-inc",219897,"Masters",14,"Never-married","Prof-specialty","Not-in-family","White","Female",0,0,50,"United-States","<=50K"
77,NA,174887,"Some-college",10,"Married-civ-spouse",NA,"Husband","White","Male",0,0,6,"United-States","<=50K"
33,"Local-gov",33727,"Masters",14,"Married-civ-spouse","Prof-specialty","Wife","White","Female",0,0,40,"United-States","<=50K"
60,"Self-emp-not-inc",327474,"HS-grad",9,"Married-civ-spouse","Sales","Husband","White","Male",0,0,70,"United-States","<=50K"
33,"Private",184833,"HS-grad",9,"Never-married","Other-service","Not-in-family","White","Female",0,0,35,"United-States","<=50K"
36,"Private",174938,"Bachelors",13,"Divorced","Tech-support","Unmarried","White","Male",0,0,20,"United-States","<=50K"
51,"Self-emp-inc",162327,"11th",7,"Divorced","Sales","Not-in-family","White","Male",0,0,40,"United-States","<=50K"
42,"Local-gov",194417,"Some-college",10,"Married-civ-spouse","Protective-serv","Husband","White","Male",0,0,40,"United-States",">50K"
48,"Self-emp-not-inc",167918,"Masters",14,"Married-civ-spouse","Sales","Husband","Asian-Pac-Islander","Male",0,0,50,"India","<=50K"
62,"Private",178249,"Bachelors",13,"Married-civ-spouse","Exec-managerial","Husband","White","Male",0,0,35,"United-States",">50K"
23,"Private",161478,"Some-college",10,"Never-married","Other-service","Own-child","Asian-Pac-Islander","Female",0,0,23,"United-States","<=50K"
32,"Private",159589,"HS-grad",9,"Never-married","Handlers-cleaners","Own-child","White","Male",0,0,50,"United-States","<=50K"
33,"Self-emp-not-inc",42485,"11th",7,"Married-civ-spouse","Exec-managerial","Husband","White","Male",0,0,70,"United-States","<=50K"
35,NA,476573,"HS-grad",9,"Never-married",NA,"Not-in-family","White","Female",0,0,4,"United-States","<=50K"
35,"Private",222989,"HS-grad",9,"Married-civ-spouse","Transport-moving","Husband","White","Male",0,0,30,"United-States","<=50K"
25,"Private",174545,"HS-grad",9,"Never-married","Adm-clerical","Unmarried","White","Female",0,0,46,"United-States","<=50K"
25,"Private",441210,"HS-grad",9,"Never-married","Prof-specialty","Own-child","White","Male",0,0,40,"United-States","<=50K"
30,"Private",227886,"HS-grad",9,"Never-married","Exec-managerial","Own-child","Black","Female",0,0,35,"Jamaica","<=50K"
31,"Self-emp-not-inc",226696,"Assoc-voc",11,"Married-civ-spouse","Farming-fishing","Husband","White","Male",0,0,60,"United-States",">50K"
44,"Private",163215,"12th",8,"Divorced","Machine-op-inspct","Unmarried","White","Female",0,0,40,"United-States","<=50K"
44,"Private",151985,"Masters",14,"Married-civ-spouse","Exec-managerial","Wife","White","Female",0,0,24,"United-States",">50K"
51,"Local-gov",168539,"Bachelors",13,"Married-civ-spouse","Exec-managerial","Husband","White","Male",0,0,50,"United-States",">50K"
25,"Private",180778,"HS-grad",9,"Never-married","Craft-repair","Not-in-family","White","Male",0,0,75,"United-States","<=50K"
47,"Private",200734,"Bachelors",13,"Never-married","Exec-managerial","Unmarried","Black","Female",0,0,45,"United-States","<=50K"
58,"Self-emp-not-inc",274917,"Masters",14,"Widowed","Other-service","Not-in-family","White","Female",0,0,15,"United-States","<=50K"
55,"Federal-gov",169133,"Bachelors",13,"Divorced","Prof-specialty","Unmarried","White","Male",0,0,40,"United-States","<=50K"
38,"Private",136137,"Some-college",10,"Married-civ-spouse","Exec-managerial","Other-relative","White","Male",0,0,50,"United-States",">50K"
35,"Private",297485,"Bachelors",13,"Divorced","Exec-managerial","Unmarried","White","Female",0,0,40,"United-States","<=50K"
36,"Private",48972,"Some-college",10,"Divorced","Adm-clerical","Unmarried","White","Female",0,0,40,"United-States","<=50K"
39,"Private",111499,"Bachelors",13,"Never-married","Exec-managerial","Not-in-family","White","Female",0,0,40,"United-States","<=50K"
18,"Private",270544,"12th",8,"Never-married","Adm-clerical","Own-child","White","Female",0,0,30,"United-States","<=50K"
46,"Private",79874,"Bachelors",13,"Married-civ-spouse","Exec-managerial","Husband","White","Male",0,0,53,"United-States",">50K"
38,"Private",78247,"Some-college",10,"Married-civ-spouse","Exec-managerial","Husband","White","Male",0,0,40,"United-States","<=50K"
59,"Private",99248,"Some-college",10,"Divorced","Other-service","Not-in-family","White","Male",0,0,40,"United-States","<=50K"
52,"Private",163998,"HS-grad",9,"Married-civ-spouse","Sales","Husband","White","Male",99999,0,45,"United-States",">50K"
55,"Local-gov",219775,"HS-grad",9,"Divorced","Other-service","Unmarried","White","Female",0,0,38,"United-States","<=50K"
46,"Private",160647,"Bachelors",13,"Widowed","Tech-support","Unmarried","White","Female",0,0,38,"United-States","<=50K"
75,"Private",311184,"Bachelors",13,"Married-civ-spouse","Exec-managerial","Husband","White","Male",0,0,24,"United-States","<=50K"
35,"Private",283305,"Bachelors",13,"Never-married","Exec-managerial","Not-in-family","White","Female",0,0,40,"United-States","<=50K"
21,"Private",83033,"Some-college",10,"Never-married","Other-service","Not-in-family","White","Female",0,0,25,"Germany","<=50K"
45,"Private",243631,"Doctorate",16,"Married-civ-spouse","Prof-specialty","Husband","Asian-Pac-Islander","Male",0,0,45,"China",">50K"
23,"Private",273206,"Bachelors",13,"Never-married","Adm-clerical","Not-in-family","White","Female",0,0,23,"United-States","<=50K"
25,"Private",462869,"HS-grad",9,"Never-married","Handlers-cleaners","Other-relative","White","Male",0,0,40,"Mexico","<=50K"
25,NA,192321,"Assoc-acdm",12,"Never-married",NA,"Own-child","White","Female",0,0,80,"United-States","<=50K"
19,NA,174233,"Some-college",10,"Never-married",NA,"Own-child","Black","Male",0,0,24,"United-States","<=50K"
17,"Private",208463,"HS-grad",9,"Never-married","Sales","Own-child","White","Female",0,0,20,"United-States","<=50K"
59,"Private",105592,"Some-college",10,"Married-civ-spouse","Exec-managerial","Husband","White","Male",0,0,12,"United-States","<=50K"
66,NA,213477,"7th-8th",4,"Divorced",NA,"Not-in-family","White","Male",0,0,10,"United-States","<=50K"
57,"Private",180920,"HS-grad",9,"Married-civ-spouse","Transport-moving","Husband","White","Male",0,0,40,"United-States",">50K"
25,"Private",161027,"Bachelors",13,"Married-civ-spouse","Tech-support","Husband","White","Male",5178,0,40,"United-States",">50K"
62,NA,144116,"10th",6,"Married-civ-spouse",NA,"Husband","White","Male",0,0,40,"United-States","<=50K"
32,"Private",174215,"Some-college",10,"Divorced","Sales","Unmarried","White","Female",0,0,40,"United-States","<=50K"
27,"Private",61580,"Some-college",10,"Divorced","Adm-clerical","Other-relative","White","Female",0,0,40,"United-States","<=50K"
64,"Local-gov",199298,"5th-6th",3,"Divorced","Other-service","Not-in-family","White","Female",0,0,45,NA,"<=50K"
23,"Private",311376,"Assoc-voc",11,"Never-married","Adm-clerical","Not-in-family","White","Female",0,0,40,"United-States","<=50K"
21,"Private",118693,"Some-college",10,"Never-married","Machine-op-inspct","Own-child","White","Male",0,0,40,"United-States","<=50K"
27,"Private",51025,"HS-grad",9,"Never-married","Other-service","Not-in-family","White","Female",0,0,40,"United-States","<=50K"
23,NA,32897,"Assoc-acdm",12,"Married-civ-spouse",NA,"Husband","White","Male",0,0,20,"United-States","<=50K"
52,"Local-gov",152795,"Some-college",10,"Married-civ-spouse","Craft-repair","Husband","White","Male",0,0,40,"United-States","<=50K"
35,"Private",233786,"11th",7,"Separated","Other-service","Unmarried","White","Male",0,0,20,"United-States","<=50K"
27,"Self-emp-not-inc",41099,"HS-grad",9,"Never-married","Craft-repair","Not-in-family","White","Male",0,0,30,"United-States","<=50K"
31,"Private",199655,"Masters",14,"Divorced","Other-service","Not-in-family","Other","Female",0,0,30,"United-States","<=50K"
65,"Private",174056,"7th-8th",4,"Married-civ-spouse","Machine-op-inspct","Husband","White","Male",0,0,40,"United-States","<=50K"
49,"Private",379779,"Bachelors",13,"Divorced","Exec-managerial","Not-in-family","White","Female",0,0,40,"United-States","<=50K"
48,"Private",194772,"Assoc-acdm",12,"Married-civ-spouse","Sales","Husband","White","Male",0,1902,40,"United-States",">50K"
37,"Private",59944,"HS-grad",9,"Never-married","Transport-moving","Not-in-family","White","Male",0,0,40,"United-States","<=50K"
42,"State-gov",436006,"Some-college",10,"Married-civ-spouse","Adm-clerical","Husband","Black","Male",0,0,40,"United-States","<=50K"
35,"Private",189382,"HS-grad",9,"Divorced","Craft-repair","Not-in-family","White","Male",0,0,40,"United-States","<=50K"
49,"Private",115784,"Assoc-voc",11,"Married-civ-spouse","Handlers-cleaners","Husband","White","Male",0,0,45,"United-States","<=50K"
41,"Local-gov",190368,"Bachelors",13,"Never-married","Prof-specialty","Not-in-family","White","Female",0,0,70,"United-States","<=50K"
50,"State-gov",159219,"Bachelors",13,"Married-civ-spouse","Exec-managerial","Husband","White","Male",0,0,40,"Canada",">50K"
18,"Private",198087,"HS-grad",9,"Never-married","Sales","Own-child","White","Female",0,0,30,"United-States","<=50K"
22,"Private",152878,"HS-grad",9,"Married-civ-spouse","Transport-moving","Husband","White","Male",0,0,40,"United-States","<=50K"
30,"Private",270889,"Some-college",10,"Married-civ-spouse","Adm-clerical","Husband","White","Male",0,0,40,"United-States",">50K"
44,"Federal-gov",404599,"HS-grad",9,"Divorced","Adm-clerical","Unmarried","Black","Female",0,0,40,"United-States","<=50K"
42,"Private",156526,"Some-college",10,"Never-married","Tech-support","Not-in-family","White","Male",0,0,33,"United-States","<=50K"
24,"Private",275395,"HS-grad",9,"Married-civ-spouse","Machine-op-inspct","Husband","White","Male",0,0,50,"United-States","<=50K"
34,"Private",180284,"Some-college",10,"Married-civ-spouse","Handlers-cleaners","Husband","White","Male",0,0,50,"United-States","<=50K"
35,"Federal-gov",245372,"HS-grad",9,"Never-married","Adm-clerical","Not-in-family","White","Male",0,0,40,"United-States","<=50K"
46,"Private",308334,"1st-4th",2,"Widowed","Other-service","Unmarried","Other","Female",0,0,30,"Mexico","<=50K"
63,"Self-emp-inc",165667,"HS-grad",9,"Married-civ-spouse","Exec-managerial","Husband","White","Male",0,0,40,"United-States","<=50K"
24,"State-gov",215797,"Bachelors",13,"Never-married","Tech-support","Not-in-family","White","Female",0,0,40,"United-States","<=50K"
64,"Self-emp-not-inc",177825,"HS-grad",9,"Never-married","Other-service","Not-in-family","White","Male",1055,0,40,"United-States","<=50K"
42,"Private",183319,"5th-6th",3,"Married-civ-spouse","Craft-repair","Husband","White","Male",0,0,60,"United-States","<=50K"
19,"Private",174478,"HS-grad",9,"Never-married","Other-service","Own-child","White","Female",0,0,40,"United-States","<=50K"
34,"Private",248584,"HS-grad",9,"Never-married","Craft-repair","Not-in-family","White","Male",0,0,55,"United-States","<=50K"
27,"Private",493689,"Bachelors",13,"Never-married","Tech-support","Not-in-family","Black","Female",0,0,40,"France","<=50K"
58,"Self-emp-not-inc",157786,"HS-grad",9,"Married-civ-spouse","Exec-managerial","Husband","White","Male",0,0,40,"United-States","<=50K"
28,"Private",441620,"Bachelors",13,"Never-married","Other-service","Not-in-family","White","Male",0,0,43,"Mexico","<=50K"
30,NA,157289,"11th",7,"Never-married",NA,"Unmarried","White","Male",0,0,40,"United-States","<=50K"
35,"Private",360799,"HS-grad",9,"Married-civ-spouse","Craft-repair","Husband","White","Male",7298,0,40,"United-States",">50K"
19,"Private",375114,"HS-grad",9,"Never-married","Craft-repair","Not-in-family","White","Female",0,0,40,"United-States","<=50K"
31,"Private",60229,"HS-grad",9,"Married-civ-spouse","Machine-op-inspct","Husband","White","Male",0,0,40,"United-States","<=50K"
38,"Private",187999,"Bachelors",13,"Married-civ-spouse","Tech-support","Husband","White","Male",0,0,45,"United-States",">50K"
25,"Private",207875,"7th-8th",4,"Married-civ-spouse","Handlers-cleaners","Husband","White","Male",0,0,40,"Mexico","<=50K"
25,"Private",159662,"HS-grad",9,"Married-civ-spouse","Sales","Own-child","White","Male",0,0,26,"United-States",">50K"
57,"Private",226875,"7th-8th",4,"Married-civ-spouse","Sales","Husband","White","Male",0,0,50,"United-States","<=50K"
21,NA,380219,"Some-college",10,"Never-married",NA,"Own-child","Black","Female",0,0,40,"United-States","<=50K"
24,"Private",464502,"Assoc-acdm",12,"Never-married","Sales","Not-in-family","Black","Male",0,0,40,NA,"<=50K"
34,"Local-gov",230420,"Bachelors",13,"Married-civ-spouse","Prof-specialty","Husband","White","Male",0,0,40,"United-States",">50K"
28,"Private",270887,"Assoc-acdm",12,"Never-married","Sales","Not-in-family","White","Male",0,0,65,"United-States","<=50K"
45,"Private",285060,"Bachelors",13,"Married-civ-spouse","Exec-managerial","Husband","White","Male",0,0,50,"United-States",">50K"
47,"Private",166181,"Some-college",10,"Married-civ-spouse","Adm-clerical","Wife","Black","Female",0,0,48,"United-States",">50K"
43,"Private",331894,"Some-college",10,"Married-civ-spouse","Transport-moving","Husband","White","Male",0,0,60,"United-States",">50K"
25,"Self-emp-not-inc",282631,"HS-grad",9,"Married-civ-spouse","Craft-repair","Husband","White","Male",0,0,40,"United-States","<=50K"
29,"Private",136985,"Assoc-acdm",12,"Never-married","Tech-support","Own-child","White","Male",0,0,40,"United-States","<=50K"
43,"Self-emp-not-inc",277488,"HS-grad",9,"Married-civ-spouse","Farming-fishing","Husband","White","Male",0,0,30,"United-States","<=50K"
43,"Self-emp-not-inc",99203,"Assoc-voc",11,"Married-civ-spouse","Craft-repair","Husband","White","Male",0,0,40,"United-States","<=50K"
50,"Local-gov",311551,"Masters",14,"Married-civ-spouse","Prof-specialty","Husband","White","Male",7688,0,50,"United-States",">50K"
81,NA,120478,"Assoc-voc",11,"Divorced",NA,"Unmarried","White","Female",0,0,1,NA,"<=50K"
43,"Private",64631,"HS-grad",9,"Married-civ-spouse","Craft-repair","Husband","White","Male",0,0,40,"United-States","<=50K"
46,"Local-gov",267952,"Assoc-voc",11,"Divorced","Exec-managerial","Not-in-family","White","Female",0,0,36,"United-States","<=50K"
17,NA,250541,"11th",7,"Never-married",NA,"Own-child","Black","Male",0,0,8,"United-States","<=50K"
51,"Self-emp-not-inc",353281,"HS-grad",9,"Separated","Other-service","Unmarried","White","Female",0,0,20,"United-States","<=50K"
19,"Private",67759,"HS-grad",9,"Never-married","Machine-op-inspct","Own-child","White","Male",0,0,43,"United-States","<=50K"
23,"Private",267955,"Some-college",10,"Never-married","Sales","Not-in-family","White","Female",0,0,40,"United-States","<=50K"
41,"Private",46870,"Some-college",10,"Divorced","Exec-managerial","Not-in-family","White","Female",0,0,40,"United-States","<=50K"
20,"Private",104164,"HS-grad",9,"Never-married","Handlers-cleaners","Own-child","White","Male",0,0,40,"United-States","<=50K"
79,NA,142370,"Prof-school",15,"Married-civ-spouse",NA,"Husband","White","Male",0,0,10,"United-States","<=50K"
35,"Private",209993,"11th",7,"Separated","Priv-house-serv","Unmarried","White","Female",0,0,8,"Mexico","<=50K"
41,"Private",168293,"Masters",14,"Divorced","Exec-managerial","Unmarried","White","Female",0,0,45,"United-States","<=50K"
22,"Self-emp-not-inc",123440,"Some-college",10,"Never-married","Craft-repair","Not-in-family","White","Male",0,0,48,"United-States","<=50K"
28,"Private",66434,"10th",6,"Never-married","Other-service","Unmarried","White","Female",0,0,15,"United-States","<=50K"
49,"Private",144844,"HS-grad",9,"Married-civ-spouse","Transport-moving","Husband","White","Male",0,0,52,"United-States",">50K"
29,"Private",150861,"Some-college",10,"Never-married","Adm-clerical","Not-in-family","White","Female",0,0,40,"Japan","<=50K"
25,"Private",163620,"HS-grad",9,"Married-civ-spouse","Exec-managerial","Husband","White","Male",7298,0,84,"United-States",">50K"
31,"Private",227446,"Some-college",10,"Married-civ-spouse","Exec-managerial","Husband","White","Male",0,0,40,"Cuba",">50K"
31,"Private",118966,"HS-grad",9,"Never-married","Craft-repair","Own-child","White","Male",0,0,18,"United-States","<=50K"
50,"Self-emp-inc",52565,"Some-college",10,"Married-civ-spouse","Sales","Husband","White","Male",0,1485,40,"United-States","<=50K"
59,"Local-gov",181242,"10th",6,"Married-civ-spouse","Craft-repair","Husband","White","Male",0,0,40,"United-States","<=50K"
39,"Private",286789,"Bachelors",13,"Married-civ-spouse","Exec-managerial","Husband","White","Male",0,0,40,"United-States",">50K"
37,"Private",359131,"HS-grad",9,"Divorced","Craft-repair","Unmarried","White","Female",0,0,48,"United-States","<=50K"
19,NA,80710,"HS-grad",9,"Never-married",NA,"Own-child","White","Female",0,0,40,"United-States","<=50K"
34,"Private",211948,"HS-grad",9,"Divorced","Sales","Not-in-family","White","Female",0,1590,40,"United-States","<=50K"
32,"Private",151773,"Some-college",10,"Married-civ-spouse","Craft-repair","Husband","White","Male",0,0,45,"United-States","<=50K"
45,"Private",270842,"Some-college",10,"Divorced","Other-service","Not-in-family","White","Female",0,0,40,"United-States","<=50K"
42,"Self-emp-inc",96509,"Some-college",10,"Married-civ-spouse","Exec-managerial","Husband","Asian-Pac-Islander","Male",0,0,60,"Taiwan","<=50K"
28,"Private",315287,"Some-college",10,"Never-married","Prof-specialty","Not-in-family","Black","Male",0,0,40,"United-States","<=50K"
24,"Private",153542,"Some-college",10,"Never-married","Sales","Other-relative","White","Male",0,0,35,"United-States","<=50K"
39,"Private",151248,"Some-college",10,"Divorced","Sales","Other-relative","White","Female",0,0,35,"United-States","<=50K"
17,NA,228373,"10th",6,"Never-married",NA,"Own-child","White","Male",0,0,30,"United-States","<=50K"
21,"Private",411068,"Some-college",10,"Never-married","Adm-clerical","Own-child","White","Female",0,0,35,"United-States","<=50K"
55,"Self-emp-not-inc",51499,"Some-college",10,"Married-civ-spouse","Farming-fishing","Husband","White","Male",0,0,72,"United-States","<=50K"
33,"Local-gov",256529,"HS-grad",9,"Separated","Other-service","Own-child","White","Female",0,0,80,"United-States","<=50K"
30,"Private",243841,"HS-grad",9,"Divorced","Other-service","Other-relative","Asian-Pac-Islander","Female",0,0,40,"South","<=50K"
27,"Private",210313,"HS-grad",9,"Never-married","Handlers-cleaners","Other-relative","White","Male",0,0,28,"Guatemala","<=50K"
44,"Private",192381,"Bachelors",13,"Married-civ-spouse","Prof-specialty","Husband","White","Male",0,1848,40,"United-States",">50K"
24,"Self-emp-not-inc",117210,"HS-grad",9,"Divorced","Craft-repair","Not-in-family","White","Male",0,0,50,"United-States","<=50K"
28,"Private",70604,"HS-grad",9,"Married-civ-spouse","Handlers-cleaners","Husband","White","Male",0,0,38,"United-States","<=50K"
41,"Private",206470,"Bachelors",13,"Married-civ-spouse","Prof-specialty","Husband","White","Male",0,0,40,"Germany","<=50K"
28,"Private",92262,"HS-grad",9,"Married-civ-spouse","Craft-repair","Husband","White","Male",0,0,40,"United-States","<=50K"
17,"Private",413557,"11th",7,"Never-married","Adm-clerical","Own-child","White","Female",0,0,32,"United-States","<=50K"
45,"Private",123283,"HS-grad",9,"Separated","Machine-op-inspct","Unmarried","Black","Female",0,0,15,"United-States","<=50K"
32,"Private",209808,"Some-college",10,"Married-civ-spouse","Sales","Husband","White","Male",0,1740,47,"United-States","<=50K"
54,"Private",145419,"HS-grad",9,"Married-civ-spouse","Sales","Husband","White","Male",0,1672,50,"United-States","<=50K"
48,"Private",102102,"Assoc-voc",11,"Married-civ-spouse","Tech-support","Husband","White","Male",0,0,50,"United-States",">50K"
24,"Private",127139,"Some-college",10,"Never-married","Adm-clerical","Own-child","White","Female",0,0,40,"United-States","<=50K"
41,"Private",82393,"Some-college",10,"Never-married","Craft-repair","Own-child","Asian-Pac-Islander","Male",0,0,40,"United-States","<=50K"
24,"State-gov",155775,"HS-grad",9,"Married-civ-spouse","Tech-support","Husband","White","Male",0,0,40,"United-States","<=50K"
53,"Private",188644,"Preschool",1,"Married-civ-spouse","Other-service","Husband","White","Male",0,0,40,"Mexico","<=50K"
36,"Private",169037,"HS-grad",9,"Never-married","Adm-clerical","Not-in-family","White","Female",0,0,40,"United-States","<=50K"
37,"Private",162424,"HS-grad",9,"Married-civ-spouse","Craft-repair","Husband","White","Male",0,0,45,"United-States","<=50K"
25,"Private",124590,"HS-grad",9,"Never-married","Exec-managerial","Other-relative","White","Male",0,0,40,"United-States","<=50K"
31,"Self-emp-not-inc",186420,"Masters",14,"Separated","Tech-support","Not-in-family","White","Female",0,0,25,"United-States","<=50K"
51,"Private",103529,"11th",7,"Divorced","Other-service","Unmarried","Black","Female",0,0,30,"United-States","<=50K"
48,"Private",202117,"11th",7,"Divorced","Other-service","Not-in-family","White","Female",0,0,34,"United-States","<=50K"
58,"Private",317479,"HS-grad",9,"Divorced","Machine-op-inspct","Not-in-family","Black","Female",0,0,40,"United-States","<=50K"
27,NA,60726,"HS-grad",9,"Never-married",NA,"Own-child","Black","Male",0,0,40,"United-States","<=50K"
35,"Private",124483,"Bachelors",13,"Never-married","Sales","Not-in-family","Asian-Pac-Islander","Male",0,0,50,NA,">50K"
74,"Federal-gov",39890,"Some-college",10,"Widowed","Transport-moving","Not-in-family","White","Female",0,0,18,"United-States","<=50K"
37,"Private",183384,"Some-college",10,"Divorced","Adm-clerical","Not-in-family","Black","Female",0,0,40,"United-States","<=50K"
40,"Private",558944,"7th-8th",4,"Never-married","Farming-fishing","Own-child","White","Male",0,0,40,"United-States","<=50K"
32,"Private",245378,"HS-grad",9,"Married-civ-spouse","Sales","Husband","White","Male",0,0,60,"United-States","<=50K"
49,"Self-emp-inc",127111,"HS-grad",9,"Married-civ-spouse","Exec-managerial","Husband","White","Male",0,0,50,"United-States","<=50K"
36,"Private",229180,"Some-college",10,"Divorced","Craft-repair","Unmarried","White","Female",0,0,40,"Cuba","<=50K"
34,"Private",148226,"HS-grad",9,"Never-married","Machine-op-inspct","Unmarried","Black","Female",0,0,48,"United-States","<=50K"
66,"Private",340734,"HS-grad",9,"Married-civ-spouse","Sales","Husband","White","Male",0,0,40,"United-States","<=50K"
39,"Local-gov",180686,"Masters",14,"Married-civ-spouse","Prof-specialty","Husband","White","Male",0,1977,45,"United-States",">50K"
29,"Private",258862,"Bachelors",13,"Never-married","Craft-repair","Not-in-family","White","Female",0,0,45,"United-States","<=50K"
37,"Local-gov",126569,"HS-grad",9,"Never-married","Craft-repair","Not-in-family","White","Male",0,0,40,"United-States","<=50K"
42,"Private",78765,"Some-college",10,"Married-civ-spouse","Craft-repair","Husband","White","Male",3103,0,45,"United-States",">50K"
59,"Private",246262,"Some-college",10,"Married-civ-spouse","Tech-support","Husband","White","Male",0,0,40,"United-States",">50K"
38,"Private",207568,"Bachelors",13,"Married-civ-spouse","Exec-managerial","Husband","White","Male",5178,0,40,"United-States",">50K"
57,"Private",182062,"10th",6,"Married-civ-spouse","Other-service","Husband","White","Male",0,0,40,"United-States","<=50K"
25,"Private",169990,"HS-grad",9,"Married-civ-spouse","Sales","Husband","White","Male",0,0,40,"United-States","<=50K"
45,"Private",234699,"HS-grad",9,"Married-spouse-absent","Other-service","Unmarried","Black","Female",0,0,60,"United-States",">50K"
29,"Private",241667,"Masters",14,"Never-married","Prof-specialty","Not-in-family","White","Female",0,0,45,"United-States","<=50K"
57,"Local-gov",132717,"Bachelors",13,"Married-civ-spouse","Exec-managerial","Husband","White","Male",0,0,45,"United-States","<=50K"
39,"Self-emp-not-inc",218490,"Prof-school",15,"Married-civ-spouse","Prof-specialty","Husband","White","Male",0,2415,50,NA,">50K"
47,"Private",133969,"Bachelors",13,"Married-civ-spouse","Exec-managerial","Husband","Asian-Pac-Islander","Male",2885,0,65,"Japan","<=50K"
43,"Private",221172,"Bachelors",13,"Divorced","Exec-managerial","Not-in-family","White","Male",0,0,35,"United-States","<=50K"
51,"Self-emp-not-inc",127149,"11th",7,"Married-civ-spouse","Farming-fishing","Husband","White","Male",0,0,45,"United-States",">50K"
28,NA,131310,"HS-grad",9,"Separated",NA,"Unmarried","White","Female",0,0,40,"United-States","<=50K"
53,NA,220640,"Bachelors",13,"Divorced",NA,"Other-relative","Other","Female",0,0,20,"United-States","<=50K"
55,"Private",289257,"Some-college",10,"Married-civ-spouse","Craft-repair","Husband","White","Male",0,0,40,"United-States","<=50K"
20,"Private",200450,"7th-8th",4,"Never-married","Machine-op-inspct","Own-child","White","Female",0,0,52,"United-States","<=50K"
62,"Self-emp-not-inc",102631,"Some-college",10,"Widowed","Farming-fishing","Unmarried","White","Female",0,0,40,"United-States","<=50K"
24,"Private",461678,"Some-college",10,"Married-civ-spouse","Farming-fishing","Husband","White","Male",0,0,50,"United-States",">50K"
54,"Private",93605,"HS-grad",9,"Married-civ-spouse","Sales","Husband","White","Male",0,1848,40,"United-States",">50K"
30,"Private",151773,"Some-college",10,"Married-civ-spouse","Machine-op-inspct","Husband","White","Male",0,0,40,"United-States",">50K"
50,"Federal-gov",183611,"Some-college",10,"Never-married","Adm-clerical","Not-in-family","White","Male",0,0,40,"United-States","<=50K"
36,"Private",214604,"Bachelors",13,"Married-civ-spouse","Sales","Husband","White","Male",0,0,42,"United-States",">50K"
49,"Local-gov",98738,"HS-grad",9,"Married-civ-spouse","Craft-repair","Husband","White","Male",0,0,40,"United-States",">50K"
33,"Private",167939,"HS-grad",9,"Married-civ-spouse","Other-service","Own-child","White","Female",0,0,25,"United-States","<=50K"
17,"Local-gov",173497,"11th",7,"Never-married","Prof-specialty","Own-child","Black","Male",0,0,15,"United-States","<=50K"
34,"Self-emp-not-inc",313729,"Some-college",10,"Married-civ-spouse","Farming-fishing","Husband","White","Male",0,0,50,"United-States","<=50K"
53,"Private",31460,"HS-grad",9,"Divorced","Prof-specialty","Not-in-family","White","Male",0,0,40,"United-States","<=50K"
44,"Self-emp-inc",398473,"Some-college",10,"Married-civ-spouse","Sales","Husband","White","Male",0,0,70,"United-States",">50K"
42,"Local-gov",199095,"Assoc-voc",11,"Widowed","Prof-specialty","Unmarried","Black","Female",0,0,40,"United-States","<=50K"
29,"Private",194864,"HS-grad",9,"Married-civ-spouse","Sales","Wife","White","Female",0,0,18,"United-States","<=50K"
27,"Private",200802,"Some-college",10,"Never-married","Tech-support","Not-in-family","White","Female",0,0,40,"United-States","<=50K"
51,"Private",340588,"1st-4th",2,"Married-civ-spouse","Other-service","Husband","White","Male",0,0,54,"Mexico","<=50K"
40,"Private",177027,"Bachelors",13,"Married-civ-spouse","Other-service","Wife","Asian-Pac-Islander","Female",7688,0,52,"Japan",">50K"
48,"Local-gov",378221,"Bachelors",13,"Married-civ-spouse","Exec-managerial","Husband","White","Male",0,0,60,"Mexico",">50K"
62,"Private",170984,"Some-college",10,"Married-civ-spouse","Craft-repair","Husband","White","Male",0,0,45,"United-States","<=50K"
37,"Federal-gov",203070,"Some-college",10,"Married-civ-spouse","Craft-repair","Husband","White","Male",0,0,43,"United-States","<=50K"
20,"Private",262749,"Some-college",10,"Never-married","Machine-op-inspct","Own-child","White","Male",0,0,40,"United-States","<=50K"
26,"Private",147982,"11th",7,"Divorced","Craft-repair","Not-in-family","White","Female",0,0,40,"United-States","<=50K"
32,"Private",200700,"Some-college",10,"Never-married","Sales","Not-in-family","White","Male",0,0,50,"United-States","<=50K"
43,"Private",403467,"Bachelors",13,"Married-civ-spouse","Exec-managerial","Husband","Black","Male",7688,0,40,"United-States",">50K"
47,"Self-emp-not-inc",122307,"Bachelors",13,"Married-civ-spouse","Sales","Husband","White","Male",0,1887,40,"United-States",">50K"
39,"Private",48915,"HS-grad",9,"Married-civ-spouse","Machine-op-inspct","Husband","White","Male",0,0,40,"United-States",">50K"
23,"Private",23037,"12th",8,"Never-married","Handlers-cleaners","Own-child","Amer-Indian-Eskimo","Male",0,0,40,"United-States","<=50K"
58,"Private",202652,"HS-grad",9,"Widowed","Adm-clerical","Not-in-family","White","Female",0,0,37,"United-States","<=50K"
25,"Private",557082,"HS-grad",9,"Never-married","Adm-clerical","Not-in-family","White","Female",0,0,38,"United-States","<=50K"
51,"Private",104748,"Some-college",10,"Married-civ-spouse","Exec-managerial","Husband","White","Male",0,0,45,"United-States","<=50K"
44,"Private",367749,"Bachelors",13,"Never-married","Prof-specialty","Not-in-family","White","Female",0,0,45,"Mexico","<=50K"
38,"Private",173968,"HS-grad",9,"Married-civ-spouse","Craft-repair","Husband","White","Male",0,0,45,"United-States","<=50K"
20,NA,168863,"Some-college",10,"Never-married",NA,"Own-child","White","Female",0,0,20,"United-States","<=50K"
45,"Self-emp-not-inc",58683,"Some-college",10,"Married-civ-spouse","Transport-moving","Husband","White","Male",0,0,40,"United-States","<=50K"
32,"Private",144064,"Bachelors",13,"Never-married","Tech-support","Not-in-family","White","Male",0,0,40,"United-States","<=50K"
55,"Private",213894,"11th",7,"Separated","Adm-clerical","Unmarried","Black","Female",0,0,40,"United-States","<=50K"
39,"Private",191502,"Assoc-voc",11,"Married-civ-spouse","Craft-repair","Husband","White","Male",0,0,40,"United-States","<=50K"
43,"Private",159549,"Some-college",10,"Married-civ-spouse","Sales","Husband","White","Male",0,0,50,"United-States",">50K"
52,"Private",152234,"HS-grad",9,"Married-civ-spouse","Exec-managerial","Husband","Asian-Pac-Islander","Male",99999,0,40,"Japan",">50K"
54,"Private",169719,"Bachelors",13,"Married-civ-spouse","Sales","Husband","White","Male",3103,0,40,"United-States",">50K"
40,"Private",273425,"Bachelors",13,"Married-civ-spouse","Exec-managerial","Husband","White","Male",0,0,50,"United-States",">50K"
61,NA,63526,"12th",8,"Never-married",NA,"Not-in-family","Black","Male",0,0,52,"United-States","<=50K"
52,"Federal-gov",279337,"HS-grad",9,"Married-civ-spouse","Adm-clerical","Husband","White","Male",0,0,40,"United-States","<=50K"
59,"Private",90290,"Some-college",10,"Married-civ-spouse","Prof-specialty","Husband","White","Male",0,0,34,"United-States","<=50K"
33,"Private",96128,"11th",7,"Never-married","Craft-repair","Own-child","White","Male",0,0,40,"United-States","<=50K"
49,"Private",195612,"Some-college",10,"Married-civ-spouse","Exec-managerial","Husband","White","Male",7298,0,40,"United-States",">50K"
40,"Private",170730,"HS-grad",9,"Married-civ-spouse","Craft-repair","Husband","White","Male",0,0,50,"United-States","<=50K"
61,"Federal-gov",197311,"Masters",14,"Widowed","Prof-specialty","Unmarried","White","Female",0,0,40,"United-States","<=50K"
46,"Private",186172,"Bachelors",13,"Married-civ-spouse","Prof-specialty","Husband","White","Male",3103,0,40,"United-States",">50K"
38,"Self-emp-not-inc",146042,"Bachelors",13,"Married-civ-spouse","Prof-specialty","Husband","Asian-Pac-Islander","Male",3103,0,60,"United-States",">50K"
41,"Private",106627,"Assoc-acdm",12,"Divorced","Exec-managerial","Unmarried","Black","Female",0,0,50,"United-States","<=50K"
43,"Private",221172,"Bachelors",13,"Married-civ-spouse","Tech-support","Husband","White","Male",0,0,24,"United-States",">50K"
32,"Private",132601,"Bachelors",13,"Married-civ-spouse","Prof-specialty","Husband","White","Male",0,0,50,"United-States","<=50K"
20,NA,432376,"Some-college",10,"Never-married",NA,"Own-child","White","Male",0,0,40,"Germany","<=50K"
38,"Private",34173,"Bachelors",13,"Never-married","Sales","Unmarried","White","Female",0,0,45,"United-States","<=50K"
52,"Private",189728,"HS-grad",9,"Separated","Priv-house-serv","Not-in-family","White","Female",0,0,50,"United-States","<=50K"
29,"Federal-gov",106179,"Some-college",10,"Never-married","Prof-specialty","Not-in-family","White","Female",0,1408,40,"United-States","<=50K"
27,"Private",102889,"Some-college",10,"Divorced","Machine-op-inspct","Unmarried","White","Female",0,0,40,"United-States","<=50K"
36,"Private",127573,"HS-grad",9,"Separated","Adm-clerical","Not-in-family","White","Female",0,0,38,"United-States","<=50K"
61,"Private",123273,"5th-6th",3,"Divorced","Transport-moving","Not-in-family","White","Male",0,1876,56,"United-States","<=50K"
37,"Private",154210,"Some-college",10,"Never-married","Adm-clerical","Other-relative","Asian-Pac-Islander","Male",0,0,14,"Puerto-Rico","<=50K"
26,"Private",97153,"Assoc-acdm",12,"Married-civ-spouse","Machine-op-inspct","Husband","White","Male",5178,0,40,"United-States",">50K"
34,"Self-emp-not-inc",182714,"Bachelors",13,"Never-married","Prof-specialty","Not-in-family","White","Female",0,0,55,"United-States",">50K"
63,"Private",106023,"HS-grad",9,"Married-civ-spouse","Craft-repair","Husband","White","Male",0,0,40,"United-States",">50K"
30,"Private",65278,"HS-grad",9,"Married-civ-spouse","Tech-support","Husband","White","Male",0,0,40,"United-States",">50K"
42,"Private",107762,"Masters",14,"Married-civ-spouse","Prof-specialty","Husband","White","Male",0,0,40,"United-States",">50K"
42,"Local-gov",180318,"10th",6,"Never-married","Farming-fishing","Unmarried","White","Male",0,0,35,"United-States","<=50K"
55,NA,193895,"7th-8th",4,"Divorced",NA,"Unmarried","White","Female",0,0,40,"United-States","<=50K"
77,"Private",142646,"7th-8th",4,"Widowed","Priv-house-serv","Unmarried","White","Female",0,0,23,"United-States","<=50K"
46,"Private",176684,"Assoc-acdm",12,"Never-married","Adm-clerical","Not-in-family","White","Female",0,0,40,"United-States","<=50K"
27,"Federal-gov",257124,"Bachelors",13,"Never-married","Transport-moving","Other-relative","White","Male",0,0,35,"United-States","<=50K"
28,"Private",222442,"HS-grad",9,"Married-civ-spouse","Sales","Husband","White","Male",0,0,51,"Cuba","<=50K"
62,"Self-emp-not-inc",75478,"Bachelors",13,"Married-civ-spouse","Exec-managerial","Husband","White","Male",0,0,40,"United-States","<=50K"
45,NA,119835,"7th-8th",4,"Divorced",NA,"Not-in-family","Amer-Indian-Eskimo","Male",0,0,48,"United-States","<=50K"
35,"Private",85399,"HS-grad",9,"Never-married","Machine-op-inspct","Not-in-family","White","Female",0,0,40,"United-States","<=50K"
31,"Self-emp-not-inc",117346,"Some-college",10,"Married-civ-spouse","Sales","Husband","White","Male",0,0,48,"United-States","<=50K"
48,"Private",287480,"Masters",14,"Married-civ-spouse","Tech-support","Husband","White","Male",0,0,40,"United-States",">50K"
71,NA,176986,"HS-grad",9,"Widowed",NA,"Unmarried","White","Male",0,0,24,"United-States","<=50K"
55,"Private",174478,"10th",6,"Never-married","Other-service","Not-in-family","White","Male",0,0,29,"United-States","<=50K"
54,"Self-emp-not-inc",104748,"10th",6,"Married-civ-spouse","Sales","Husband","White","Male",0,0,65,"United-States","<=50K"
31,"Private",131568,"7th-8th",4,"Divorced","Transport-moving","Unmarried","White","Male",0,0,20,"United-States","<=50K"
36,"Private",206521,"Bachelors",13,"Married-civ-spouse","Sales","Husband","White","Male",0,0,60,"United-States",">50K"
39,"Private",181661,"HS-grad",9,"Married-civ-spouse","Handlers-cleaners","Husband","White","Male",0,0,40,"United-States","<=50K"
57,"Private",266189,"HS-grad",9,"Divorced","Adm-clerical","Unmarried","White","Female",0,0,42,"United-States","<=50K"
42,"Self-emp-not-inc",27242,"11th",7,"Married-civ-spouse","Farming-fishing","Husband","White","Male",0,0,60,"United-States","<=50K"
21,"Private",186849,"HS-grad",9,"Never-married","Handlers-cleaners","Own-child","White","Male",0,0,40,"United-States","<=50K"
25,"Private",209286,"Some-college",10,"Married-civ-spouse","Craft-repair","Husband","White","Male",0,0,40,"United-States","<=50K"
30,"Private",467108,"Masters",14,"Married-civ-spouse","Prof-specialty","Husband","White","Male",0,0,44,"United-States",">50K"
42,"Private",373469,"HS-grad",9,"Married-civ-spouse","Craft-repair","Husband","White","Male",0,0,40,"United-States",">50K"
19,"Private",127190,"HS-grad",9,"Never-married","Other-service","Own-child","White","Female",0,0,15,"United-States","<=50K"
44,"State-gov",59460,"HS-grad",9,"Married-civ-spouse","Other-service","Wife","White","Female",0,0,15,"United-States","<=50K"
29,"Private",247151,"11th",7,"Divorced","Machine-op-inspct","Unmarried","White","Female",0,0,40,"United-States","<=50K"
32,"State-gov",119033,"HS-grad",9,"Married-civ-spouse","Transport-moving","Husband","White","Male",0,0,40,"United-States",">50K"
17,"Private",285169,"11th",7,"Never-married","Priv-house-serv","Own-child","White","Female",0,0,40,"United-States","<=50K"
18,NA,78181,"HS-grad",9,"Never-married",NA,"Own-child","White","Female",0,0,20,"United-States","<=50K"
42,"Private",119679,"HS-grad",9,"Married-civ-spouse","Machine-op-inspct","Husband","White","Male",0,1579,42,"United-States","<=50K"
23,"Private",249046,"10th",6,"Married-civ-spouse","Handlers-cleaners","Husband","White","Male",0,0,40,"United-States","<=50K"
45,"Federal-gov",283037,"Bachelors",13,"Married-civ-spouse","Exec-managerial","Husband","White","Male",0,0,40,"United-States","<=50K"
53,"Private",53812,"Some-college",10,"Widowed","Exec-managerial","Not-in-family","White","Female",0,0,54,"United-States","<=50K"
55,"Private",236520,"Assoc-voc",11,"Married-civ-spouse","Craft-repair","Husband","White","Male",0,0,40,"United-States",">50K"
40,"Local-gov",33274,"HS-grad",9,"Divorced","Other-service","Not-in-family","White","Female",0,0,50,"United-States","<=50K"
59,"Private",165922,"Bachelors",13,"Married-civ-spouse","Prof-specialty","Husband","White","Male",15024,0,40,"United-States",">50K"
29,"Local-gov",45554,"Some-college",10,"Divorced","Adm-clerical","Unmarried","White","Female",0,0,40,"United-States","<=50K"
23,"Local-gov",442359,"Bachelors",13,"Never-married","Prof-specialty","Not-in-family","White","Female",0,1092,40,"United-States","<=50K"
54,"Private",202415,"HS-grad",9,"Married-civ-spouse","Craft-repair","Husband","White","Male",0,0,40,"United-States",">50K"
37,"State-gov",29145,"Bachelors",13,"Married-civ-spouse","Exec-managerial","Husband","White","Male",0,0,50,"United-States",">50K"
19,NA,33487,"Some-college",10,"Never-married",NA,"Other-relative","Amer-Indian-Eskimo","Female",0,0,40,"United-States","<=50K"
34,"Local-gov",51543,"Some-college",10,"Never-married","Other-service","Not-in-family","White","Male",0,0,48,"United-States","<=50K"
23,"Private",220993,"HS-grad",9,"Never-married","Sales","Not-in-family","White","Male",0,1590,48,"United-States","<=50K"
37,"Private",197429,"HS-grad",9,"Married-civ-spouse","Handlers-cleaners","Husband","White","Male",0,0,45,"United-States",">50K"
30,"Private",270886,"Some-college",10,"Never-married","Other-service","Own-child","White","Female",0,0,40,"United-States","<=50K"
22,"Self-emp-not-inc",361280,"Bachelors",13,"Never-married","Prof-specialty","Own-child","Asian-Pac-Islander","Male",0,0,20,"India","<=50K"
33,"Private",214635,"HS-grad",9,"Married-civ-spouse","Other-service","Husband","Black","Male",0,0,36,"Haiti","<=50K"
67,NA,150264,"Doctorate",16,"Married-civ-spouse",NA,"Husband","White","Male",0,0,20,"Canada",">50K"
69,NA,148694,"HS-grad",9,"Divorced",NA,"Not-in-family","White","Female",0,0,40,"United-States","<=50K"
46,"Self-emp-not-inc",236852,"Bachelors",13,"Married-civ-spouse","Sales","Husband","White","Male",0,0,45,"United-States",">50K"
51,"Private",138852,"HS-grad",9,"Married-civ-spouse","Tech-support","Husband","White","Male",0,0,40,"United-States","<=50K"
46,"Private",251474,"Bachelors",13,"Married-civ-spouse","Exec-managerial","Husband","White","Male",0,0,60,"United-States",">50K"
24,"Self-emp-not-inc",191954,"7th-8th",4,"Never-married","Farming-fishing","Own-child","White","Male",0,0,50,"United-States","<=50K"
43,"Private",184625,"HS-grad",9,"Married-civ-spouse","Adm-clerical","Wife","White","Female",0,0,40,"United-States",">50K"
35,"Self-emp-not-inc",188563,"HS-grad",9,"Divorced","Farming-fishing","Own-child","White","Male",0,0,50,"United-States","<=50K"
59,"Private",183606,"11th",7,"Married-civ-spouse","Machine-op-inspct","Husband","White","Male",0,0,40,"United-States","<=50K"
40,"Self-emp-not-inc",198953,"Assoc-acdm",12,"Never-married","Prof-specialty","Own-child","Black","Female",0,0,2,"United-States","<=50K"
31,"Private",111363,"Bachelors",13,"Never-married","Exec-managerial","Not-in-family","White","Male",0,0,40,"United-States","<=50K"
59,"Private",148844,"HS-grad",9,"Divorced","Machine-op-inspct","Not-in-family","White","Female",0,0,40,"United-States","<=50K"
50,"Local-gov",173224,"Masters",14,"Married-civ-spouse","Prof-specialty","Wife","White","Female",0,0,40,"United-States","<=50K"
30,"Private",104052,"HS-grad",9,"Never-married","Machine-op-inspct","Not-in-family","White","Male",0,1741,42,"United-States","<=50K"
33,"Self-emp-inc",139057,"HS-grad",9,"Married-civ-spouse","Exec-managerial","Husband","Asian-Pac-Islander","Male",0,0,84,"Taiwan",">50K"
25,"Private",29599,"Some-college",10,"Married-civ-spouse","Transport-moving","Husband","White","Male",0,0,38,"United-States","<=50K"
45,"Local-gov",374450,"HS-grad",9,"Married-civ-spouse","Transport-moving","Wife","White","Female",5178,0,40,"United-States",">50K"
45,"Private",118291,"Some-college",10,"Never-married","Craft-repair","Not-in-family","White","Female",0,0,80,"United-States","<=50K"
24,"Private",199444,"Bachelors",13,"Never-married","Exec-managerial","Own-child","White","Female",0,0,15,"United-States","<=50K"
37,"Private",108366,"Bachelors",13,"Never-married","Transport-moving","Not-in-family","White","Male",0,0,46,"United-States","<=50K"
59,"Private",361494,"HS-grad",9,"Married-civ-spouse","Sales","Husband","White","Male",0,0,40,"United-States",">50K"
26,"Private",61270,"HS-grad",9,"Never-married","Machine-op-inspct","Unmarried","Other","Female",0,0,40,"Columbia","<=50K"
41,"Self-emp-not-inc",204235,"Prof-school",15,"Married-civ-spouse","Prof-specialty","Husband","White","Male",0,0,50,"United-States",">50K"
40,"Private",373050,"12th",8,"Married-civ-spouse","Other-service","Husband","White","Male",0,0,40,NA,"<=50K"
24,"Local-gov",248344,"Some-college",10,"Divorced","Handlers-cleaners","Not-in-family","Black","Male",0,0,50,"United-States","<=50K"
29,"Private",119170,"Some-college",10,"Separated","Tech-support","Unmarried","White","Female",0,0,40,"United-States","<=50K"
24,"Private",283872,"Some-college",10,"Never-married","Adm-clerical","Not-in-family","Black","Male",0,0,20,"United-States","<=50K"
43,"State-gov",24763,"Masters",14,"Married-civ-spouse","Prof-specialty","Husband","White","Male",0,1887,45,"United-States",">50K"
21,"Private",107882,"Assoc-acdm",12,"Never-married","Other-service","Own-child","White","Female",0,0,9,"United-States","<=50K"
26,"Private",206600,"Bachelors",13,"Never-married","Craft-repair","Own-child","White","Male",0,0,40,"Mexico","<=50K"
63,"Private",102479,"Bachelors",13,"Divorced","Exec-managerial","Not-in-family","White","Female",0,0,40,"United-States","<=50K"
41,"Private",197344,"HS-grad",9,"Never-married","Craft-repair","Not-in-family","White","Male",0,0,54,"United-States","<=50K"
52,"Private",158993,"HS-grad",9,"Divorced","Other-service","Other-relative","Black","Female",0,0,38,"United-States","<=50K"
45,"Private",338105,"Some-college",10,"Married-civ-spouse","Craft-repair","Husband","Asian-Pac-Islander","Male",0,0,40,"Vietnam","<=50K"
36,NA,187167,"HS-grad",9,"Separated",NA,"Not-in-family","White","Female",0,0,30,"United-States","<=50K"
33,"Self-emp-not-inc",223046,"HS-grad",9,"Never-married","Craft-repair","Not-in-family","White","Male",0,0,40,"United-States","<=50K"
27,"Private",111900,"Some-college",10,"Never-married","Prof-specialty","Not-in-family","White","Male",0,0,40,"United-States","<=50K"
30,"Private",114691,"HS-grad",9,"Never-married","Farming-fishing","Own-child","White","Male",0,0,40,"United-States","<=50K"
60,"Local-gov",149281,"HS-grad",9,"Married-civ-spouse","Protective-serv","Husband","White","Male",0,0,40,"United-States","<=50K"
25,"State-gov",129200,"Some-college",10,"Never-married","Transport-moving","Not-in-family","Black","Male",0,0,40,"United-States","<=50K"
26,"Private",515025,"10th",6,"Married-civ-spouse","Handlers-cleaners","Wife","White","Female",0,0,40,"United-States","<=50K"
41,"Self-emp-not-inc",129865,"HS-grad",9,"Married-civ-spouse","Other-service","Husband","White","Male",0,0,60,"United-States","<=50K"
22,"Private",157145,"Assoc-voc",11,"Never-married","Craft-repair","Own-child","White","Male",0,0,50,"United-States","<=50K"
58,"Private",192806,"7th-8th",4,"Never-married","Handlers-cleaners","Not-in-family","White","Female",0,0,33,"United-States","<=50K"
38,"Private",132879,"HS-grad",9,"Married-civ-spouse","Craft-repair","Husband","White","Male",0,1902,40,"United-States",">50K"
34,"Private",265706,"Masters",14,"Never-married","Sales","Unmarried","White","Male",0,0,60,"United-States",">50K"
28,"Private",47168,"10th",6,"Never-married","Machine-op-inspct","Own-child","White","Female",0,0,40,"United-States","<=50K"
40,"Private",367533,"Some-college",10,"Married-civ-spouse","Machine-op-inspct","Husband","White","Male",2580,0,40,"United-States","<=50K"
54,"Private",155433,"HS-grad",9,"Married-civ-spouse","Other-service","Wife","White","Female",0,0,35,"United-States","<=50K"
26,"Private",137678,"HS-grad",9,"Never-married","Other-service","Not-in-family","White","Male",0,0,40,"United-States","<=50K"
62,"Private",135480,"HS-grad",9,"Married-civ-spouse","Sales","Husband","White","Male",0,0,16,"United-States","<=50K"
38,"Private",380543,"HS-grad",9,"Never-married","Other-service","Unmarried","Black","Female",0,0,30,"United-States","<=50K"
32,NA,227160,"Some-college",10,"Divorced",NA,"Not-in-family","White","Male",0,0,40,"United-States","<=50K"
45,"Private",178319,"Bachelors",13,"Married-civ-spouse","Machine-op-inspct","Husband","White","Male",0,0,40,"United-States",">50K"
45,"Private",358701,"12th",8,"Never-married","Other-service","Own-child","White","Male",0,0,10,"Mexico","<=50K"
28,"Private",71733,"Some-college",10,"Separated","Other-service","Unmarried","White","Female",0,0,15,"United-States","<=50K"
30,"Private",154950,"Some-college",10,"Married-civ-spouse","Exec-managerial","Husband","White","Male",15024,0,60,"United-States",">50K"
55,NA,376058,"9th",5,"Never-married",NA,"Own-child","White","Female",0,0,45,"United-States","<=50K"
41,"Private",195661,"Some-college",10,"Married-civ-spouse","Transport-moving","Husband","White","Male",0,0,54,"United-States","<=50K"
18,"Private",199039,"12th",8,"Never-married","Sales","Own-child","White","Male",594,0,14,"United-States","<=50K"
26,"Private",205428,"Some-college",10,"Married-civ-spouse","Sales","Husband","White","Male",0,0,45,"United-States","<=50K"
20,"Private",238917,"11th",7,"Never-married","Handlers-cleaners","Not-in-family","White","Male",0,0,32,"Mexico","<=50K"
45,"Private",155489,"Some-college",10,"Married-civ-spouse","Sales","Husband","White","Male",0,0,60,"United-States",">50K"
19,"Private",198668,"HS-grad",9,"Never-married","Handlers-cleaners","Own-child","White","Male",0,0,40,"United-States","<=50K"
25,"Private",134821,"HS-grad",9,"Never-married","Adm-clerical","Own-child","White","Female",0,0,40,"United-States","<=50K"
34,"Private",37380,"HS-grad",9,"Married-spouse-absent","Machine-op-inspct","Unmarried","White","Female",0,0,40,"United-States","<=50K"
44,NA,174147,"Some-college",10,"Married-civ-spouse",NA,"Husband","White","Male",0,0,40,"United-States","<=50K"
33,"Private",139057,"Masters",14,"Married-civ-spouse","Tech-support","Husband","Asian-Pac-Islander","Male",0,0,50,"United-States",">50K"
55,"Private",61708,"HS-grad",9,"Married-civ-spouse","Adm-clerical","Husband","White","Male",6418,0,50,"United-States",">50K"
37,"Private",37778,"Assoc-voc",11,"Married-civ-spouse","Sales","Husband","White","Male",0,0,54,"United-States","<=50K"
42,"State-gov",160369,"HS-grad",9,"Never-married","Protective-serv","Not-in-family","White","Male",0,0,40,"United-States",">50K"
30,"Local-gov",44566,"Bachelors",13,"Married-civ-spouse","Prof-specialty","Husband","White","Male",0,0,80,"United-States","<=50K"
75,NA,125784,"Some-college",10,"Married-civ-spouse",NA,"Husband","White","Male",0,0,8,"United-States","<=50K"
21,"Private",212619,"Assoc-voc",11,"Never-married","Machine-op-inspct","Own-child","White","Male",0,0,40,"United-States","<=50K"
27,"Private",29261,"Some-college",10,"Never-married","Sales","Unmarried","White","Male",0,0,50,"United-States","<=50K"
42,"Private",269028,"Doctorate",16,"Married-civ-spouse","Prof-specialty","Husband","White","Male",0,0,40,"France","<=50K"
38,"Private",149419,"Assoc-voc",11,"Never-married","Tech-support","Not-in-family","White","Male",0,0,50,"United-States","<=50K"
46,"Private",174224,"Assoc-voc",11,"Divorced","Protective-serv","Not-in-family","Black","Male",0,0,40,"United-States","<=50K"
38,NA,181705,"HS-grad",9,"Married-civ-spouse",NA,"Husband","White","Male",0,0,24,"United-States","<=50K"
18,"Private",396270,"HS-grad",9,"Never-married","Adm-clerical","Own-child","White","Male",0,0,25,"United-States","<=50K"
58,"Private",49893,"Some-college",10,"Married-civ-spouse","Sales","Husband","White","Male",0,0,45,"United-States","<=50K"
34,"Private",123084,"11th",7,"Married-civ-spouse","Machine-op-inspct","Own-child","White","Female",0,0,40,"United-States","<=50K"
28,"Private",147560,"Some-college",10,"Married-civ-spouse","Sales","Husband","White","Male",0,1902,55,"United-States",">50K"
34,NA,190027,"HS-grad",9,"Never-married",NA,"Unmarried","Black","Female",0,0,40,"United-States","<=50K"
55,"Private",37438,"Assoc-voc",11,"Married-civ-spouse","Craft-repair","Husband","White","Male",0,0,40,"United-States",">50K"
22,"Private",65704,"HS-grad",9,"Never-married","Sales","Own-child","White","Female",0,0,40,NA,"<=50K"
64,"Local-gov",164876,"HS-grad",9,"Divorced","Transport-moving","Unmarried","White","Male",0,0,20,"United-States","<=50K"
42,"Private",124692,"Masters",14,"Married-civ-spouse","Exec-managerial","Husband","White","Male",0,0,40,"United-States",">50K"
27,"Private",183523,"Bachelors",13,"Never-married","Prof-specialty","Not-in-family","White","Male",0,0,45,"United-States","<=50K"
18,"Private",271935,"HS-grad",9,"Never-married","Machine-op-inspct","Own-child","White","Female",0,0,40,"United-States","<=50K"
44,"Private",107218,"Bachelors",13,"Married-civ-spouse","Exec-managerial","Husband","Asian-Pac-Islander","Male",0,0,40,"United-States","<=50K"
53,"State-gov",197184,"Masters",14,"Married-civ-spouse","Exec-managerial","Husband","White","Male",0,0,70,"United-States",">50K"
42,"Private",115511,"Doctorate",16,"Married-civ-spouse","Prof-specialty","Husband","White","Male",0,0,50,"United-States","<=50K"
61,"Private",96660,"Some-college",10,"Married-civ-spouse","Adm-clerical","Wife","White","Female",15024,0,34,"United-States",">50K"
58,NA,347692,"11th",7,"Divorced",NA,"Not-in-family","Black","Male",0,0,15,"United-States","<=50K"
64,"Private",170483,"HS-grad",9,"Widowed","Other-service","Not-in-family","White","Female",0,0,38,"United-States","<=50K"
34,"State-gov",85218,"Masters",14,"Never-married","Prof-specialty","Unmarried","Black","Female",0,0,24,"United-States","<=50K"
50,"Private",38795,"Bachelors",13,"Married-civ-spouse","Prof-specialty","Husband","White","Male",0,0,50,"United-States","<=50K"
20,"Private",100188,"Some-college",10,"Never-married","Tech-support","Own-child","White","Female",0,0,24,"United-States","<=50K"
37,"Self-emp-not-inc",154641,"Assoc-acdm",12,"Married-civ-spouse","Farming-fishing","Husband","White","Male",2105,0,50,"United-States","<=50K"
64,"Private",126233,"HS-grad",9,"Married-civ-spouse","Exec-managerial","Husband","White","Male",0,0,20,"United-States","<=50K"
46,"Private",29437,"Assoc-acdm",12,"Married-civ-spouse","Sales","Husband","White","Male",0,0,50,"United-States","<=50K"
32,"Private",328199,"Assoc-voc",11,"Divorced","Exec-managerial","Unmarried","White","Female",0,0,40,"United-States","<=50K"
36,"Private",408229,"Bachelors",13,"Never-married","Prof-specialty","Not-in-family","White","Female",0,0,32,"United-States","<=50K"
26,"Private",153434,"HS-grad",9,"Never-married","Other-service","Own-child","White","Male",0,0,24,"United-States","<=50K"
55,"Private",172666,"Some-college",10,"Married-civ-spouse","Craft-repair","Husband","White","Male",0,0,40,"United-States",">50K"
39,"Self-emp-inc",543042,"HS-grad",9,"Married-civ-spouse","Craft-repair","Husband","White","Male",5178,0,50,"United-States",">50K"
44,"Private",367749,"Bachelors",13,"Never-married","Prof-specialty","Not-in-family","White","Female",0,0,45,"Mexico","<=50K"
21,"Private",191243,"Some-college",10,"Never-married","Other-service","Own-child","White","Male",0,0,40,"United-States","<=50K"
43,"Local-gov",98130,"Bachelors",13,"Divorced","Prof-specialty","Own-child","White","Female",0,0,39,"United-States","<=50K"
23,"Private",130905,"Bachelors",13,"Never-married","Sales","Own-child","White","Female",0,0,40,"United-States","<=50K"
18,"Private",36162,"11th",7,"Never-married","Craft-repair","Own-child","White","Male",0,0,5,"United-States","<=50K"
42,"Private",144995,"Preschool",1,"Never-married","Handlers-cleaners","Not-in-family","White","Male",0,0,25,"United-States","<=50K"
31,"Private",186144,"7th-8th",4,"Never-married","Machine-op-inspct","Not-in-family","Other","Female",0,0,40,"Mexico","<=50K"
23,"Private",160968,"Some-college",10,"Never-married","Prof-specialty","Own-child","White","Male",0,0,10,"United-States","<=50K"
62,"Local-gov",164518,"HS-grad",9,"Widowed","Adm-clerical","Not-in-family","White","Female",0,0,38,"United-States","<=50K"
22,"Private",82393,"9th",5,"Never-married","Handlers-cleaners","Own-child","Asian-Pac-Islander","Male",0,0,40,"Philippines","<=50K"
33,"Private",554206,"Some-college",10,"Never-married","Tech-support","Not-in-family","Black","Male",0,0,40,"Philippines","<=50K"
22,"Private",362589,"Assoc-acdm",12,"Never-married","Sales","Not-in-family","White","Female",0,0,15,"United-States","<=50K"
25,"Private",206600,"9th",5,"Never-married","Machine-op-inspct","Other-relative","White","Male",0,0,48,"Mexico","<=50K"
59,"Private",157932,"10th",6,"Married-civ-spouse","Craft-repair","Husband","White","Male",0,0,40,"United-States",">50K"
38,"Private",66686,"Assoc-voc",11,"Married-civ-spouse","Machine-op-inspct","Husband","White","Male",0,0,40,"United-States",">50K"
24,"Private",213902,"7th-8th",4,"Never-married","Priv-house-serv","Own-child","White","Female",0,0,32,"El-Salvador","<=50K"
72,"Self-emp-not-inc",203289,"Some-college",10,"Married-civ-spouse","Craft-repair","Husband","White","Male",0,0,35,"United-States","<=50K"
38,"Private",103751,"9th",5,"Married-civ-spouse","Craft-repair","Husband","White","Male",0,0,40,"United-States","<=50K"
46,"Private",177633,"HS-grad",9,"Married-civ-spouse","Machine-op-inspct","Husband","White","Male",0,0,50,"United-States",">50K"
39,"Private",65027,"Some-college",10,"Married-civ-spouse","Transport-moving","Husband","White","Male",0,0,43,"United-States","<=50K"
51,"Self-emp-not-inc",268639,"Some-college",10,"Married-civ-spouse","Prof-specialty","Wife","White","Female",0,2057,60,"Canada","<=50K"
36,"Private",66173,"Assoc-acdm",12,"Married-civ-spouse","Sales","Wife","White","Female",0,0,15,"United-States","<=50K"
35,"Self-emp-not-inc",115618,"HS-grad",9,"Divorced","Sales","Not-in-family","White","Male",0,0,50,"United-States",">50K"
54,"State-gov",161334,"Masters",14,"Married-spouse-absent","Prof-specialty","Not-in-family","Asian-Pac-Islander","Female",0,0,40,"China","<=50K"
49,"Self-emp-inc",102771,"Bachelors",13,"Married-civ-spouse","Sales","Husband","White","Male",0,0,52,"United-States",">50K"
37,"Private",179088,"Some-college",10,"Divorced","Adm-clerical","Not-in-family","White","Female",0,0,40,"United-States","<=50K"
27,"Private",269444,"HS-grad",9,"Divorced","Handlers-cleaners","Not-in-family","White","Male",0,0,40,"United-States","<=50K"
54,"Private",421561,"Masters",14,"Married-civ-spouse","Exec-managerial","Husband","White","Male",0,0,45,"United-States",">50K"
25,"Private",201413,"Some-college",10,"Never-married","Other-service","Unmarried","Black","Female",0,0,40,"United-States","<=50K"
66,"Private",313255,"Some-college",10,"Married-civ-spouse","Sales","Husband","White","Male",0,0,24,"United-States","<=50K"
23,"Private",31606,"HS-grad",9,"Never-married","Adm-clerical","Unmarried","White","Female",0,0,40,"United-States","<=50K"
50,"Private",185407,"Assoc-voc",11,"Married-civ-spouse","Tech-support","Husband","White","Male",0,0,38,"United-States",">50K"
48,"Federal-gov",110457,"Some-college",10,"Married-civ-spouse","Craft-repair","Husband","White","Male",0,0,40,"United-States",">50K"
46,"Local-gov",253116,"Bachelors",13,"Never-married","Prof-specialty","Not-in-family","Black","Female",0,0,40,"United-States","<=50K"
43,"Private",171438,"Assoc-voc",11,"Separated","Sales","Unmarried","White","Female",0,0,45,"United-States","<=50K"
33,"Private",133503,"HS-grad",9,"Married-civ-spouse","Sales","Husband","White","Male",0,1977,45,"United-States",">50K"
35,"Private",170092,"HS-grad",9,"Married-spouse-absent","Other-service","Unmarried","Black","Female",0,0,20,"United-States","<=50K"
32,"Private",147284,"Assoc-voc",11,"Married-civ-spouse","Sales","Husband","White","Male",0,0,50,"United-States",">50K"
46,"Private",155489,"HS-grad",9,"Married-civ-spouse","Machine-op-inspct","Husband","White","Male",0,0,43,"United-States",">50K"
45,"Local-gov",195418,"Masters",14,"Divorced","Prof-specialty","Not-in-family","Black","Male",0,0,40,"United-States","<=50K"
19,NA,217194,"10th",6,"Never-married",NA,"Own-child","White","Male",0,0,30,"United-States","<=50K"
33,"Private",477106,"HS-grad",9,"Married-civ-spouse","Transport-moving","Husband","Black","Male",0,0,40,"United-States","<=50K"
34,"Private",376979,"9th",5,"Never-married","Craft-repair","Not-in-family","White","Male",0,0,40,"United-States","<=50K"
54,"Federal-gov",175083,"HS-grad",9,"Never-married","Adm-clerical","Unmarried","White","Female",0,0,20,"United-States","<=50K"
18,"Private",131180,"11th",7,"Never-married","Prof-specialty","Own-child","White","Female",0,0,16,"United-States","<=50K"
17,"Private",228253,"10th",6,"Never-married","Handlers-cleaners","Own-child","White","Male",0,0,10,"United-States","<=50K"
61,"Private",154600,"HS-grad",9,"Married-civ-spouse","Other-service","Wife","White","Female",0,0,4,"United-States","<=50K"
29,"Private",160512,"HS-grad",9,"Separated","Adm-clerical","Own-child","White","Female",0,0,40,"United-States","<=50K"
18,"Private",205004,"Some-college",10,"Never-married","Other-service","Own-child","White","Male",0,0,26,"United-States","<=50K"
40,"Private",439919,"9th",5,"Married-civ-spouse","Machine-op-inspct","Husband","White","Male",0,0,40,"Mexico","<=50K"
29,"Private",57423,"Assoc-voc",11,"Married-civ-spouse","Machine-op-inspct","Husband","White","Male",0,0,48,"United-States","<=50K"
38,"Private",497788,"HS-grad",9,"Married-civ-spouse","Craft-repair","Husband","White","Male",0,0,50,"United-States","<=50K"
29,"Private",253003,"HS-grad",9,"Never-married","Handlers-cleaners","Not-in-family","White","Male",0,0,16,"United-States","<=50K"
41,"Federal-gov",193882,"HS-grad",9,"Never-married","Adm-clerical","Own-child","White","Male",0,0,40,"United-States","<=50K"
20,"Private",117767,"Some-college",10,"Never-married","Adm-clerical","Own-child","White","Male",0,0,25,"United-States","<=50K"
40,"Private",27821,"Assoc-voc",11,"Married-civ-spouse","Transport-moving","Husband","White","Male",2829,0,40,"United-States","<=50K"
30,"Private",190040,"Bachelors",13,"Never-married","Machine-op-inspct","Not-in-family","White","Female",0,0,40,"United-States","<=50K"
57,"Private",212448,"Bachelors",13,"Divorced","Exec-managerial","Not-in-family","White","Female",0,0,45,"United-States",">50K"
46,"Private",265097,"HS-grad",9,"Never-married","Handlers-cleaners","Other-relative","White","Male",0,0,5,"United-States","<=50K"
58,"Private",197642,"Some-college",10,"Never-married","Adm-clerical","Not-in-family","White","Female",0,0,39,"United-States","<=50K"
22,"Private",198148,"Some-college",10,"Never-married","Adm-clerical","Own-child","White","Male",0,0,50,"United-States","<=50K"
23,"Private",234460,"7th-8th",4,"Never-married","Machine-op-inspct","Own-child","Black","Female",0,0,40,"Dominican-Republic","<=50K"
22,"Private",167787,"HS-grad",9,"Never-married","Other-service","Not-in-family","White","Female",0,0,40,"United-States","<=50K"
52,"Without-pay",198262,"HS-grad",9,"Married-civ-spouse","Adm-clerical","Wife","White","Female",0,0,30,"United-States","<=50K"
24,"Private",128061,"HS-grad",9,"Never-married","Other-service","Own-child","White","Female",594,0,15,"United-States","<=50K"
50,"Private",160724,"Masters",14,"Married-civ-spouse","Exec-managerial","Husband","Asian-Pac-Islander","Male",7298,0,40,"Philippines",">50K"
33,"Private",181372,"Masters",14,"Married-civ-spouse","Exec-managerial","Wife","White","Female",0,0,50,"United-States",">50K"
43,"Private",241928,"HS-grad",9,"Separated","Adm-clerical","Not-in-family","Black","Female",0,0,32,"United-States","<=50K"
30,"Private",75573,"Bachelors",13,"Never-married","Exec-managerial","Not-in-family","White","Female",0,0,45,"Germany","<=50K"
39,"Federal-gov",30916,"Some-college",10,"Married-civ-spouse","Exec-managerial","Husband","White","Male",0,1902,50,"United-States",">50K"
24,"Private",210029,"HS-grad",9,"Never-married","Adm-clerical","Not-in-family","White","Female",0,2001,37,"United-States","<=50K"
23,"Private",193586,"HS-grad",9,"Married-civ-spouse","Adm-clerical","Wife","White","Female",3908,0,40,"United-States","<=50K"
43,"Private",118536,"HS-grad",9,"Divorced","Machine-op-inspct","Other-relative","Black","Male",0,0,40,"United-States","<=50K"
28,"Private",70034,"7th-8th",4,"Never-married","Adm-clerical","Own-child","White","Male",0,0,40,"Portugal","<=50K"
21,NA,163911,"Some-college",10,"Never-married",NA,"Own-child","White","Female",0,0,3,"United-States","<=50K"
24,"Private",174461,"Assoc-acdm",12,"Divorced","Other-service","Not-in-family","White","Female",0,0,22,"United-States","<=50K"
26,"Private",239043,"11th",7,"Never-married","Other-service","Not-in-family","White","Male",0,0,40,"United-States","<=50K"
37,"Private",109633,"Bachelors",13,"Married-civ-spouse","Prof-specialty","Wife","White","Female",0,0,16,"United-States",">50K"
64,"Self-emp-inc",80333,"HS-grad",9,"Married-civ-spouse","Exec-managerial","Husband","White","Male",0,0,40,"United-States",">50K"
46,NA,177305,"Assoc-voc",11,"Married-civ-spouse",NA,"Wife","Black","Female",0,0,35,"United-States",">50K"
44,"Private",210525,"Bachelors",13,"Married-civ-spouse","Prof-specialty","Husband","White","Male",0,0,40,"United-States",">50K"
24,"Private",159580,"Bachelors",13,"Never-married","Other-service","Own-child","Black","Female",0,0,75,"United-States","<=50K"
23,"Private",163090,"Assoc-acdm",12,"Never-married","Sales","Own-child","White","Male",0,0,20,"United-States","<=50K"
35,"Self-emp-not-inc",166416,"HS-grad",9,"Married-civ-spouse","Farming-fishing","Husband","White","Male",0,0,99,"United-States","<=50K"
55,"Private",193568,"HS-grad",9,"Widowed","Adm-clerical","Not-in-family","White","Female",0,0,40,"United-States","<=50K"
63,"Private",31389,"11th",7,"Never-married","Farming-fishing","Not-in-family","White","Male",0,0,12,"United-States","<=50K"
24,"Private",86745,"Bachelors",13,"Never-married","Adm-clerical","Other-relative","Asian-Pac-Islander","Female",0,0,16,"United-States","<=50K"
27,"Private",279608,"5th-6th",3,"Married-civ-spouse","Farming-fishing","Husband","White","Male",0,0,40,"Mexico","<=50K"
37,"Private",161111,"Bachelors",13,"Never-married","Sales","Not-in-family","White","Female",0,0,40,"United-States","<=50K"
25,"Private",195994,"1st-4th",2,"Never-married","Priv-house-serv","Not-in-family","White","Female",0,0,40,"Guatemala","<=50K"
38,"Private",372559,"Some-college",10,"Married-civ-spouse","Craft-repair","Husband","Black","Male",0,0,40,"United-States","<=50K"
35,"Private",172186,"Some-college",10,"Never-married","Craft-repair","Own-child","White","Male",0,0,40,"United-States","<=50K"
27,"Private",198258,"Bachelors",13,"Never-married","Sales","Own-child","White","Male",0,0,35,"United-States","<=50K"
39,"Private",22245,"Bachelors",13,"Married-civ-spouse","Prof-specialty","Not-in-family","White","Male",0,0,60,"United-States","<=50K"
52,"Self-emp-not-inc",138611,"HS-grad",9,"Married-civ-spouse","Sales","Husband","White","Male",7688,0,55,"United-States",">50K"
31,"Private",210562,"HS-grad",9,"Married-civ-spouse","Transport-moving","Husband","White","Male",0,0,65,"United-States","<=50K"
20,"Private",55465,"HS-grad",9,"Never-married","Other-service","Own-child","White","Male",0,0,35,"United-States","<=50K"
40,"Self-emp-inc",50644,"Assoc-acdm",12,"Divorced","Sales","Unmarried","White","Female",1506,0,40,"United-States","<=50K"
57,"State-gov",283635,"Some-college",10,"Divorced","Craft-repair","Not-in-family","White","Female",0,0,40,"United-States","<=50K"
47,"Private",239439,"11th",7,"Married-civ-spouse","Machine-op-inspct","Wife","Black","Female",0,0,40,"United-States","<=50K"
24,"Private",154571,"Some-college",10,"Never-married","Adm-clerical","Own-child","Asian-Pac-Islander","Male",0,0,20,"United-States","<=50K"
26,"Private",236564,"HS-grad",9,"Never-married","Handlers-cleaners","Not-in-family","White","Male",0,0,40,"United-States","<=50K"
36,"Self-emp-not-inc",90159,"Some-college",10,"Married-civ-spouse","Other-service","Wife","White","Female",0,0,40,"United-States","<=50K"
39,"Self-emp-not-inc",126569,"Prof-school",15,"Married-civ-spouse","Prof-specialty","Husband","White","Male",15024,0,60,"United-States",">50K"
34,"Local-gov",207383,"Masters",14,"Widowed","Prof-specialty","Not-in-family","White","Female",0,0,40,"United-States","<=50K"
28,"Private",110145,"HS-grad",9,"Married-civ-spouse","Adm-clerical","Husband","White","Male",0,0,40,"United-States","<=50K"
32,"Private",312667,"Bachelors",13,"Married-civ-spouse","Prof-specialty","Husband","White","Male",15024,0,50,"United-States",">50K"
28,"Private",50814,"HS-grad",9,"Never-married","Prof-specialty","Not-in-family","White","Female",0,0,40,"United-States","<=50K"
60,"Private",33266,"HS-grad",9,"Married-civ-spouse","Protective-serv","Husband","White","Male",0,0,40,"United-States","<=50K"
32,"Private",243988,"5th-6th",3,"Married-civ-spouse","Other-service","Husband","White","Male",0,0,40,"Mexico","<=50K"
47,"Self-emp-not-inc",112200,"Bachelors",13,"Never-married","Exec-managerial","Not-in-family","Black","Male",10520,0,45,"United-States",">50K"
48,"Private",216999,"HS-grad",9,"Married-civ-spouse","Craft-repair","Husband","White","Male",0,0,40,"United-States",">50K"
48,"Private",210424,"HS-grad",9,"Separated","Adm-clerical","Unmarried","White","Female",914,0,40,"United-States","<=50K"
62,"Private",77884,"5th-6th",3,"Married-civ-spouse","Farming-fishing","Husband","Asian-Pac-Islander","Male",0,0,40,"Philippines","<=50K"
33,"Private",106976,"HS-grad",9,"Divorced","Other-service","Unmarried","White","Female",0,0,40,"United-States","<=50K"
30,"Private",235124,"HS-grad",9,"Married-civ-spouse","Transport-moving","Husband","White","Male",99999,0,40,"United-States",">50K"
17,"Self-emp-inc",143034,"10th",6,"Never-married","Other-service","Own-child","White","Male",0,0,4,"United-States","<=50K"
47,"Local-gov",186009,"Some-college",10,"Divorced","Adm-clerical","Unmarried","White","Female",0,0,38,"Mexico","<=50K"
41,"Private",82778,"1st-4th",2,"Married-civ-spouse","Farming-fishing","Husband","White","Male",0,0,40,"Mexico","<=50K"
68,"Private",168794,"7th-8th",4,"Married-civ-spouse","Other-service","Husband","White","Male",0,0,30,"United-States","<=50K"
34,"State-gov",327902,"Bachelors",13,"Married-civ-spouse","Prof-specialty","Husband","White","Male",0,0,55,"United-States","<=50K"
34,"Private",92682,"HS-grad",9,"Never-married","Adm-clerical","Not-in-family","White","Female",4865,0,40,"United-States","<=50K"
35,"Private",422933,"Bachelors",13,"Never-married","Other-service","Not-in-family","White","Male",0,0,37,"United-States","<=50K"
22,"Private",205940,"Bachelors",13,"Never-married","Adm-clerical","Own-child","White","Female",1055,0,30,"United-States","<=50K"
20,"Private",270517,"HS-grad",9,"Never-married","Other-service","Own-child","White","Female",0,0,40,"Mexico","<=50K"
49,"Self-emp-inc",431245,"Some-college",10,"Married-civ-spouse","Sales","Husband","White","Male",0,0,50,"United-States",">50K"
39,"Self-emp-inc",34180,"Assoc-voc",11,"Married-civ-spouse","Farming-fishing","Husband","White","Male",0,0,60,"United-States",">50K"
48,"Self-emp-inc",287647,"Doctorate",16,"Married-civ-spouse","Prof-specialty","Husband","White","Male",7688,0,55,"United-States",">50K"
49,NA,407495,"HS-grad",9,"Married-spouse-absent",NA,"Not-in-family","White","Male",0,0,70,"United-States","<=50K"
35,"Private",54595,"12th",8,"Never-married","Sales","Not-in-family","Black","Female",0,0,40,"United-States","<=50K"
23,"Private",256628,"7th-8th",4,"Married-civ-spouse","Transport-moving","Husband","White","Male",0,0,32,"United-States","<=50K"
24,"Private",190457,"Some-college",10,"Never-married","Adm-clerical","Own-child","White","Female",0,0,40,"United-States","<=50K"
51,"Self-emp-not-inc",125417,"Masters",14,"Married-civ-spouse","Exec-managerial","Husband","White","Male",0,0,42,"United-States",">50K"
40,"Private",184857,"HS-grad",9,"Separated","Machine-op-inspct","Unmarried","White","Male",0,0,40,"United-States","<=50K"
24,"Private",232841,"HS-grad",9,"Never-married","Other-service","Not-in-family","White","Male",0,0,35,"United-States","<=50K"
62,"Private",200922,"7th-8th",4,"Widowed","Machine-op-inspct","Not-in-family","White","Female",0,0,40,"United-States","<=50K"
26,"Self-emp-not-inc",202560,"Some-college",10,"Never-married","Prof-specialty","Own-child","White","Female",0,0,35,"United-States","<=50K"
42,"Self-emp-not-inc",93099,"Some-college",10,"Married-civ-spouse","Prof-specialty","Own-child","White","Female",0,0,25,"United-States","<=50K"
57,"Local-gov",110417,"HS-grad",9,"Married-civ-spouse","Craft-repair","Husband","White","Male",99999,0,40,"United-States",">50K"
20,NA,194096,"Some-college",10,"Never-married",NA,"Own-child","White","Female",0,0,40,"United-States","<=50K"
40,"Private",144067,"Assoc-voc",11,"Married-civ-spouse","Craft-repair","Husband","White","Male",0,0,40,"United-States","<=50K"
57,"Private",64960,"Assoc-voc",11,"Married-civ-spouse","Prof-specialty","Husband","White","Male",0,1902,45,"United-States","<=50K"
24,"Private",96178,"Bachelors",13,"Never-married","Adm-clerical","Own-child","White","Female",0,0,40,"United-States","<=50K"
27,"Private",166210,"HS-grad",9,"Divorced","Craft-repair","Not-in-family","White","Male",0,0,50,"United-States","<=50K"
70,"Self-emp-inc",225780,"Some-college",10,"Married-civ-spouse","Exec-managerial","Husband","White","Male",0,0,20,"United-States",">50K"
64,"Self-emp-not-inc",30664,"Assoc-voc",11,"Married-civ-spouse","Farming-fishing","Husband","White","Male",0,0,30,"United-States","<=50K"
31,"Private",103435,"Bachelors",13,"Married-civ-spouse","Sales","Husband","White","Male",0,0,50,"United-States",">50K"
37,"Private",213008,"Assoc-voc",11,"Married-civ-spouse","Prof-specialty","Husband","White","Male",0,0,40,"Japan","<=50K"
38,"Self-emp-not-inc",282461,"7th-8th",4,"Married-civ-spouse","Sales","Husband","White","Male",0,0,35,"United-States",">50K"
22,"Private",126822,"Bachelors",13,"Never-married","Adm-clerical","Own-child","White","Female",0,0,60,"United-States","<=50K"
50,"Private",337606,"HS-grad",9,"Married-civ-spouse","Machine-op-inspct","Husband","White","Male",0,1485,40,"United-States","<=50K"
30,"State-gov",111883,"Some-college",10,"Never-married","Prof-specialty","Not-in-family","White","Male",0,0,40,"United-States","<=50K"
65,"Private",173674,"HS-grad",9,"Divorced","Other-service","Other-relative","White","Female",0,0,14,"United-States","<=50K"
30,"Private",171889,"Prof-school",15,"Never-married","Tech-support","Own-child","White","Female",0,0,24,"United-States","<=50K"
26,"Private",168403,"HS-grad",9,"Married-civ-spouse","Handlers-cleaners","Husband","White","Male",0,0,40,"United-States","<=50K"
68,"Self-emp-not-inc",116903,"Assoc-voc",11,"Married-civ-spouse","Prof-specialty","Husband","White","Male",0,2149,40,"United-States","<=50K"
51,"Private",209912,"Bachelors",13,"Divorced","Exec-managerial","Not-in-family","Amer-Indian-Eskimo","Male",0,0,50,"United-States","<=50K"
47,"Private",115613,"HS-grad",9,"Married-civ-spouse","Craft-repair","Husband","White","Male",0,0,50,"United-States",">50K"
44,"Federal-gov",113597,"Some-college",10,"Married-civ-spouse","Exec-managerial","Husband","White","Male",0,0,55,"United-States",">50K"
45,"Private",421412,"HS-grad",9,"Married-civ-spouse","Machine-op-inspct","Husband","White","Male",0,0,45,"United-States",">50K"
50,"Private",88842,"Bachelors",13,"Married-civ-spouse","Transport-moving","Husband","White","Male",7298,0,40,"United-States",">50K"
22,"Private",142566,"HS-grad",9,"Never-married","Sales","Not-in-family","White","Male",0,0,40,"United-States","<=50K"
21,"Private",654141,"HS-grad",9,"Never-married","Craft-repair","Not-in-family","Black","Male",0,0,32,"United-States","<=50K"
24,"Private",448026,"Bachelors",13,"Never-married","Sales","Own-child","White","Male",0,0,40,"United-States","<=50K"
29,"Private",304595,"Masters",14,"Never-married","Sales","Not-in-family","White","Male",0,0,50,"United-States",">50K"
64,"Private",192884,"Prof-school",15,"Married-civ-spouse","Exec-managerial","Husband","White","Male",0,0,60,"United-States","<=50K"
34,"Local-gov",194325,"HS-grad",9,"Married-civ-spouse","Transport-moving","Husband","White","Male",0,0,45,"United-States","<=50K"
41,"Private",121130,"HS-grad",9,"Never-married","Adm-clerical","Not-in-family","White","Female",0,0,40,"United-States","<=50K"
38,"Private",284166,"Prof-school",15,"Never-married","Prof-specialty","Not-in-family","White","Male",0,0,50,"United-States","<=50K"
48,"Local-gov",246392,"Assoc-acdm",12,"Separated","Adm-clerical","Not-in-family","Black","Female",0,0,40,"United-States","<=50K"
31,"State-gov",86143,"HS-grad",9,"Never-married","Protective-serv","Other-relative","Asian-Pac-Islander","Male",0,0,40,"United-States","<=50K"
21,"Private",212114,"Some-college",10,"Never-married","Prof-specialty","Own-child","White","Female",0,0,8,"United-States","<=50K"
57,"Private",182028,"Assoc-acdm",12,"Widowed","Adm-clerical","Not-in-family","White","Female",0,0,35,"United-States","<=50K"
21,"Self-emp-not-inc",236769,"7th-8th",4,"Never-married","Craft-repair","Not-in-family","White","Male",0,0,40,"United-States","<=50K"
55,"Private",80445,"Bachelors",13,"Married-civ-spouse","Craft-repair","Husband","White","Male",0,0,40,"United-States","<=50K"
50,"Private",192964,"HS-grad",9,"Divorced","Sales","Unmarried","White","Female",0,0,65,"United-States","<=50K"
45,"Private",137604,"Some-college",10,"Never-married","Other-service","Not-in-family","White","Male",0,0,40,"United-States","<=50K"
48,"Private",240231,"Bachelors",13,"Married-civ-spouse","Exec-managerial","Husband","Asian-Pac-Islander","Male",0,0,40,"Japan",">50K"
27,"Private",148069,"10th",6,"Never-married","Machine-op-inspct","Unmarried","White","Female",0,0,40,"United-States","<=50K"
61,NA,161279,"HS-grad",9,"Widowed",NA,"Not-in-family","White","Female",0,0,36,"United-States","<=50K"
55,"State-gov",296991,"Prof-school",15,"Married-civ-spouse","Prof-specialty","Husband","White","Male",15024,0,40,"United-States",">50K"
52,"Private",48343,"Assoc-voc",11,"Married-civ-spouse","Exec-managerial","Husband","White","Male",0,0,40,"United-States","<=50K"
21,"Private",251603,"HS-grad",9,"Never-married","Adm-clerical","Not-in-family","White","Female",0,0,40,"United-States","<=50K"
51,"Private",163826,"HS-grad",9,"Married-civ-spouse","Transport-moving","Husband","White","Male",0,0,40,"United-States",">50K"
25,"Private",253267,"Some-college",10,"Married-civ-spouse","Adm-clerical","Husband","Black","Male",0,1902,36,"United-States",">50K"
46,"Private",229394,"HS-grad",9,"Divorced","Exec-managerial","Not-in-family","White","Female",0,0,40,"United-States","<=50K"
36,"Private",282092,"Assoc-acdm",12,"Never-married","Tech-support","Not-in-family","White","Female",0,0,40,"United-States","<=50K"
24,"Private",127753,"12th",8,"Never-married","Craft-repair","Other-relative","White","Male",0,0,40,"United-States","<=50K"
48,"Private",120131,"HS-grad",9,"Married-civ-spouse","Adm-clerical","Husband","White","Male",0,0,70,"United-States",">50K"
35,"Private",342768,"HS-grad",9,"Married-civ-spouse","Craft-repair","Husband","White","Male",0,0,40,"United-States","<=50K"
26,"State-gov",109193,"Some-college",10,"Never-married","Craft-repair","Not-in-family","White","Female",0,0,40,"United-States","<=50K"
28,"Private",398220,"5th-6th",3,"Never-married","Craft-repair","Other-relative","White","Male",0,0,40,"Mexico","<=50K"
65,"Private",94552,"Some-college",10,"Divorced","Adm-clerical","Not-in-family","White","Female",0,0,40,"United-States","<=50K"
47,"Federal-gov",227244,"Bachelors",13,"Married-civ-spouse","Protective-serv","Husband","Black","Male",0,0,50,"United-States",">50K"
54,"Self-emp-not-inc",32778,"HS-grad",9,"Married-civ-spouse","Sales","Wife","White","Female",0,0,30,"United-States","<=50K"
61,"Private",107438,"7th-8th",4,"Married-civ-spouse","Transport-moving","Husband","Black","Male",0,1651,40,"United-States","<=50K"
26,"Private",156805,"Some-college",10,"Married-civ-spouse","Machine-op-inspct","Husband","Black","Male",0,0,40,"United-States","<=50K"
39,"Private",297847,"9th",5,"Married-civ-spouse","Other-service","Wife","Black","Female",3411,0,34,"United-States","<=50K"
23,"Private",186813,"HS-grad",9,"Never-married","Protective-serv","Own-child","Amer-Indian-Eskimo","Male",0,0,40,"United-States","<=50K"
22,"Private",200593,"Some-college",10,"Never-married","Sales","Own-child","White","Male",0,0,40,"United-States","<=50K"
31,"State-gov",1033222,"Some-college",10,"Married-civ-spouse","Machine-op-inspct","Husband","White","Male",0,0,40,"United-States","<=50K"
33,"Private",99309,"Some-college",10,"Divorced","Craft-repair","Unmarried","White","Male",0,0,50,"United-States","<=50K"
30,"Private",129707,"Some-college",10,"Married-civ-spouse","Sales","Husband","White","Male",0,1848,40,"United-States",">50K"
35,"Private",162601,"HS-grad",9,"Divorced","Adm-clerical","Unmarried","White","Female",0,0,40,"United-States","<=50K"
52,"Self-emp-not-inc",63004,"Masters",14,"Married-civ-spouse","Exec-managerial","Husband","Asian-Pac-Islander","Male",0,0,40,"Philippines","<=50K"
29,"Private",270421,"Bachelors",13,"Married-civ-spouse","Craft-repair","Husband","White","Male",0,0,50,"United-States",">50K"
38,NA,338212,"Some-college",10,"Married-civ-spouse",NA,"Wife","White","Female",0,0,20,"United-States","<=50K"
49,"Private",187370,"Masters",14,"Married-civ-spouse","Exec-managerial","Husband","White","Male",15024,0,50,"United-States",">50K"
26,"Private",291968,"Prof-school",15,"Married-civ-spouse","Prof-specialty","Husband","White","Male",0,1977,40,"United-States",">50K"
40,"Self-emp-inc",190290,"Bachelors",13,"Married-civ-spouse","Sales","Husband","White","Male",0,0,40,NA,">50K"
74,"Self-emp-not-inc",173929,"Doctorate",16,"Married-spouse-absent","Prof-specialty","Not-in-family","White","Male",0,0,25,"United-States",">50K"
24,"Private",165064,"Some-college",10,"Never-married","Handlers-cleaners","Not-in-family","White","Male",0,0,40,"United-States","<=50K"
42,"Local-gov",96524,"HS-grad",9,"Married-civ-spouse","Exec-managerial","Husband","White","Male",0,0,60,"United-States",">50K"
25,"Private",75759,"HS-grad",9,"Married-civ-spouse","Transport-moving","Husband","White","Male",0,0,44,"United-States",">50K"
50,"State-gov",288353,"Bachelors",13,"Married-civ-spouse","Protective-serv","Husband","White","Male",0,0,40,"United-States",">50K"
36,"Private",275653,"7th-8th",4,"Married-spouse-absent","Machine-op-inspct","Unmarried","White","Female",2977,0,40,"Puerto-Rico","<=50K"
22,"Private",184975,"HS-grad",9,"Married-spouse-absent","Other-service","Own-child","White","Female",0,0,3,"United-States","<=50K"
39,"Private",154641,"Assoc-voc",11,"Married-civ-spouse","Adm-clerical","Husband","White","Male",0,0,40,"United-States","<=50K"
31,"Private",306459,"1st-4th",2,"Separated","Handlers-cleaners","Unmarried","White","Male",0,0,35,"Honduras","<=50K"
36,"Private",383518,"Some-college",10,"Married-civ-spouse","Adm-clerical","Wife","Black","Female",99999,0,40,"United-States",">50K"
46,"Federal-gov",227310,"Some-college",10,"Never-married","Adm-clerical","Unmarried","Black","Female",0,0,40,"United-States","<=50K"
20,"Private",515797,"HS-grad",9,"Married-civ-spouse","Craft-repair","Husband","White","Male",0,0,40,"United-States","<=50K"
38,"Private",259019,"HS-grad",9,"Married-civ-spouse","Craft-repair","Husband","White","Male",0,0,44,"United-States","<=50K"
65,"Local-gov",143570,"Some-college",10,"Never-married","Prof-specialty","Not-in-family","Black","Female",0,0,40,"United-States","<=50K"
23,"Private",238917,"7th-8th",4,"Never-married","Craft-repair","Other-relative","White","Male",0,0,36,"United-States","<=50K"
17,"Private",108470,"11th",7,"Never-married","Other-service","Own-child","Black","Male",0,0,17,"United-States","<=50K"
64,"Private",285052,"Some-college",10,"Widowed","Exec-managerial","Not-in-family","White","Female",0,0,10,"United-States","<=50K"
32,"Private",175413,"HS-grad",9,"Never-married","Adm-clerical","Other-relative","Black","Female",0,0,40,"Jamaica","<=50K"
39,"Private",49020,"Bachelors",13,"Married-civ-spouse","Sales","Husband","White","Male",3103,0,48,"United-States",">50K"
63,NA,110150,"HS-grad",9,"Married-civ-spouse",NA,"Husband","White","Male",0,0,55,"United-States",">50K"
33,"Private",100135,"HS-grad",9,"Married-civ-spouse","Adm-clerical","Wife","White","Female",0,1740,25,"United-States","<=50K"
41,"Private",132633,"11th",7,"Divorced","Priv-house-serv","Unmarried","White","Female",0,0,25,"Guatemala","<=50K"
73,"Private",336007,"Bachelors",13,"Married-civ-spouse","Prof-specialty","Husband","White","Male",0,2246,40,"United-States",">50K"
34,"Private",112584,"10th",6,"Divorced","Other-service","Unmarried","White","Female",0,0,38,"United-States","<=50K"
21,"Private",196508,"Some-college",10,"Never-married","Sales","Own-child","Black","Female",0,0,40,"United-States","<=50K"
23,"Private",520775,"12th",8,"Never-married","Priv-house-serv","Own-child","White","Male",0,0,30,"United-States","<=50K"
50,"Private",234657,"Some-college",10,"Divorced","Adm-clerical","Unmarried","White","Female",0,0,40,"United-States","<=50K"
31,"Private",127610,"Bachelors",13,"Married-civ-spouse","Prof-specialty","Wife","White","Female",0,0,40,"United-States",">50K"
37,"Private",182675,"Some-college",10,"Married-civ-spouse","Exec-managerial","Wife","White","Female",0,0,45,"United-States",">50K"
25,"Private",248313,"Assoc-voc",11,"Never-married","Adm-clerical","Not-in-family","White","Female",0,0,40,"United-States","<=50K"
26,"Private",59306,"Bachelors",13,"Never-married","Sales","Not-in-family","White","Male",0,0,40,"United-States","<=50K"
20,"Private",39927,"HS-grad",9,"Never-married","Other-service","Not-in-family","White","Male",0,0,8,"United-States","<=50K"
33,"Private",37274,"Bachelors",13,"Married-civ-spouse","Prof-specialty","Husband","White","Male",0,0,65,"United-States","<=50K"
55,"Private",238216,"HS-grad",9,"Married-civ-spouse","Craft-repair","Husband","White","Male",0,0,40,"United-States","<=50K"
40,"State-gov",40024,"Prof-school",15,"Married-civ-spouse","Prof-specialty","Husband","White","Male",0,0,38,"United-States",">50K"
53,"Local-gov",215990,"Some-college",10,"Married-civ-spouse","Other-service","Husband","White","Male",0,0,35,"United-States","<=50K"
29,"Private",185908,"Bachelors",13,"Married-civ-spouse","Exec-managerial","Husband","Black","Male",0,0,55,"United-States",">50K"
60,"Private",240521,"HS-grad",9,"Married-civ-spouse","Craft-repair","Husband","White","Male",7298,0,40,"United-States",">50K"
30,"Private",123397,"HS-grad",9,"Never-married","Handlers-cleaners","Unmarried","White","Female",0,0,40,"United-States","<=50K"
32,"Private",391874,"HS-grad",9,"Married-civ-spouse","Craft-repair","Husband","White","Male",0,0,40,"United-States","<=50K"
34,"Private",235124,"HS-grad",9,"Never-married","Other-service","Unmarried","Black","Female",0,0,35,"United-States","<=50K"
34,"Private",135785,"Bachelors",13,"Never-married","Prof-specialty","Not-in-family","White","Female",0,0,36,"United-States","<=50K"
22,"Private",156822,"10th",6,"Never-married","Sales","Not-in-family","White","Female",0,1762,25,"United-States","<=50K"
31,"Private",110554,"HS-grad",9,"Married-civ-spouse","Machine-op-inspct","Wife","White","Female",4386,0,40,"United-States",">50K"
50,"Local-gov",164127,"HS-grad",9,"Never-married","Other-service","Not-in-family","Black","Female",0,0,40,"United-States","<=50K"
24,"Private",229773,"Some-college",10,"Married-civ-spouse","Craft-repair","Husband","White","Male",0,0,35,"United-States","<=50K"
26,"Private",60722,"Bachelors",13,"Never-married","Prof-specialty","Own-child","Asian-Pac-Islander","Female",0,0,40,"United-States","<=50K"
56,"Private",174533,"Bachelors",13,"Never-married","Exec-managerial","Not-in-family","White","Female",0,0,45,"United-States",">50K"
31,"Self-emp-not-inc",113364,"HS-grad",9,"Divorced","Craft-repair","Not-in-family","White","Male",0,0,60,"United-States","<=50K"
28,"Private",137296,"Assoc-acdm",12,"Never-married","Other-service","Not-in-family","Black","Female",0,0,40,"United-States","<=50K"
30,"Private",116138,"Bachelors",13,"Never-married","Exec-managerial","Not-in-family","White","Male",27828,0,60,"United-States",">50K"
62,"Self-emp-not-inc",204085,"Some-college",10,"Married-civ-spouse","Sales","Husband","White","Male",0,0,25,"United-States","<=50K"
42,"Private",210525,"Some-college",10,"Married-civ-spouse","Tech-support","Husband","White","Male",0,0,20,"United-States",">50K"
43,"Self-emp-inc",304906,"Bachelors",13,"Married-civ-spouse","Sales","Husband","White","Male",0,0,45,"United-States",">50K"
42,"Private",109912,"Some-college",10,"Never-married","Tech-support","Not-in-family","White","Female",0,0,40,"United-States",">50K"
33,"Private",101345,"HS-grad",9,"Married-civ-spouse","Exec-managerial","Wife","White","Female",0,0,42,"Canada",">50K"
28,"Private",99478,"HS-grad",9,"Married-civ-spouse","Adm-clerical","Husband","Black","Male",0,0,40,"United-States","<=50K"
22,"Private",433669,"Assoc-acdm",12,"Never-married","Handlers-cleaners","Not-in-family","White","Male",0,0,36,NA,"<=50K"
40,"Private",208470,"HS-grad",9,"Never-married","Craft-repair","Not-in-family","White","Male",0,0,40,"United-States","<=50K"
41,NA,202822,"HS-grad",9,"Separated",NA,"Not-in-family","Black","Female",0,0,32,"United-States","<=50K"
51,NA,157327,"5th-6th",3,"Married-civ-spouse",NA,"Husband","Black","Male",0,0,8,"United-States","<=50K"
37,"Private",231180,"HS-grad",9,"Married-civ-spouse","Machine-op-inspct","Husband","White","Male",0,0,40,"United-States","<=50K"
27,"Private",156516,"Some-college",10,"Married-civ-spouse","Adm-clerical","Wife","Black","Female",0,2377,20,"United-States","<=50K"
36,"Private",70282,"Some-college",10,"Divorced","Adm-clerical","Unmarried","Black","Female",0,0,40,"United-States","<=50K"
48,"Private",131309,"Masters",14,"Married-civ-spouse","Prof-specialty","Husband","White","Male",0,0,45,"United-States",">50K"
38,"Private",187264,"HS-grad",9,"Married-civ-spouse","Exec-managerial","Wife","White","Female",0,0,55,"United-States","<=50K"
36,"Self-emp-not-inc",340001,"HS-grad",9,"Married-civ-spouse","Craft-repair","Husband","White","Male",0,0,40,"United-States","<=50K"
64,"Private",182979,"HS-grad",9,"Married-civ-spouse","Machine-op-inspct","Husband","White","Male",0,0,40,"United-States","<=50K"
31,"Private",446512,"Some-college",10,"Separated","Other-service","Unmarried","Black","Female",0,0,40,"United-States","<=50K"
41,"Self-emp-not-inc",142725,"HS-grad",9,"Married-civ-spouse","Transport-moving","Husband","White","Male",0,0,45,"United-States","<=50K"
33,"Private",312881,"Bachelors",13,"Married-civ-spouse","Prof-specialty","Husband","Black","Male",0,0,40,"United-States",">50K"
32,"Local-gov",118457,"Bachelors",13,"Never-married","Prof-specialty","Not-in-family","White","Male",0,0,55,"United-States","<=50K"
34,"Private",80058,"Prof-school",15,"Never-married","Exec-managerial","Own-child","White","Male",0,0,50,"United-States","<=50K"
68,"Private",193666,"Doctorate",16,"Married-civ-spouse","Prof-specialty","Husband","White","Male",20051,0,55,"United-States",">50K"
27,"Self-emp-not-inc",207948,"Some-college",10,"Never-married","Other-service","Not-in-family","Black","Male",0,0,40,"United-States","<=50K"
21,"Private",180190,"Assoc-voc",11,"Married-civ-spouse","Farming-fishing","Husband","White","Male",0,0,46,"United-States","<=50K"
36,"Private",175360,"Masters",14,"Never-married","Adm-clerical","Not-in-family","White","Male",13550,0,50,"United-States",">50K"
47,"Private",329144,"Some-college",10,"Divorced","Prof-specialty","Not-in-family","White","Male",0,0,48,"United-States",">50K"
63,"State-gov",194682,"Doctorate",16,"Married-civ-spouse","Exec-managerial","Husband","White","Male",0,1902,50,"United-States",">50K"
34,"Private",137088,"HS-grad",9,"Married-civ-spouse","Craft-repair","Other-relative","Amer-Indian-Eskimo","Male",0,0,40,"United-States","<=50K"
31,"Private",398988,"Some-college",10,"Never-married","Exec-managerial","Not-in-family","White","Male",0,0,40,"United-States","<=50K"
30,"Local-gov",145692,"Some-college",10,"Never-married","Protective-serv","Not-in-family","Black","Male",0,1974,40,"United-States","<=50K"
40,"Private",133974,"Some-college",10,"Divorced","Machine-op-inspct","Own-child","White","Male",0,0,40,"United-States","<=50K"
36,NA,200904,"Assoc-acdm",12,"Married-civ-spouse",NA,"Wife","Black","Female",0,0,21,"Haiti","<=50K"
77,"Private",149912,"Bachelors",13,"Never-married","Prof-specialty","Not-in-family","White","Female",0,0,10,"United-States","<=50K"
41,"Local-gov",185057,"Masters",14,"Never-married","Prof-specialty","Not-in-family","White","Female",0,0,40,"United-States","<=50K"
33,"Private",190511,"HS-grad",9,"Never-married","Craft-repair","Not-in-family","White","Male",0,0,30,"United-States","<=50K"
39,"Private",191841,"Assoc-acdm",12,"Separated","Prof-specialty","Not-in-family","White","Female",0,0,30,"United-States","<=50K"
30,"Private",399522,"11th",7,"Married-spouse-absent","Handlers-cleaners","Unmarried","White","Female",0,0,40,"United-States","<=50K"
19,"Private",57067,"HS-grad",9,"Never-married","Machine-op-inspct","Other-relative","White","Male",0,0,45,"United-States","<=50K"
57,"Private",190942,"1st-4th",2,"Widowed","Priv-house-serv","Not-in-family","Black","Female",0,0,30,"United-States","<=50K"
33,"Private",112900,"HS-grad",9,"Divorced","Other-service","Unmarried","White","Female",0,0,40,"United-States","<=50K"
22,"Private",201799,"HS-grad",9,"Never-married","Sales","Own-child","White","Female",0,0,40,"United-States","<=50K"
19,"Local-gov",169853,"HS-grad",9,"Never-married","Craft-repair","Own-child","White","Male",0,0,40,"United-States","<=50K"
19,"Private",223648,"11th",7,"Never-married","Sales","Own-child","White","Male",0,0,20,NA,"<=50K"
36,"Private",469056,"HS-grad",9,"Divorced","Sales","Unmarried","Black","Female",0,0,25,"United-States","<=50K"
60,"Self-emp-not-inc",224377,"HS-grad",9,"Married-civ-spouse","Sales","Husband","White","Male",0,0,40,"United-States","<=50K"
43,"Private",347653,"Some-college",10,"Married-civ-spouse","Prof-specialty","Husband","White","Male",0,0,48,"United-States",">50K"
62,"Private",143312,"Some-college",10,"Divorced","Other-service","Not-in-family","White","Female",0,0,60,"United-States","<=50K"
33,"Private",194141,"HS-grad",9,"Married-civ-spouse","Machine-op-inspct","Husband","White","Male",0,0,40,"United-States","<=50K"
78,NA,363134,"HS-grad",9,"Widowed",NA,"Not-in-family","White","Female",0,0,1,"United-States","<=50K"
30,"Self-emp-not-inc",609789,"Assoc-voc",11,"Never-married","Craft-repair","Not-in-family","White","Male",0,0,40,"United-States","<=50K"
37,"Local-gov",593246,"Bachelors",13,"Married-civ-spouse","Prof-specialty","Wife","White","Female",0,0,50,"United-States",">50K"
28,"Private",312372,"HS-grad",9,"Married-civ-spouse","Exec-managerial","Husband","Black","Male",15024,0,40,"United-States",">50K"
33,"Private",256362,"Some-college",10,"Never-married","Other-service","Not-in-family","White","Male",0,0,35,"United-States","<=50K"
57,"Private",171242,"11th",7,"Married-spouse-absent","Craft-repair","Not-in-family","White","Male",0,0,40,"Canada","<=50K"
17,NA,454614,"11th",7,"Never-married",NA,"Own-child","White","Female",0,0,8,"United-States","<=50K"
23,"Private",269687,"Assoc-voc",11,"Never-married","Tech-support","Not-in-family","White","Male",0,0,40,"United-States","<=50K"
30,"Private",311696,"11th",7,"Married-civ-spouse","Other-service","Wife","Black","Female",0,0,30,"United-States","<=50K"
32,"Private",286675,"Some-college",10,"Never-married","Exec-managerial","Other-relative","White","Male",0,0,40,"United-States","<=50K"
36,"Private",75073,"Some-college",10,"Never-married","Craft-repair","Not-in-family","Black","Male",0,0,55,"United-States","<=50K"
39,"Private",230329,"HS-grad",9,"Married-civ-spouse","Craft-repair","Husband","White","Male",0,0,35,"United-States","<=50K"
54,"Private",123011,"Some-college",10,"Married-civ-spouse","Craft-repair","Husband","White","Male",0,0,40,"United-States",">50K"
58,"Private",127264,"10th",6,"Married-civ-spouse","Craft-repair","Husband","White","Male",0,0,50,"United-States","<=50K"
28,"Private",300915,"HS-grad",9,"Married-civ-spouse","Transport-moving","Husband","White","Male",0,0,60,"United-States","<=50K"
50,"Private",410186,"HS-grad",9,"Married-civ-spouse","Craft-repair","Husband","White","Male",0,0,40,"United-States","<=50K"
32,"Private",229051,"Some-college",10,"Married-civ-spouse","Prof-specialty","Husband","White","Male",0,0,40,"United-States","<=50K"
40,"Private",195892,"Some-college",10,"Divorced","Transport-moving","Not-in-family","Black","Female",0,0,40,"United-States","<=50K"
58,"Private",147707,"11th",7,"Married-civ-spouse","Sales","Husband","White","Male",0,0,40,"United-States","<=50K"
42,"Private",34037,"Doctorate",16,"Never-married","Prof-specialty","Not-in-family","White","Male",0,0,50,"United-States","<=50K"
55,"Private",254516,"9th",5,"Never-married","Handlers-cleaners","Other-relative","Black","Male",0,0,37,"United-States","<=50K"
27,"Private",210765,"Assoc-voc",11,"Never-married","Handlers-cleaners","Not-in-family","White","Male",0,0,40,"United-States","<=50K"
27,"Private",201872,"Some-college",10,"Married-civ-spouse","Sales","Husband","White","Male",0,0,50,"United-States","<=50K"
20,"Private",95918,"9th",5,"Married-civ-spouse","Machine-op-inspct","Husband","White","Male",0,0,40,"United-States","<=50K"
24,"Private",275421,"Assoc-voc",11,"Never-married","Machine-op-inspct","Own-child","White","Female",0,0,40,"United-States","<=50K"
64,"Self-emp-not-inc",47462,"Some-college",10,"Never-married","Prof-specialty","Not-in-family","White","Female",0,0,35,"United-States","<=50K"
41,"Federal-gov",185616,"HS-grad",9,"Never-married","Adm-clerical","Not-in-family","White","Female",0,1980,40,"United-States","<=50K"
69,"Private",124930,"5th-6th",3,"Married-civ-spouse","Machine-op-inspct","Husband","White","Male",0,2267,40,"United-States","<=50K"
44,"Private",172479,"Bachelors",13,"Married-civ-spouse","Prof-specialty","Husband","White","Male",7688,0,40,"United-States",">50K"
42,"Self-emp-not-inc",39539,"HS-grad",9,"Married-civ-spouse","Farming-fishing","Husband","White","Male",0,0,99,"United-States",">50K"
36,"Federal-gov",192150,"HS-grad",9,"Divorced","Adm-clerical","Unmarried","White","Female",0,0,40,"United-States","<=50K"
48,"Self-emp-inc",481987,"10th",6,"Married-civ-spouse","Exec-managerial","Husband","White","Male",0,0,40,"United-States","<=50K"
40,"State-gov",141858,"Prof-school",15,"Married-civ-spouse","Prof-specialty","Husband","White","Male",0,0,72,"United-States","<=50K"
37,"Private",93717,"Some-college",10,"Married-civ-spouse","Adm-clerical","Wife","White","Female",7298,0,45,"United-States",">50K"
33,"Private",206609,"Bachelors",13,"Married-civ-spouse","Exec-managerial","Husband","White","Male",0,0,45,"United-States","<=50K"
25,NA,344719,"HS-grad",9,"Married-civ-spouse",NA,"Wife","White","Female",0,0,4,"United-States","<=50K"
46,"Self-emp-not-inc",231347,"Some-college",10,"Separated","Prof-specialty","Not-in-family","White","Male",0,0,20,"United-States","<=50K"
19,"Private",172582,"Some-college",10,"Never-married","Sales","Own-child","White","Male",0,0,30,"United-States","<=50K"
29,"Federal-gov",124953,"Assoc-voc",11,"Married-civ-spouse","Tech-support","Husband","White","Male",0,0,42,"United-States",">50K"
56,"Private",208451,"Bachelors",13,"Married-civ-spouse","Prof-specialty","Husband","White","Male",0,0,40,"United-States",">50K"
22,"Private",310152,"Some-college",10,"Never-married","Other-service","Not-in-family","White","Male",3325,0,40,"United-States","<=50K"
27,"Private",188171,"10th",6,"Never-married","Adm-clerical","Own-child","White","Male",0,0,60,"United-States","<=50K"
19,"Private",175820,"11th",7,"Never-married","Handlers-cleaners","Own-child","White","Male",0,0,25,"United-States","<=50K"
19,"Private",160811,"HS-grad",9,"Never-married","Sales","Own-child","White","Male",0,0,38,"United-States","<=50K"
28,"State-gov",119793,"Some-college",10,"Married-civ-spouse","Protective-serv","Husband","White","Male",0,0,40,"United-States","<=50K"
31,"Private",217962,"Some-college",10,"Never-married","Protective-serv","Other-relative","Black","Male",0,0,40,NA,"<=50K"
18,"Self-emp-inc",117372,"11th",7,"Never-married","Sales","Own-child","White","Male",0,0,15,"United-States","<=50K"
18,"Private",119655,"12th",8,"Never-married","Adm-clerical","Own-child","White","Female",0,0,12,"United-States","<=50K"
30,"Self-emp-inc",205733,"Some-college",10,"Never-married","Exec-managerial","Not-in-family","White","Female",0,0,60,"United-States","<=50K"
18,"Private",334676,"HS-grad",9,"Never-married","Handlers-cleaners","Own-child","White","Male",0,0,25,"United-States","<=50K"
29,"Private",201454,"Some-college",10,"Never-married","Adm-clerical","Not-in-family","White","Female",0,0,40,"United-States","<=50K"
36,"Private",117312,"Assoc-acdm",12,"Divorced","Tech-support","Not-in-family","White","Female",0,0,60,"United-States","<=50K"
30,"Private",167832,"HS-grad",9,"Married-civ-spouse","Machine-op-inspct","Husband","White","Male",0,0,40,"United-States","<=50K"
28,"Private",167987,"HS-grad",9,"Never-married","Other-service","Own-child","White","Female",0,0,40,"United-States","<=50K"
20,"Private",108887,"Some-college",10,"Never-married","Adm-clerical","Own-child","White","Female",0,0,25,"United-States","<=50K"
18,"Private",240330,"12th",8,"Never-married","Other-service","Own-child","White","Male",0,0,18,"United-States","<=50K"
24,NA,154373,"HS-grad",9,"Married-civ-spouse",NA,"Wife","White","Female",0,0,25,"United-States","<=50K"
25,"Private",50053,"HS-grad",9,"Never-married","Other-service","Not-in-family","Black","Male",0,0,40,"Japan","<=50K"
45,"Private",167187,"Bachelors",13,"Never-married","Prof-specialty","Not-in-family","White","Female",0,0,40,"United-States",">50K"
38,"State-gov",134069,"Masters",14,"Married-civ-spouse","Exec-managerial","Husband","White","Male",7298,0,60,"United-States",">50K"
35,"Local-gov",107233,"HS-grad",9,"Never-married","Adm-clerical","Unmarried","Amer-Indian-Eskimo","Male",0,0,55,"United-States","<=50K"
42,"Local-gov",238188,"Masters",14,"Married-civ-spouse","Prof-specialty","Husband","White","Male",0,0,35,"United-States",">50K"
46,"Private",191389,"HS-grad",9,"Married-civ-spouse","Exec-managerial","Wife","White","Female",0,0,28,"United-States",">50K"
58,"Private",29928,"Some-college",10,"Married-civ-spouse","Sales","Wife","White","Female",0,0,36,"United-States","<=50K"
51,"Local-gov",319054,"HS-grad",9,"Married-civ-spouse","Transport-moving","Husband","Black","Male",0,0,60,"United-States","<=50K"
35,"Private",341643,"Bachelors",13,"Never-married","Sales","Not-in-family","White","Male",0,0,55,"United-States","<=50K"
49,"Private",168262,"10th",6,"Divorced","Other-service","Not-in-family","White","Male",0,0,48,"United-States","<=50K"
76,"Self-emp-not-inc",33213,"Masters",14,"Married-civ-spouse","Prof-specialty","Husband","White","Male",0,0,30,NA,">50K"
19,"Unknown",28455,"Some-college",10,"Never-married",NA,"Own-child","White","Female",0,0,40,"United-States","<=50K"
41,"Federal-gov",253770,"Some-college",10,"Married-civ-spouse","Transport-moving","Wife","White","Female",7298,0,40,"United-States",">50K"
33,"Private",69251,"Assoc-voc",11,"Never-married","Sales","Own-child","Asian-Pac-Islander","Male",0,0,40,"Philippines","<=50K"
33,"Private",236396,"Bachelors",13,"Married-civ-spouse","Sales","Husband","White","Male",0,1902,55,"United-States",">50K"
53,"Private",347446,"9th",5,"Married-civ-spouse","Machine-op-inspct","Husband","Black","Male",0,0,40,"United-States","<=50K"
57,"Self-emp-not-inc",315460,"Prof-school",15,"Married-civ-spouse","Prof-specialty","Husband","White","Male",0,0,36,"United-States","<=50K"
30,"Local-gov",211654,"Masters",14,"Married-civ-spouse","Prof-specialty","Husband","White","Male",0,0,40,"United-States",">50K"
20,"Private",221955,"5th-6th",3,"Married-spouse-absent","Farming-fishing","Other-relative","White","Male",0,0,40,"Mexico","<=50K"
36,"Private",343476,"HS-grad",9,"Divorced","Craft-repair","Not-in-family","White","Male",0,0,30,"United-States","<=50K"
40,"Private",163215,"Bachelors",13,"Divorced","Exec-managerial","Not-in-family","White","Female",10520,0,40,"United-States",">50K"
35,"Private",207676,"Some-college",10,"Never-married","Handlers-cleaners","Own-child","Black","Male",0,0,40,"United-States","<=50K"
34,"Private",42900,"Bachelors",13,"Married-civ-spouse","Exec-managerial","Husband","White","Male",0,0,50,"United-States",">50K"
71,"Private",216608,"Assoc-voc",11,"Never-married","Adm-clerical","Not-in-family","White","Female",0,0,40,"United-States","<=50K"
49,"Private",125421,"HS-grad",9,"Married-civ-spouse","Craft-repair","Wife","White","Female",0,0,40,"United-States",">50K"
51,"Private",410114,"Masters",14,"Married-civ-spouse","Craft-repair","Husband","White","Male",0,0,40,"United-States",">50K"
34,"Private",118551,"Bachelors",13,"Never-married","Tech-support","Not-in-family","White","Female",0,0,40,"United-States","<=50K"
45,"Local-gov",167334,"Masters",14,"Never-married","Prof-specialty","Not-in-family","White","Male",0,0,50,"United-States",">50K"
73,"Private",267408,"HS-grad",9,"Widowed","Sales","Other-relative","White","Female",0,0,15,"United-States","<=50K"
27,"Private",179565,"Bachelors",13,"Never-married","Adm-clerical","Not-in-family","White","Female",0,0,37,"United-States","<=50K"
26,"State-gov",294400,"HS-grad",9,"Married-civ-spouse","Protective-serv","Husband","White","Male",0,0,38,"United-States","<=50K"
37,"Self-emp-inc",116554,"Masters",14,"Divorced","Exec-managerial","Not-in-family","White","Female",0,0,70,"United-States","<=50K"
19,"Private",260333,"HS-grad",9,"Never-married","Other-service","Own-child","White","Female",0,0,20,"United-States","<=50K"
32,"Federal-gov",249409,"HS-grad",9,"Never-married","Other-service","Own-child","Black","Male",0,0,40,"United-States","<=50K"
29,"Private",133696,"Bachelors",13,"Never-married","Prof-specialty","Not-in-family","White","Male",8614,0,45,"United-States",">50K"
67,"Federal-gov",223257,"HS-grad",9,"Widowed","Other-service","Unmarried","White","Male",0,0,40,"United-States","<=50K"
33,"Local-gov",267859,"Some-college",10,"Married-civ-spouse","Protective-serv","Husband","White","Male",0,0,40,"United-States","<=50K"
18,"Private",200047,"12th",8,"Never-married","Adm-clerical","Own-child","White","Male",0,0,35,"United-States","<=50K"
51,"Private",334273,"HS-grad",9,"Married-civ-spouse","Craft-repair","Husband","White","Male",0,0,40,"United-States","<=50K"
35,"Private",98283,"Prof-school",15,"Never-married","Prof-specialty","Not-in-family","Asian-Pac-Islander","Male",0,0,40,"India",">50K"
17,"Private",142912,"10th",6,"Never-married","Other-service","Own-child","White","Male",0,0,40,"United-States","<=50K"
20,"State-gov",243986,"Some-college",10,"Never-married","Prof-specialty","Own-child","White","Female",0,0,20,"United-States","<=50K"
43,"Private",96102,"Masters",14,"Married-spouse-absent","Exec-managerial","Not-in-family","White","Male",0,0,50,"United-States","<=50K"
32,NA,981628,"HS-grad",9,"Divorced",NA,"Unmarried","Black","Male",0,0,40,"United-States","<=50K"
28,"Private",124680,"Bachelors",13,"Never-married","Exec-managerial","Not-in-family","White","Female",6849,0,60,"United-States","<=50K"
52,"Private",84278,"Some-college",10,"Married-civ-spouse","Exec-managerial","Husband","White","Male",7688,0,55,NA,">50K"
51,"Federal-gov",100653,"HS-grad",9,"Divorced","Adm-clerical","Not-in-family","White","Female",0,0,8,"United-States","<=50K"
63,"Private",201631,"9th",5,"Married-civ-spouse","Farming-fishing","Husband","Black","Male",0,0,40,"United-States","<=50K"
37,"Local-gov",333664,"Some-college",10,"Separated","Adm-clerical","Not-in-family","White","Female",0,0,40,"United-States","<=50K"
38,"Private",335104,"Bachelors",13,"Divorced","Prof-specialty","Not-in-family","White","Female",0,0,35,"United-States","<=50K"
42,"Private",162003,"Doctorate",16,"Never-married","Prof-specialty","Not-in-family","White","Male",0,0,36,"United-States",">50K"
28,"Federal-gov",381789,"Bachelors",13,"Never-married","Prof-specialty","Not-in-family","White","Male",0,0,50,"United-States","<=50K"
23,"Private",133582,"1st-4th",2,"Never-married","Farming-fishing","Not-in-family","White","Male",0,0,36,"Mexico","<=50K"
69,"Local-gov",179813,"10th",6,"Married-civ-spouse","Transport-moving","Husband","White","Male",0,0,10,"United-States","<=50K"
42,"Private",204450,"HS-grad",9,"Married-civ-spouse","Handlers-cleaners","Husband","Black","Male",0,0,40,"United-States","<=50K"
22,"State-gov",48121,"Some-college",10,"Married-civ-spouse","Other-service","Husband","White","Male",0,0,25,"United-States","<=50K"
49,"Self-emp-not-inc",192203,"9th",5,"Married-civ-spouse","Craft-repair","Husband","White","Male",0,0,40,"Canada","<=50K"
46,"Self-emp-inc",192779,"Prof-school",15,"Married-civ-spouse","Prof-specialty","Husband","White","Male",15024,0,60,"United-States",">50K"
19,"State-gov",176634,"HS-grad",9,"Never-married","Adm-clerical","Own-child","White","Female",0,0,40,"United-States","<=50K"
34,"Private",164280,"10th",6,"Married-civ-spouse","Handlers-cleaners","Husband","White","Male",0,0,40,"Portugal","<=50K"
62,"State-gov",162678,"Bachelors",13,"Married-civ-spouse","Exec-managerial","Husband","White","Male",0,0,40,"United-States","<=50K"
31,"Private",131568,"9th",5,"Never-married","Machine-op-inspct","Not-in-family","White","Male",0,0,40,"United-States","<=50K"
27,"Private",38353,"Assoc-voc",11,"Married-civ-spouse","Sales","Husband","White","Male",0,0,60,"United-States","<=50K"
21,"Private",231931,"Some-college",10,"Never-married","Sales","Own-child","White","Male",0,0,45,"United-States","<=50K"
58,"Self-emp-not-inc",143731,"HS-grad",9,"Married-civ-spouse","Sales","Husband","White","Male",0,0,72,"United-States",">50K"
22,"Private",251196,"Some-college",10,"Never-married","Protective-serv","Own-child","Black","Female",0,0,20,"United-States","<=50K"
22,"Private",72310,"11th",7,"Never-married","Transport-moving","Not-in-family","White","Male",0,0,65,"United-States","<=50K"
47,"Private",45857,"HS-grad",9,"Never-married","Adm-clerical","Unmarried","White","Female",0,0,40,"United-States","<=50K"
43,"Self-emp-inc",33729,"Bachelors",13,"Married-civ-spouse","Sales","Husband","White","Male",0,0,45,"United-States",">50K"
50,"Private",196963,"7th-8th",4,"Divorced","Craft-repair","Not-in-family","White","Female",0,0,30,"United-States","<=50K"
54,"Private",77336,"HS-grad",9,"Married-civ-spouse","Sales","Husband","White","Male",0,0,40,"United-States","<=50K"
61,"Private",195595,"7th-8th",4,"Married-spouse-absent","Machine-op-inspct","Not-in-family","White","Male",0,0,40,"Guatemala","<=50K"
55,"Private",189528,"7th-8th",4,"Married-civ-spouse","Craft-repair","Husband","White","Male",0,0,60,"United-States","<=50K"
39,"Private",190297,"Doctorate",16,"Married-civ-spouse","Prof-specialty","Husband","White","Male",99999,0,55,"United-States",">50K"
36,"Private",272950,"Some-college",10,"Never-married","Sales","Not-in-family","White","Male",0,0,50,"United-States","<=50K"
33,"Private",233107,"9th",5,"Married-civ-spouse","Craft-repair","Husband","White","Male",0,0,33,"Mexico","<=50K"
41,"Private",208330,"Some-college",10,"Married-civ-spouse","Sales","Husband","White","Male",0,0,51,"United-States","<=50K"
35,"Private",174308,"Some-college",10,"Never-married","Transport-moving","Own-child","White","Male",0,0,40,"United-States","<=50K"
46,"Federal-gov",371373,"HS-grad",9,"Divorced","Adm-clerical","Not-in-family","White","Male",0,0,40,"United-States","<=50K"
52,"Private",236180,"Bachelors",13,"Married-spouse-absent","Other-service","Not-in-family","White","Male",0,0,50,"United-States","<=50K"
58,"Private",255822,"Assoc-voc",11,"Married-civ-spouse","Craft-repair","Husband","White","Male",0,0,40,"United-States",">50K"
38,"Private",242559,"HS-grad",9,"Never-married","Adm-clerical","Not-in-family","White","Female",0,0,38,"United-States","<=50K"
42,"Self-emp-inc",119281,"Bachelors",13,"Married-civ-spouse","Exec-managerial","Husband","White","Male",0,0,60,"United-States",">50K"
35,"Private",127306,"Assoc-voc",11,"Never-married","Adm-clerical","Own-child","White","Female",14344,0,40,"United-States",">50K"
36,"Private",162312,"HS-grad",9,"Never-married","Craft-repair","Not-in-family","Asian-Pac-Islander","Male",0,0,70,"South","<=50K"
36,"Self-emp-not-inc",150371,"HS-grad",9,"Never-married","Craft-repair","Not-in-family","White","Male",0,0,40,"United-States","<=50K"
52,"Private",123780,"HS-grad",9,"Married-civ-spouse","Adm-clerical","Wife","White","Female",0,0,38,"United-States","<=50K"
47,"Private",221666,"Some-college",10,"Divorced","Tech-support","Unmarried","White","Female",0,0,40,"United-States","<=50K"
33,"Private",79923,"Some-college",10,"Married-civ-spouse","Sales","Husband","White","Male",0,0,20,"United-States","<=50K"
52,"Federal-gov",291096,"Assoc-acdm",12,"Married-civ-spouse","Other-service","Husband","White","Male",7298,0,40,"United-States",">50K"
36,"Private",181065,"Assoc-acdm",12,"Married-civ-spouse","Tech-support","Husband","White","Male",0,0,40,"United-States",">50K"
29,"Private",34796,"HS-grad",9,"Never-married","Exec-managerial","Not-in-family","White","Male",0,0,40,"United-States","<=50K"
59,"Private",110820,"HS-grad",9,"Divorced","Craft-repair","Not-in-family","White","Male",0,0,38,"United-States",">50K"
51,"Private",337195,"Some-college",10,"Married-civ-spouse","Sales","Husband","White","Male",0,1902,50,"United-States",">50K"
35,"Private",296478,"Some-college",10,"Married-civ-spouse","Sales","Husband","White","Male",0,0,40,"United-States","<=50K"
32,"Private",317378,"Bachelors",13,"Never-married","Exec-managerial","Own-child","White","Female",10520,0,40,"United-States",">50K"
39,"Private",183898,"Assoc-acdm",12,"Married-civ-spouse","Craft-repair","Husband","White","Male",7688,0,60,"Germany",">50K"
22,"Private",139190,"HS-grad",9,"Never-married","Craft-repair","Own-child","White","Male",0,0,50,"United-States","<=50K"
38,"Federal-gov",307404,"Some-college",10,"Divorced","Adm-clerical","Unmarried","White","Female",0,0,40,"United-States","<=50K"
25,"Private",248990,"1st-4th",2,"Never-married","Machine-op-inspct","Not-in-family","White","Male",0,0,24,"Mexico","<=50K"
47,"Private",225456,"HS-grad",9,"Never-married","Tech-support","Other-relative","White","Male",0,0,50,"United-States","<=50K"
31,NA,251167,"HS-grad",9,"Married-civ-spouse",NA,"Wife","White","Female",0,0,30,"Mexico","<=50K"
26,"Local-gov",190350,"Bachelors",13,"Never-married","Prof-specialty","Own-child","Black","Female",0,0,35,"United-States","<=50K"
26,"Private",213412,"11th",7,"Married-civ-spouse","Craft-repair","Husband","White","Male",0,0,40,"United-States","<=50K"
55,"Private",158702,"Some-college",10,"Never-married","Adm-clerical","Not-in-family","Black","Female",0,2339,45,NA,"<=50K"
25,"Private",181896,"Bachelors",13,"Never-married","Adm-clerical","Own-child","White","Female",0,0,40,"United-States","<=50K"
29,"Local-gov",92262,"HS-grad",9,"Never-married","Protective-serv","Own-child","White","Male",0,0,48,"United-States","<=50K"
31,"Private",221167,"Prof-school",15,"Divorced","Tech-support","Not-in-family","White","Female",0,0,35,"United-States","<=50K"
26,"Private",192506,"Bachelors",13,"Never-married","Other-service","Not-in-family","Black","Female",0,0,35,"United-States","<=50K"
61,"Private",228287,"HS-grad",9,"Married-civ-spouse","Craft-repair","Husband","White","Male",0,0,50,"United-States","<=50K"
50,"Private",189107,"HS-grad",9,"Married-civ-spouse","Machine-op-inspct","Husband","White","Male",0,0,40,"United-States","<=50K"
54,"Self-emp-not-inc",226735,"HS-grad",9,"Married-civ-spouse","Other-service","Husband","Black","Male",0,0,45,"United-States","<=50K"
40,"Local-gov",243580,"Bachelors",13,"Married-civ-spouse","Prof-specialty","Husband","White","Male",0,0,48,"United-States","<=50K"
23,"Private",37783,"Some-college",10,"Never-married","Sales","Own-child","White","Female",0,0,40,"United-States","<=50K"
19,"Private",229745,"HS-grad",9,"Never-married","Farming-fishing","Own-child","White","Male",0,0,20,"United-States","<=50K"
