CustomerID,Frequency,Monetary,TotalQuantity,UniqueProducts,AvgUnitPrice,Country,Recency,AvgOrderValue,AvgQtyPerOrder,TenureDays,PurchaseFreq,NumCancellations,CancellationRate,IsUK,Cluster_KMeans,Cluster_Hier,PC1,PC2,PC3,Segment,HighValue
12346,1,77183.6,74215,1,1.04,United Kingdom,326,77183.6,74215.0,0,1.0,1.0,0.5,1,0,0,2.7762466493372076,-3.1076114404497988,2.26187128906154,Loyal Regulars,0
12347,7,4310.0,2458,103,2.644010989010989,Iceland,2,615.7142857142857,351.14285714285717,365,0.5753424657534247,0.0,0.0,0,2,2,3.0426072811917524,-0.3545545377176326,-1.1927706952370924,Champions (High-Value),1
12348,4,1437.24,2332,21,0.692962962962963,Finland,75,359.31,583.0,282,0.425531914893617,0.0,0.0,0,0,0,1.0933900518718183,-1.1392264334568285,-0.5917587152595477,Loyal Regulars,0
12349,1,1457.55,630,72,4.237500000000001,Italy,19,1457.55,630.0,0,1.0,0.0,0.0,0,0,0,1.089974598735879,-1.546056188647224,0.9258372652822319,Loyal Regulars,0
12350,1,294.4,196,16,1.58125,Norway,310,294.4,196.0,0,1.0,0.0,0.0,0,1,1,-1.558344289507232,-0.6720828643071141,0.8981808941833084,Hibernating / At-Risk,0
12352,7,1385.74,526,57,4.075454545454545,Norway,36,197.96285714285713,75.14285714285714,260,0.8076923076923077,3.0,0.3,0,0,1,0.780419668136107,0.48684088418195337,-0.6297850621975212,Loyal Regulars,0
12353,1,89.0,20,4,6.074999999999999,Bahrain,204,89.0,20.0,0,1.0,0.0,0.0,0,1,1,-3.439743550380585,0.7792931615980914,-0.0029487202579280875,Hibernating / At-Risk,0
12354,1,1079.4,530,58,4.5037931034482765,Spain,232,1079.4,530.0,0,1.0,0.0,0.0,0,0,0,0.11359657889675508,-1.9202901568195687,1.5880422031324062,Loyal Regulars,0
12355,1,459.4,240,13,4.203846153846154,Bahrain,214,459.4,240.0,0,1.0,0.0,0.0,0,1,1,-0.971157768802876,-1.0123706237610894,1.037802331324649,Hibernating / At-Risk,0
12356,3,2487.43,1573,52,2.9460344827586207,Portugal,23,829.1433333333333,524.3333333333334,302,0.2980132450331126,0.0,0.0,0,0,2,1.7028354379319475,-1.8828237439209254,-0.7353429154124539,Loyal Regulars,0
12357,1,6207.67,2708,131,3.3486259541984733,Switzerland,33,6207.67,2708.0,0,1.0,0.0,0.0,0,0,0,2.3245134751013774,-2.2485943626913625,1.3940345922332031,Loyal Regulars,0
12358,2,928.0600000000001,242,12,4.541764705882353,Austria,2,464.03000000000003,121.0,149,0.40268456375838924,0.0,0.0,0,0,0,0.608445226616189,-0.5177938453314983,-1.550125780449237,Loyal Regulars,0
12359,4,6310.03,1609,214,8.664530612244898,Cyprus,58,1577.5075,402.25,274,0.43795620437956206,2.0,0.3333333333333333,0,0,2,2.3913128388901423,-2.4274303265473924,0.20659696291210222,Loyal Regulars,0
12360,3,2302.06,1156,104,2.681825396825397,Austria,52,767.3533333333334,385.3333333333333,148,0.6081081081081081,0.0,0.0,0,0,2,1.3729700702459076,-1.5103703829493709,0.11576898632113614,Loyal Regulars,0
12361,1,174.9,90,9,2.038888888888889,Belgium,287,174.9,90.0,0,1.0,0.0,0.0,0,1,1,-2.325502884147184,-0.08629253357683281,0.5465141650666537,Hibernating / At-Risk,0
12362,10,4737.23,2197,200,3.4972265625,Belgium,3,473.72299999999996,219.7,292,1.0273972602739727,3.0,0.23076923076923078,0,2,2,3.1344671463311413,0.5293715260559851,-0.5772672861494481,Champions (High-Value),1
12363,2,552.0,408,23,2.3117391304347827,Unspecified,110,276.0,204.0,132,0.45454545454545453,0.0,0.0,0,0,0,-0.5831218509339514,-0.9815763547350084,-0.4939653467620337,Loyal Regulars,0
12364,4,1208.1,1499,69,1.2638271604938272,Belgium,8,302.025,374.75,104,1.1538461538461537,0.0,0.0,0,2,2,1.4323763496431519,0.5960028838804277,-0.2193433390314497,Champions (High-Value),1
12365,1,320.69,173,21,2.6961904761904765,Cyprus,291,320.69,173.0,0,1.0,1.0,0.5,0,1,1,-1.5116764476949938,-0.724980854359957,0.9234519676859252,Hibernating / At-Risk,0
12367,1,150.9,172,10,1.72,Denmark,4,150.9,172.0,0,1.0,0.0,0.0,0,1,1,-1.1708042623891048,1.1127099805053484,-0.9152655050087701,Hibernating / At-Risk,0
12370,4,3421.94,2349,142,2.569090909090909,Cyprus,51,855.485,587.25,309,0.3883495145631068,0.0,0.0,0,0,2,1.992148696024269,-1.9228161629940224,-0.2903597678416049,Loyal Regulars,0
12371,1,1527.96,582,62,3.291612903225807,Switzerland,60,1527.96,582.0,0,1.0,0.0,0.0,0,0,0,0.8170658274168335,-1.891172283862502,1.3345283685924554,Loyal Regulars,0
12372,3,1196.04,788,33,2.1442857142857146,Denmark,72,398.68,262.6666666666667,224,0.4017857142857143,0.0,0.0,0,0,0,0.48873259623919774,-1.253321679482904,-0.5743942309402443,Loyal Regulars,0
12373,1,324.6,196,13,1.8576923076923075,Austria,311,324.6,196.0,0,1.0,0.0,0.0,0,1,1,-1.468519943891619,-0.7659381491702606,0.9565643384948629,Hibernating / At-Risk,0
12374,1,622.93,339,32,3.1015625,Austria,25,622.93,339.0,0,1.0,0.0,0.0,0,0,0,-0.011457151418277026,-0.7516584103745038,0.5000712400153566,Loyal Regulars,0
12375,2,377.5,176,13,2.5013333333333336,Finland,11,188.75,88.0,87,0.6896551724137931,1.0,0.3333333333333333,0,1,1,-0.6492737048957583,0.41013512985228867,-1.060202940060327,Hibernating / At-Risk,0
12377,2,1548.12,942,71,2.2282894736842103,Switzerland,315,774.06,471.0,39,1.5384615384615383,0.0,0.0,0,0,0,0.6088198656061401,-1.0563202217121788,2.1371270739231196,Loyal Regulars,0
12378,1,4008.62,2529,219,2.9974429223744297,Switzerland,130,4008.62,2529.0,0,1.0,0.0,0.0,0,0,0,1.7603207067902873,-2.5703238057582114,1.8341496013853222,Loyal Regulars,0
12379,2,777.24,402,38,2.2276315789473684,Belgium,82,388.62,201.0,88,0.6818181818181819,1.0,0.3333333333333333,0,0,0,-0.15160448469664875,-0.8945722037204107,0.03529193527404338,Loyal Regulars,0
12380,4,2427.81,1110,76,2.8238,Belgium,22,606.9525,277.5,164,0.7317073170731707,1.0,0.2,0,0,2,1.6552562572018195,-0.7987203873379525,-0.13929308269239635,Loyal Regulars,0
12381,3,1474.81,797,69,3.377317073170732,Norway,5,491.6033333333333,265.6666666666667,115,0.7826086956521738,1.0,0.25,0,0,2,1.4024877537675813,-0.21693781870152373,-0.5996317458625832,Loyal Regulars,0
12383,5,1628.56,1518,83,2.421382978723404,Belgium,185,325.712,303.6,167,0.8982035928143713,1.0,0.16666666666666666,0,0,0,0.915819912028862,-0.5289522479415799,0.45249661861146184,Loyal Regulars,0
12384,2,425.27000000000004,122,25,5.3096000000000005,Switzerland,29,212.63500000000002,61.0,92,0.6521739130434783,1.0,0.3333333333333333,0,1,1,-0.9236948877925035,0.02596138444663909,-0.7514637639392074,Hibernating / At-Risk,0
12386,2,401.9,354,10,2.391,Australia,338,200.95,177.0,29,2.0,0.0,0.0,0,1,1,-0.9953404892047738,0.6783818774147533,1.837457846541908,Hibernating / At-Risk,0
12388,6,2780.66,1462,57,2.7777,Australia,16,463.4433333333333,243.66666666666666,311,0.5787781350482315,0.0,0.0,0,0,2,1.97076980550164,-0.5626708993909272,-0.7413519382546907,Loyal Regulars,0
12390,1,504.84000000000003,350,31,3.641935483870968,Belgium,80,504.84000000000003,350.0,0,1.0,0.0,0.0,0,0,1,-0.4854104998722935,-0.867168081879308,0.7677371316548794,Loyal Regulars,0
12391,1,439.66,293,92,2.416774193548387,Cyprus,22,439.66,293.0,0,1.0,0.0,0.0,0,0,1,-0.3611345012172521,-0.37264959124126223,0.2495100949597068,Loyal Regulars,0
12393,4,1582.6000000000001,816,47,2.2796875,Australia,72,395.65000000000003,204.0,260,0.46153846153846156,0.0,0.0,0,0,0,0.7879008402237505,-1.0685873248435864,-0.5028320769276549,Loyal Regulars,0
12394,2,1080.48,808,25,2.3204,Belgium,64,540.24,404.0,153,0.3921568627450981,0.0,0.0,0,0,0,0.4331050128414124,-1.6354779593061515,-0.395152318613763,Loyal Regulars,0
12395,12,2682.63,2097,90,2.987083333333333,Belgium,19,223.5525,174.75,351,1.0256410256410258,3.0,0.2,0,2,2,2.200371051875381,0.8705914587606891,-0.5065381701351148,Champions (High-Value),1
12397,2,2214.9,1250,109,3.282258064516129,Belgium,36,1107.45,625.0,99,0.6060606060606061,0.0,0.0,0,0,2,1.4610810053689307,-1.8778441087328226,0.26663985006065744,Loyal Regulars,0
12398,1,1435.66,1389,84,1.5402380952380952,Switzerland,46,1435.66,1389.0,0,1.0,0.0,0.0,0,0,0,1.1679419246614937,-1.8380316203006537,1.2310681933358991,Loyal Regulars,0
12399,4,1033.65,1173,46,1.1774545454545455,Belgium,119,258.4125,293.25,142,0.8450704225352113,0.0,0.0,0,0,1,0.47956273584918313,-0.30037720204271723,0.11553864902748322,Loyal Regulars,0
12401,1,69.3,10,4,8.35,Belgium,303,69.3,10.0,0,1.0,0.0,0.0,0,1,1,-3.9499093424264866,0.9476381219634644,-0.024896460885442995,Hibernating / At-Risk,0
12402,1,195.6,92,10,2.12,Belgium,323,195.6,92.0,0,1.0,0.0,0.0,0,1,1,-2.243509965831225,-0.2269581390081351,0.6530080175232043,Hibernating / At-Risk,0
12403,1,391.7,94,4,4.3500000000000005,Denmark,50,391.7,94.0,0,1.0,1.0,0.5,0,1,1,-1.1171946310470136,-0.3803495418515483,0.4256608923882437,Hibernating / At-Risk,0
12405,1,1390.39,849,53,2.856415094339623,Finland,149,1390.39,849.0,0,1.0,0.0,0.0,0,0,0,0.6472168259870945,-2.0829057898578185,1.5979517009883237,Loyal Regulars,0
12406,2,3415.3,1818,92,2.487047619047619,Denmark,22,1707.65,909.0,161,0.3726708074534162,1.0,0.3333333333333333,0,0,2,2.0846954060819383,-2.552416115090906,-0.09587655012400964,Loyal Regulars,0
12407,5,1507.1200000000001,1403,56,2.410972222222222,Belgium,50,301.42400000000004,280.6,214,0.7009345794392523,0.0,0.0,0,0,2,1.1102940045246243,-0.3421580572704685,-0.3634737282499739,Loyal Regulars,0
12408,5,2618.55,1391,80,2.548514851485148,Belgium,33,523.71,278.2,227,0.6607929515418502,4.0,0.4444444444444444,0,0,2,1.7170117951156352,-0.8106171656981415,-0.24917732996871414,Loyal Regulars,0
12409,3,11072.67,5551,91,3.574495412844037,Switzerland,79,3690.89,1850.3333333333333,103,0.8737864077669903,4.0,0.5714285714285714,0,2,0,3.098342379777045,-2.401343803501983,1.349335319408734,Champions (High-Value),1
12410,2,533.33,207,25,4.9888,Switzerland,309,266.665,103.5,0,2.0,1.0,0.3333333333333333,0,1,1,-0.9202804001428663,0.48197072594295415,1.9585651573799414,Hibernating / At-Risk,0
12412,3,1142.88,824,42,1.9748275862068967,Denmark,75,380.96000000000004,274.6666666666667,94,0.9574468085106383,0.0,0.0,0,0,0,0.5570776385354326,-0.46273625373165955,0.39986292043665156,Loyal Regulars,0
12413,3,686.1,282,28,4.065,France,67,228.70000000000002,94.0,270,0.3333333333333333,2.0,0.4,0,0,0,-0.4286049507856055,-0.7267004552866947,-1.0994317474471789,Loyal Regulars,0
12414,3,442.41,297,15,2.284,Austria,217,147.47,99.0,93,0.9677419354838709,0.0,0.0,0,1,1,-0.9933076332166982,0.25334654320348854,0.19445055069337466,Hibernating / At-Risk,0
12415,20,124564.53,77373,443,2.450322580645161,Australia,24,6228.2265,3868.65,313,1.9169329073482428,5.0,0.2,0,2,2,5.169650472253053,-0.33610304559103754,1.8378266634195013,Champions (High-Value),1
12417,9,3226.1,1527,157,4.775300546448087,Belgium,3,358.4555555555555,169.66666666666666,354,0.7627118644067796,3.0,0.25,0,2,2,2.57695894409184,0.47019287089891726,-1.1421793930006445,Champions (High-Value),1
12418,1,668.58,407,34,3.5644117647058824,Switzerland,113,668.58,407.0,0,1.0,0.0,0.0,0,0,0,-0.2525625603117779,-1.2426960049373845,1.0540786348750277,Loyal Regulars,0
12420,1,600.39,345,29,4.707241379310345,Cyprus,64,600.39,345.0,0,1.0,0.0,0.0,0,0,0,-0.27355920385965293,-0.9705122706307762,0.7935952455142808,Loyal Regulars,0
12421,4,639.04,478,31,2.229512195121951,Spain,16,159.76,119.5,303,0.39603960396039606,1.0,0.2,0,0,0,0.09453020698543768,0.13909051478801415,-1.6843168298997713,Loyal Regulars,0
12422,3,683.5600000000001,367,38,2.293421052631579,Australia,96,227.85333333333335,122.33333333333333,229,0.3930131004366812,0.0,0.0,0,0,0,-0.4060865105773657,-0.74467218992291,-0.8434343768935516,Loyal Regulars,0
12423,8,1634.31,1324,96,2.087179487179487,Belgium,1,204.28875,165.5,352,0.6818181818181819,1.0,0.1111111111111111,0,2,2,2.037262790687393,1.0598500703406888,-1.8288307152114218,Champions (High-Value),1
12424,2,1760.96,740,30,2.780666666666667,Australia,163,880.48,370.0,0,2.0,0.0,0.0,0,0,0,0.8534908756180285,-0.5954170221257911,2.4745522764567904,Loyal Regulars,0
12425,1,777.2,496,36,2.5644444444444443,Portugal,78,777.2,496.0,0,1.0,0.0,0.0,0,0,0,0.059069345337712034,-1.302998141859685,1.021739266658663,Loyal Regulars,0
12426,1,510.73,254,29,3.451379310344828,Germany,195,510.73,254.0,0,1.0,0.0,0.0,0,1,1,-0.826791550505814,-1.0929190764628915,1.0697023908134045,Hibernating / At-Risk,0
12427,3,699.8,526,25,3.152142857142857,Germany,22,233.26666666666665,175.33333333333334,349,0.25787965616045844,2.0,0.4,0,0,0,0.0941909187826988,-0.6358201030990712,-1.6159215027635085,Loyal Regulars,0
12428,8,6405.26,3509,256,2.9437630662020906,Finland,26,800.6575,438.625,257,0.933852140077821,3.0,0.2727272727272727,0,2,2,3.0673005113658136,-0.7273954141291548,0.30474079788445785,Champions (High-Value),1
12429,4,3388.4,1538,81,3.065744680851064,Denmark,9,847.1,384.5,356,0.33707865168539325,0.0,0.0,0,0,2,2.227023287836435,-1.5070800122806638,-0.9846020097617463,Loyal Regulars,0
12430,1,216.4,116,10,2.848,Norway,43,216.4,116.0,0,1.0,0.0,0.0,0,1,1,-1.548020898899112,0.20635538550240956,0.03243842771609415,Hibernating / At-Risk,0
12431,15,6314.95,2889,162,3.675603448275862,Australia,36,420.99666666666667,192.6,338,1.331360946745562,3.0,0.16666666666666666,0,2,2,3.041449032660028,0.4742952626348762,0.45260358608539264,Champions (High-Value),1
12432,4,4359.32,1800,106,4.107383177570093,Norway,43,1089.83,450.0,129,0.9302325581395349,0.0,0.0,0,0,2,2.257509663420783,-1.3314868157441795,0.7606793945734305,Loyal Regulars,0
12433,7,13375.87,11071,219,2.1927380952380955,Norway,1,1910.8385714285716,1581.5714285714287,372,0.564516129032258,0.0,0.0,0,2,2,4.784189521120984,-1.4731829450703167,-0.64762251899172,Champions (High-Value),1
12434,2,806.14,394,46,3.6726,Australia,85,403.07,197.0,175,0.34285714285714286,2.0,0.5,0,0,0,-0.20433634991763217,-1.451247415109398,-0.5962257931119255,Loyal Regulars,0
12435,2,7829.89,2055,31,5.479166666666667,Denmark,80,3914.945,1027.5,188,0.3191489361702128,0.0,0.0,0,0,2,2.2455141923960245,-3.229149737398913,0.3544606624071623,Loyal Regulars,0
12436,1,429.01000000000005,209,15,2.952,Norway,100,429.01000000000005,209.0,0,1.0,0.0,0.0,0,1,1,-0.8954184051478902,-0.7266292888199576,0.734517301007404,Hibernating / At-Risk,0
12437,18,4447.41,2894,117,2.8722826086956523,France,2,247.07833333333332,160.77777777777777,329,1.641337386018237,1.0,0.05263157894736842,0,2,2,3.4271197558710984,2.028431281909719,-0.3933181006653475,Champions (High-Value),1
12438,2,2466.85,1169,83,3.142708333333333,Norway,14,1233.425,584.5,125,0.48,0.0,0.0,0,0,2,1.740970530216098,-1.9125536947654087,-0.2232480620036458,Loyal Regulars,0
12441,1,155.55,120,10,2.271,France,367,155.55,120.0,0,1.0,0.0,0.0,0,1,1,-2.3846464702127586,-0.06814016040368001,0.5695815578350664,Hibernating / At-Risk,0
12442,1,144.06,181,11,1.0981818181818181,Spain,3,144.06,181.0,0,1.0,0.0,0.0,0,1,1,-1.1365827508034978,1.2136277389129173,-1.017695287680835,Hibernating / At-Risk,0
12444,5,4085.46,1130,137,5.576337209302325,Norway,21,817.092,226.0,149,1.006711409395973,0.0,0.0,0,2,2,2.2191821821653583,-0.6642675636457449,0.41594229274543837,Champions (High-Value),1
12445,1,77.4,60,3,1.3166666666666667,Spain,22,77.4,60.0,0,1.0,0.0,0.0,0,1,1,-2.5880515733998553,1.4177907808521004,-0.8075949060229741,Hibernating / At-Risk,0
12446,1,1002.3100000000001,351,57,4.352631578947368,RSA,58,1002.3100000000001,351.0,0,1.0,0.0,0.0,0,0,0,0.23464552454503051,-1.4342252406839087,1.0619662543306232,Loyal Regulars,0
12447,1,431.49,187,25,3.1172000000000004,Belgium,243,431.49,187.0,0,1.0,0.0,0.0,0,1,1,-1.1595840827672608,-0.9651574144759206,1.0379630989373143,Hibernating / At-Risk,0
12448,1,365.45,240,21,4.901904761904762,Spain,44,365.45,240.0,0,1.0,0.0,0.0,0,1,1,-0.783058784778056,-0.36352913526737896,0.36631559979518735,Hibernating / At-Risk,0
12449,4,3596.29,1523,117,3.4368449197860964,Belgium,22,899.0725,380.75,164,0.7317073170731707,0.0,0.0,0,0,2,2.1452715101764737,-1.2019621582809565,0.09989776274210851,Loyal Regulars,0
12450,2,197.88,128,7,1.6175,Spain,156,98.94,64.0,17,2.0,0.0,0.0,0,1,1,-1.8528923829221768,1.6536314564252625,1.1325036148629555,Hibernating / At-Risk,0
12451,5,8995.52,6574,264,2.3437110481586405,Switzerland,11,1799.104,1314.8,313,0.4792332268370607,1.0,0.16666666666666666,0,2,2,3.7076581181566053,-2.105245195738911,-0.18263658488754073,Champions (High-Value),1
12452,1,348.57,181,20,2.8835,Switzerland,17,348.57,181.0,0,1.0,1.0,0.5,0,1,1,-0.7027965787945746,-0.04080569924758682,0.016499278405782577,Hibernating / At-Risk,0
12453,1,707.09,473,43,2.393255813953488,Austria,134,707.09,473.0,0,1.0,0.0,0.0,0,0,0,-0.18476780245103439,-1.356172403345743,1.148981729058529,Loyal Regulars,0
12454,1,3528.34,1006,15,7.282,Spain,56,3528.34,1006.0,0,1.0,1.0,0.5,0,0,0,1.5548480772055635,-2.245459469206464,1.5179894864772001,Loyal Regulars,0
12455,5,2339.86,2084,84,1.8658823529411763,Spain,73,467.97200000000004,416.8,223,0.6726457399103138,0.0,0.0,0,0,2,1.574393586661111,-0.9376875528482334,-0.0165836823323154,Loyal Regulars,0
12456,3,2581.04,1618,104,2.7300819672131147,Switzerland,44,860.3466666666667,539.3333333333334,210,0.42857142857142855,1.0,0.25,0,0,2,1.6169466742436258,-1.8749471928224317,-0.21397828111334213,Loyal Regulars,0
12457,6,2043.23,835,52,3.595593220338983,Switzerland,66,340.53833333333336,139.16666666666666,172,1.0465116279069768,5.0,0.45454545454545453,0,0,2,1.1929190248305581,-0.004025378796637487,0.30038210717443753,Loyal Regulars,0
12458,2,787.4,502,34,2.3444444444444446,Switzerland,71,393.7,251.0,213,0.28169014084507044,0.0,0.0,0,0,0,-0.09995552399077941,-1.5080751493713054,-0.8024007426457834,Loyal Regulars,0
12461,1,626.88,282,34,3.2076470588235293,Switzerland,155,626.88,282.0,0,1.0,0.0,0.0,0,0,0,-0.5368143697322869,-1.2347811558950532,1.1143999851975126,Loyal Regulars,0
12462,2,937.59,527,50,3.9125,Spain,19,468.795,263.5,284,0.2112676056338028,2.0,0.5,0,0,0,0.39206564840370167,-1.4549688386338657,-1.3054644503240878,Loyal Regulars,0
12463,4,1200.78,768,64,2.2862025316455696,Belgium,53,300.195,192.0,188,0.6382978723404256,3.0,0.42857142857142855,0,0,0,0.620001865716607,-0.4564097139603045,-0.43287177430725693,Loyal Regulars,0
12464,8,957.05,95,5,10.825000000000001,Belgium,10,119.63125,11.875,299,0.802675585284281,0.0,0.0,0,0,1,0.09221752546179722,1.492900459340676,-1.4200798195266926,Loyal Regulars,0
12465,2,682.1899999999999,475,45,2.216,Belgium,17,341.09499999999997,237.5,152,0.39473684210526316,1.0,0.3333333333333333,0,0,0,0.12632500462370463,-0.7915756835008781,-1.1145824982390924,Loyal Regulars,0
12468,2,657.54,362,35,2.710277777777778,Germany,188,328.77,181.0,128,0.46875,1.0,0.3333333333333333,0,0,0,-0.6009077351989192,-1.261852866578587,-0.18296009053051102,Loyal Regulars,0
12471,27,17388.649999999998,8092,148,2.605525114155251,Germany,2,644.024074074074,299.7037037037037,362,2.2375690607734806,19.0,0.41304347826086957,0,2,2,5.230343584236945,1.645416602869456,0.7087745988851413,Champions (High-Value),1
12472,7,6068.11,4120,218,2.0687048192771083,Germany,32,866.8728571428571,588.5714285714286,336,0.625,6.0,0.46153846153846156,0,2,2,2.959559073320816,-1.317069017242319,-0.06294974045473672,Champions (High-Value),1
12473,3,2585.73,2394,138,1.8105,Germany,54,861.91,798.0,138,0.6521739130434783,4.0,0.5714285714285714,0,0,2,1.7664076956263166,-1.6351568749560335,0.2956564621139735,Loyal Regulars,0
12474,18,6694.09,4798,252,2.265615763546798,Germany,17,371.8938888888889,266.55555555555554,312,1.7307692307692306,12.0,0.4,0,2,2,3.557508306655237,1.1760068613338894,0.5735379771509277,Champions (High-Value),1
12475,1,669.38,532,35,2.5108571428571427,Germany,54,669.38,532.0,0,1.0,0.0,0.0,0,0,0,0.04047845887337944,-1.0670859897277216,0.8114302645476299,Loyal Regulars,0
12476,11,5898.42,2357,176,4.3019196428571425,Germany,16,536.22,214.27272727272728,345,0.9565217391304348,9.0,0.45,0,2,2,2.9973915934531266,-0.040012325019757065,-0.1303318963207353,Champions (High-Value),1
12477,6,13219.74,3653,191,4.3832,Germany,23,2203.29,608.8333333333334,278,0.6474820143884892,3.0,0.3333333333333333,0,2,2,3.665000014318711,-2.057678384391521,0.3974893399642335,Champions (High-Value),1
12478,1,545.99,233,35,3.3817142857142857,Greece,4,545.99,233.0,0,1.0,0.0,0.0,0,0,1,0.14122259311623192,-0.13816898164038333,-0.15341619670416848,Loyal Regulars,0
12479,1,473.2,382,30,2.1576666666666666,Germany,11,473.2,382.0,0,1.0,2.0,0.6666666666666666,0,0,1,-0.022047637340227792,-0.28727512541052325,0.07613911684903729,Loyal Regulars,0
12480,4,2885.63,1685,128,2.738,Germany,28,721.4075,421.25,307,0.39087947882736157,0.0,0.0,0,0,2,1.8529580444020655,-1.565297905886691,-0.5944331697084053,Loyal Regulars,0
12481,10,5003.82,3262,149,2.8625,Germany,23,500.38199999999995,326.2,342,0.8771929824561403,1.0,0.09090909090909091,0,2,2,2.858121034493505,-0.22772103323971493,-0.14665502123898036,Champions (High-Value),1
12483,8,1910.98,1094,45,2.2626470588235295,Sweden,17,238.8725,136.75,322,0.7453416149068324,5.0,0.38461538461538464,0,2,2,1.556075870842051,0.40758727029644476,-0.8780121289668513,Champions (High-Value),1
12484,4,3939.32,2166,255,2.8323893805309734,Spain,35,984.83,541.5,301,0.39867109634551495,2.0,0.3333333333333333,0,0,2,2.18775064095747,-1.931655800657585,-0.31414014992259476,Loyal Regulars,0
12488,3,1244.66,526,45,3.4705555555555554,France,10,414.8866666666667,175.33333333333334,65,1.3846153846153848,0.0,0.0,0,0,0,1.016175752132825,0.47946506842856634,0.357235526398786,Loyal Regulars,0
12489,1,298.93,103,14,5.0442857142857145,France,336,298.93,103.0,0,1.0,0.0,0.0,0,1,1,-1.8162381809366654,-0.6512740760167661,0.917999754713359,Hibernating / At-Risk,0
12490,10,4859.93,3033,130,2.0414893617021277,France,5,485.99300000000005,303.3,324,0.9259259259259258,0.0,0.0,0,2,2,3.1653918601070874,0.24706239977876895,-0.5661676124588334,Champions (High-Value),1
12491,1,424.40000000000003,258,24,2.792,France,39,424.40000000000003,258.0,0,1.0,0.0,0.0,0,0,1,-0.5856163220953565,-0.4800347085308564,0.4155254021019458,Loyal Regulars,0
12492,2,227.21,190,18,1.7194444444444443,Germany,63,113.605,95.0,42,1.4285714285714286,0.0,0.0,0,1,1,-1.4061298607901471,1.2522193067153367,0.2911907947637676,Hibernating / At-Risk,0
12493,2,379.74,204,18,2.94,France,166,189.87,102.0,31,1.9354838709677418,1.0,0.3333333333333333,0,1,1,-1.0894948932117747,0.92709155143451,1.4825035670614553,Hibernating / At-Risk,0
12494,7,1084.1000000000001,698,62,2.6674647887323943,France,16,154.8714285714286,99.71428571428571,349,0.6017191977077364,6.0,0.46153846153846156,0,0,0,0.8255642507216034,0.6327150749305275,-1.3904278859533539,Loyal Regulars,0
12497,1,953.1,1231,13,0.8338461538461538,Germany,82,953.1,1231.0,0,1.0,0.0,0.0,0,0,0,0.5935897682424763,-1.592904370962111,1.1823766797963149,Loyal Regulars,0
12498,3,349.70000000000005,156,20,2.8833333333333333,Germany,21,116.56666666666668,52.0,36,2.5,0.0,0.0,0,1,1,-0.6976808964895107,2.480710531979146,0.9530473190004792,Hibernating / At-Risk,0
12500,11,4059.82,2667,33,3.4971153846153844,Germany,23,369.07454545454544,242.45454545454547,310,1.064516129032258,2.0,0.15384615384615385,0,2,2,2.6269001562667933,0.3326077625802254,-0.06936745847774209,Champions (High-Value),1
12501,1,2025.39,1775,148,2.307364864864865,Germany,337,2025.39,1775.0,0,1.0,1.0,0.5,0,0,0,1.0789243870111633,-2.7313986180468643,2.1170773661914914,Loyal Regulars,0
12502,5,2995.87,794,101,5.66556338028169,Spain,96,599.174,158.8,214,0.7009345794392523,0.0,0.0,0,0,2,1.360539282752051,-1.1228653665306607,0.24585016324650413,Loyal Regulars,0
12504,2,428.04999999999995,87,5,7.887499999999999,Germany,18,214.02499999999998,43.5,12,2.0,2.0,0.5,0,1,1,-0.7478105861966353,1.537737287100754,0.8481580745342275,Hibernating / At-Risk,0
12506,1,73.5,23,23,3.1956521739130435,France,233,73.5,23.0,0,1.0,0.0,0.0,0,1,1,-3.5970816944375468,0.9113601720255795,-0.06523623101811957,Hibernating / At-Risk,0
12507,3,1052.81,885,18,2.4273684210526314,Spain,134,350.93666666666667,295.0,164,0.5487804878048781,1.0,0.25,0,0,0,0.2891898661925353,-1.083906562480005,-0.1405980841808399,Loyal Regulars,0
12508,2,397.88,271,57,1.7400000000000002,France,26,198.94,135.5,2,2.0,0.0,0.0,0,1,0,-0.4613674241735563,1.408914105625628,0.9555664809887614,Hibernating / At-Risk,0
12509,1,158.5,54,6,3.491666666666667,France,284,158.5,54.0,0,1.0,0.0,0.0,0,1,1,-2.612199727004616,0.05536535946011872,0.47214903025984856,Hibernating / At-Risk,0
12510,2,814.5699999999999,347,28,2.7319354838709677,Spain,143,407.28499999999997,173.5,182,0.32967032967032966,0.0,0.0,0,0,0,-0.37964247841630366,-1.6143000073939453,-0.4455262210465589,Loyal Regulars,0
12512,2,132.18,96,31,2.640322580645161,Israel,66,66.09,48.0,0,2.0,0.0,0.0,0,1,1,-2.119210048573447,2.294762691290488,0.5979162429676586,Hibernating / At-Risk,0
12513,1,558.29,459,34,1.7152941176470589,France,113,558.29,459.0,0,1.0,1.0,0.5,0,0,0,-0.3729428184083111,-1.081581382608702,0.9513037553976251,Loyal Regulars,0
12514,1,1017.68,440,51,3.296862745098039,Italy,267,1017.68,440.0,0,1.0,0.0,0.0,0,0,0,-0.05014924453234435,-1.8859541287726622,1.5966354977576624,Loyal Regulars,0
12515,1,278.7,128,15,4.9,Italy,353,278.7,128.0,0,1.0,0.0,0.0,0,1,1,-1.8090647335323584,-0.6175119374345424,0.8994462000513064,Hibernating / At-Risk,0
12516,2,1186.06,868,19,1.4529166666666666,Germany,78,593.03,434.0,102,0.5882352941176471,0.0,0.0,0,0,0,0.5387984049806845,-1.4836824642892714,0.11758576586068197,Loyal Regulars,0
12517,4,2301.6,1351,231,2.1956159420289856,Germany,28,575.4,337.75,161,0.7453416149068324,1.0,0.2,0,0,2,1.6259358962273471,-0.8114215626991996,-0.06274705837278924,Loyal Regulars,0
12518,5,1840.89,1306,83,2.2000840336134453,Germany,1,368.178,261.2,109,1.3761467889908257,0.0,0.0,0,2,2,2.201187738381889,1.1292453125860995,-0.37319213374049276,Champions (High-Value),1
12519,1,276.84,172,16,2.161875,Germany,64,276.84,172.0,0,1.0,0.0,0.0,0,1,1,-1.2655548483750374,-0.17061777231472247,0.3210474340194911,Hibernating / At-Risk,0
12520,5,2346.2599999999998,1423,120,2.7880272108843536,Germany,79,469.25199999999995,284.6,194,0.7731958762886598,1.0,0.16666666666666666,0,0,2,1.4249176586505263,-0.7941789557839205,0.17420096509963373,Loyal Regulars,0
12521,1,545.68,306,37,2.5902702702702705,Germany,143,545.68,306.0,0,1.0,0.0,0.0,0,0,1,-0.6132266367525983,-1.0877823750787434,1.0075435675689284,Loyal Regulars,0
12522,2,156.72,192,10,2.4010000000000002,Germany,39,78.36,96.0,12,2.0,0.0,0.0,0,1,1,-1.5592998163745242,2.2144373995053983,0.5376453423083792,Hibernating / At-Risk,0
12523,11,1699.77,860,83,4.423137254901961,France,19,154.52454545454546,78.18181818181819,312,1.0576923076923077,2.0,0.15384615384615385,0,2,2,1.4185235956597335,1.305347628933232,-0.6816650730839895,Champions (High-Value),1
12524,8,3945.72,3669,112,2.0298529411764705,Germany,9,493.215,458.625,324,0.7407407407407407,0.0,0.0,0,2,2,2.8559706652846444,-0.23591713778625606,-0.6305774866171489,Champions (High-Value),1
12526,3,1172.66,624,63,2.7076470588235293,Germany,1,390.8866666666667,208.0,93,0.9677419354838709,0.0,0.0,0,0,1,1.4051439471172664,0.5518024991374071,-0.8262136970725565,Loyal Regulars,0
12527,3,330.71000000000004,233,17,2.0429411764705883,Germany,82,110.23666666666668,77.66666666666667,243,0.3703703703703704,0.0,0.0,0,1,1,-1.2226583409042686,-0.00906871148313912,-1.3818921470716183,Hibernating / At-Risk,0
12528,6,1645.48,740,49,4.615,Germany,9,274.24666666666667,123.33333333333333,303,0.594059405940594,2.0,0.25,0,0,2,1.35412843389498,0.16650950001786471,-1.2208902504652355,Loyal Regulars,0
12530,4,1500.28,904,50,2.974838709677419,Germany,60,375.07,226.0,277,0.43321299638989175,1.0,0.2,0,0,0,0.8184588133561462,-1.022103533459894,-0.6509860279946862,Loyal Regulars,0
12531,1,125.22,45,17,3.8094117647058825,Germany,15,125.22,45.0,0,1.0,0.0,0.0,0,1,1,-2.1627395797997218,1.0883215437662777,-0.6593977761428197,Hibernating / At-Risk,0
12532,1,313.83000000000004,151,15,2.744666666666667,France,30,313.83000000000004,151.0,0,1.0,0.0,0.0,0,1,1,-1.0104428951448132,-0.07438661606431807,0.1369068590068298,Hibernating / At-Risk,0
12534,1,981.18,645,62,2.794032258064516,Germany,131,981.18,645.0,0,1.0,0.0,0.0,0,0,0,0.24758102251165784,-1.6903495179597412,1.3419111723323662,Loyal Regulars,0
12535,2,716.35,219,28,4.451470588235294,France,92,358.175,109.5,94,0.6382978723404256,0.0,0.0,0,0,0,-0.5029859283759374,-0.8536019982834868,-0.06677426572109375,Loyal Regulars,0
12536,1,4279.71,2801,259,2.891158301158301,France,59,4279.71,2801.0,0,1.0,2.0,0.6666666666666666,0,0,0,2.0292423709798744,-2.3709358918524295,1.5718208178618978,Loyal Regulars,0
12538,1,363.95,191,21,3.6433333333333335,Spain,29,363.95,191.0,0,1.0,0.0,0.0,0,1,1,-0.7724992241310911,-0.22746579297506436,0.21868947759734972,Hibernating / At-Risk,0
12539,4,5568.35,2067,157,4.176520146520147,Spain,22,1392.0875,516.75,311,0.3858520900321543,1.0,0.2,0,0,2,2.603376449521653,-2.1553464316511923,-0.29293638761936136,Loyal Regulars,0
12540,17,11580.24,6620,276,2.956377440347072,Spain,20,681.1905882352941,389.4117647058824,342,1.4912280701754386,2.0,0.10526315789473684,0,2,2,4.117030459823394,0.2960295394249212,0.7315808720170378,Champions (High-Value),1
12541,3,841.18,675,45,2.1228571428571428,Spain,30,280.3933333333333,225.0,251,0.3585657370517928,0.0,0.0,0,0,0,0.3104916285683479,-0.7397461673725186,-1.171620852146236,Loyal Regulars,0
12544,1,316.7,134,18,2.778888888888889,Spain,36,316.7,134.0,0,1.0,1.0,0.5,0,1,1,-1.0940107696413663,-0.12112675039424725,0.1999142306697638,Hibernating / At-Risk,0
12545,2,832.39,517,41,3.0247916666666668,Spain,75,416.195,258.5,184,0.32608695652173914,0.0,0.0,0,0,0,-0.04004873906239497,-1.5008081356422578,-0.6498870488851258,Loyal Regulars,0
12546,2,1021.5,628,58,2.458955223880597,Spain,47,510.75,314.0,31,1.9354838709677418,1.0,0.3333333333333333,0,0,0,0.590431493144191,0.2275670999942049,1.6640515842918915,Loyal Regulars,0
12547,2,151.79999999999998,132,6,1.2666666666666666,Spain,198,75.89999999999999,66.0,82,0.7317073170731707,0.0,0.0,0,1,1,-2.3164096188889474,0.5813613917669725,-0.5621809420027793,Hibernating / At-Risk,0
12548,1,67.19999999999999,48,4,1.4,Spain,166,67.19999999999999,48.0,0,1.0,0.0,0.0,0,1,1,-3.3119414574566868,1.0244724258469147,-0.2144165638114878,Hibernating / At-Risk,0
12550,1,824.83,564,56,2.6455357142857143,Spain,79,824.83,564.0,0,1.0,0.0,0.0,0,0,0,0.16165401783672323,-1.3747379988669945,1.0643729241415227,Loyal Regulars,0
12551,1,168.0,100,10,1.6800000000000002,Spain,358,168.0,100.0,0,1.0,0.0,0.0,0,1,1,-2.3781708969454067,-0.118156277665413,0.6013812542236024,Hibernating / At-Risk,0
12552,1,317.82,85,19,7.49,Italy,40,317.82,85.0,0,1.0,0.0,0.0,0,1,1,-1.2945589828799047,-0.1122052381445498,0.22544557785974306,Hibernating / At-Risk,0
12553,10,3278.28,1942,94,2.4677472527472526,France,8,327.82800000000003,194.2,321,0.9345794392523366,4.0,0.2857142857142857,0,2,2,2.5213574516211086,0.560866687186507,-0.6564672406381029,Champions (High-Value),1
12556,2,599.56,355,100,2.6860504201680673,Spain,50,299.78,177.5,100,0.6,0.0,0.0,0,0,0,-0.33227195932836023,-0.6159070812248281,-0.4348021553270571,Loyal Regulars,0
12557,5,11990.960000000001,4384,15,2.1766666666666667,Spain,16,2398.192,876.8,355,0.4225352112676056,0.0,0.0,0,2,2,3.630839931872128,-2.383306543918834,-0.11149395541896226,Champions (High-Value),1
12558,1,269.96,196,11,1.25,USA,8,269.96,196.0,0,1.0,1.0,0.5,0,1,1,-0.7312733799429202,0.38632216607420644,-0.3694054293334616,Hibernating / At-Risk,0
12559,2,525.71,281,20,2.8265000000000002,Germany,311,262.855,140.5,8,2.0,1.0,0.3333333333333333,0,1,1,-0.8154613378967894,0.4665159923392272,1.9602997222902412,Hibernating / At-Risk,0
12560,2,1918.01,1098,90,2.5622330097087382,Germany,5,959.005,549.0,137,0.43795620437956206,1.0,0.3333333333333333,0,0,2,1.70794050945979,-1.4801507919290642,-0.7726632416564849,Loyal Regulars,0
12561,1,238.85,177,16,2.964375,Germany,303,238.85,177.0,0,1.0,0.0,0.0,0,1,1,-1.786435226161815,-0.45772047544873007,0.7651209530242508,Hibernating / At-Risk,0
12562,7,3385.7400000000002,1757,98,2.544223602484472,France,8,483.6771428571429,251.0,190,1.105263157894737,0.0,0.0,0,2,2,2.494300384522199,0.2652070671886157,-0.10976557137460509,Champions (High-Value),1
12564,1,402.9,130,20,4.955,France,261,402.9,130.0,0,1.0,0.0,0.0,0,1,1,-1.3837276163643473,-0.8869476715118173,1.0127120556841742,Hibernating / At-Risk,0
12565,1,145.92,80,9,2.351111111111111,Saudi Arabia,289,145.92,80.0,0,1.0,1.0,0.5,0,1,1,-2.5407557262658784,0.0942206825969708,0.43990538459217776,Hibernating / At-Risk,0
12566,1,297.65,262,18,3.1205555555555557,Germany,86,297.65,262.0,0,1.0,1.0,0.5,0,1,1,-1.1080674009947657,-0.35759064879099717,0.47463847095721623,Hibernating / At-Risk,0
12567,10,8609.28,4261,322,3.141963470319635,France,23,860.9280000000001,426.1,346,0.8670520231213873,1.0,0.09090909090909091,0,2,2,3.4664788349577766,-0.7816786175423963,0.16320747890257883,Champions (High-Value),1
12569,32,3152.69,1747,91,2.9535031847133757,Germany,2,98.5215625,54.59375,250,3.84,3.0,0.08571428571428572,0,2,2,3.150038909090067,4.508114394538924,0.7174579806994072,Champions (High-Value),1
12571,2,519.61,523,31,1.3205882352941176,France,40,259.805,261.5,81,0.7407407407407407,0.0,0.0,0,0,0,-0.23098953381499335,-0.26182572984401414,-0.3346347868370816,Loyal Regulars,0
12572,2,912.42,446,52,3.752931034482759,Germany,9,456.21,223.0,43,1.3953488372093024,1.0,0.3333333333333333,0,0,0,0.689840900954378,0.3337796502780148,0.449572454727475,Loyal Regulars,0
12573,1,160.54000000000002,84,26,2.0964285714285715,France,227,160.54000000000002,84.0,0,1.0,0.0,0.0,0,1,1,-2.371819114594649,0.06554115067719929,0.41437437134176963,Hibernating / At-Risk,0
12574,1,182.45000000000002,59,10,3.9200000000000004,France,316,182.45000000000002,59.0,0,1.0,0.0,0.0,0,1,1,-2.4749235814593296,-0.11539648783149628,0.5933004811923183,Hibernating / At-Risk,0
12576,5,1315.83,967,72,2.4045454545454543,Poland,36,263.166,193.4,268,0.5597014925373134,1.0,0.16666666666666666,0,0,0,0.8931493412559908,-0.2890054945922785,-0.8190003171769782,Loyal Regulars,0
12577,3,622.65,468,136,1.7208275862068967,France,35,207.54999999999998,156.0,323,0.2786377708978328,1.0,0.25,0,0,0,-0.16985668998622075,-0.600285311690515,-1.4852017844782655,Loyal Regulars,0
12578,2,2402.51,1182,110,2.713392857142857,Italy,21,1201.255,591.0,308,0.1948051948051948,2.0,0.5,0,0,2,1.556735164389267,-2.479752804407916,-0.7353723743944077,Loyal Regulars,0
12579,1,386.42,282,28,2.815,France,78,386.42,282.0,0,1.0,2.0,0.6666666666666666,0,1,1,-0.8121577176926887,-0.5861685161738709,0.5965654522518972,Hibernating / At-Risk,0
12580,1,379.7,236,23,1.9382608695652173,Germany,247,379.7,236.0,0,1.0,0.0,0.0,0,1,1,-1.19134020622768,-0.8686481929644497,0.9745508862970952,Hibernating / At-Risk,0
12581,1,179.71,160,14,1.8135714285714286,Germany,40,179.71,160.0,0,1.0,0.0,0.0,0,1,1,-1.576387368216649,0.37364365361967533,-0.09223935610406869,Hibernating / At-Risk,0
12582,2,351.36,296,20,1.7550000000000001,Finland,239,175.68,148.0,49,1.2244897959183674,0.0,0.0,0,1,1,-1.1943294993286202,0.23439259119232572,0.7523267167557212,Hibernating / At-Risk,0
12583,15,6705.38,5028,114,2.1404741379310344,France,3,447.0253333333333,335.2,370,1.2162162162162162,3.0,0.16666666666666666,0,2,2,3.8695345084779085,0.8644838261596108,-0.41133257985143606,Champions (High-Value),1
12584,9,2254.15,413,43,7.268421052631579,Italy,4,250.4611111111111,45.888888888888886,276,0.9782608695652175,9.0,0.5,0,2,2,1.7081975867529058,1.1309687785043117,-0.9693578209446396,Champions (High-Value),1
12585,2,1824.1,1267,76,3.1218823529411766,Germany,234,912.05,633.5,117,0.5128205128205129,2.0,0.5,0,0,0,0.7936749778411729,-2.3396625003476417,0.6112240694186983,Loyal Regulars,0
12586,1,196.94000000000003,79,11,4.190909090909091,Italy,17,196.94000000000003,79.0,0,1.0,1.0,0.5,0,1,1,-1.5560437008269328,0.5763500882540296,-0.33969110342493275,Hibernating / At-Risk,0
12587,1,104.0,50,3,2.08,Finland,8,104.0,50.0,0,1.0,0.0,0.0,0,1,1,-2.1461370551634458,1.4133491233024205,-0.9626350673658033,Hibernating / At-Risk,0
12588,1,174.89999999999998,52,9,6.199999999999999,Finland,39,174.89999999999998,52.0,0,1.0,0.0,0.0,0,1,1,-2.0326263119904615,0.5061612398997098,-0.14566755648221175,Hibernating / At-Risk,0
12589,2,574.68,302,28,3.6848484848484846,France,29,287.34,151.0,115,0.5217391304347826,0.0,0.0,0,0,0,-0.31469569891483323,-0.5293826584895412,-0.7942203178039575,Loyal Regulars,0
12590,1,9341.26,4282,67,2.8988059701492537,Germany,211,9341.26,4282.0,0,1.0,1.0,0.5,0,0,0,2.215197850147692,-2.834838731221372,2.0546287249997035,Loyal Regulars,0
12591,1,368.85,225,25,2.812,Italy,317,368.85,225.0,0,1.0,0.0,0.0,0,1,1,-1.3006660081764967,-0.905248212897512,1.0416869302879392,Hibernating / At-Risk,0
12592,2,401.6,288,10,1.4749999999999999,Germany,92,200.8,144.0,121,0.49586776859504134,0.0,0.0,0,1,1,-0.9611110295443562,-0.5350403424034534,-0.6675272067031399,Hibernating / At-Risk,0
12593,3,382.09999999999997,204,13,1.8849999999999998,France,109,127.36666666666666,68.0,110,0.8181818181818182,0.0,0.0,0,1,1,-1.1256299449467149,0.4339728635814181,-0.3693510702482069,Hibernating / At-Risk,0
12594,9,3208.2200000000003,1772,49,2.2344736842105264,Italy,38,356.4688888888889,196.88888888888889,285,0.9473684210526315,1.0,0.1,0,2,2,2.0778170352260266,0.062232050657926336,-0.06519550166623497,Champions (High-Value),1
12596,2,450.27,468,24,2.5180000000000002,Spain,51,225.135,234.0,190,0.31578947368421056,0.0,0.0,0,0,1,-0.5551309292977478,-0.8200865596572613,-1.166288582819249,Loyal Regulars,0
12597,4,3195.22,2214,183,3.4656930693069308,Spain,19,798.805,553.5,248,0.48387096774193544,1.0,0.2,0,0,2,2.1704370948776797,-1.43693769433233,-0.4639122378659245,Loyal Regulars,0
12598,7,2807.08,1952,83,2.2458267716535434,France,10,401.01142857142855,278.85714285714283,275,0.7636363636363637,1.0,0.125,0,2,2,2.2551911761363272,-0.025173257664341076,-0.6709948428247794,Champions (High-Value),1
12599,7,888.58,948,31,1.0867272727272728,France,29,126.94000000000001,135.42857142857142,275,0.7636363636363637,0.0,0.0,0,0,1,0.6458289840982814,0.8573495858608501,-1.0192433719893577,Loyal Regulars,0
12600,10,2311.04,758,31,3.154074074074074,Germany,29,231.10399999999998,75.8,342,0.8771929824561403,1.0,0.09090909090909091,0,2,2,1.5086464543456686,0.5778215455156409,-0.561498039621298,Champions (High-Value),1
12601,5,487.06,240,20,4.013478260869565,Germany,190,97.412,48.0,142,1.056338028169014,1.0,0.16666666666666666,0,1,1,-0.9109251135728659,0.9586873510448494,-0.0566644133373103,Hibernating / At-Risk,0
12602,1,153.12,162,12,1.9708333333333332,France,59,153.12,162.0,0,1.0,0.0,0.0,0,1,1,-1.817287413595676,0.4196555125073613,-0.054793676031863,Hibernating / At-Risk,0
12603,1,613.1999999999999,56,1,10.95,Germany,22,613.1999999999999,56.0,0,1.0,0.0,0.0,0,1,1,-0.6977881064465536,-0.5422245162828306,0.4019850831229379,Hibernating / At-Risk,0
12604,2,236.18,200,14,1.564,France,79,118.09,100.0,182,0.32967032967032966,0.0,0.0,0,1,1,-1.593851312096926,-0.22590820521761093,-1.386961020603656,Hibernating / At-Risk,0
12607,1,1579.51,1228,101,2.1577227722772276,USA,60,1579.51,1228.0,0,1.0,1.0,0.5,0,0,0,1.1415525540613132,-1.9899281712050703,1.373554290687537,Loyal Regulars,0
12609,3,964.85,639,56,2.755614035087719,Germany,78,321.6166666666667,213.0,240,0.375,0.0,0.0,0,0,0,0.1804786598666052,-1.0956799303560956,-0.7357790708963416,Loyal Regulars,0
12610,4,1747.54,1039,84,3.7707843137254904,Italy,23,436.885,259.75,103,1.1650485436893205,2.0,0.3333333333333333,0,0,0,1.3817004949314347,0.0188935204602283,0.33995392445276545,Loyal Regulars,0
12611,1,1193.32,846,65,2.675076923076923,Italy,52,1193.32,846.0,0,1.0,0.0,0.0,0,0,0,0.7701018912091854,-1.6501173600406451,1.1506580105081192,Loyal Regulars,0
12612,1,668.0400000000001,260,18,3.6855555555555557,Germany,74,668.0400000000001,260.0,0,1.0,1.0,0.5,0,0,0,-0.3219364792519619,-1.0863910999928883,0.8981004952631229,Loyal Regulars,0
12613,4,3092.38,1630,123,2.466510067114094,Germany,57,773.095,407.5,204,0.5882352941176471,1.0,0.2,0,0,2,1.7677979870261857,-1.516314689795891,0.07525255537801527,Loyal Regulars,0
12614,1,315.6,76,20,5.61,Germany,278,315.6,76.0,0,1.0,0.0,0.0,0,1,1,-1.8358238961035314,-0.6238670766016231,0.8770936494035401,Hibernating / At-Risk,0
12615,4,2093.19,1365,81,2.499108910891089,France,2,523.2975,341.25,166,0.7228915662650602,0.0,0.0,0,2,2,2.1188626491769704,-0.12641810223854408,-0.93569069639733,Champions (High-Value),1
12616,2,641.3,280,24,2.875,France,95,320.65,140.0,202,0.297029702970297,3.0,0.6,0,0,0,-0.5899085958666871,-1.3122825449498543,-0.8041440581809016,Loyal Regulars,0
12617,1,352.98,210,39,1.928780487804878,France,29,352.98,210.0,0,1.0,0.0,0.0,0,1,1,-0.7637704590599719,-0.20680373398854662,0.20319847451078882,Hibernating / At-Risk,0
12618,1,137.31,95,10,3.3020000000000005,Italy,22,137.31,95.0,0,1.0,0.0,0.0,0,1,1,-1.8808769102330005,0.8348016235781961,-0.4616736696771257,Hibernating / At-Risk,0
12619,8,2945.56,3360,48,1.4562195121951218,Germany,16,368.195,420.0,237,1.0126582278481011,4.0,0.3333333333333333,0,2,2,2.45848826481363,0.2358399000790272,-0.19367999233950978,Champions (High-Value),1
12620,3,1303.41,1179,88,1.9736263736263735,France,15,434.47,393.0,189,0.4761904761904762,0.0,0.0,0,0,2,1.1319619185865868,-0.8352192157980378,-0.8820157988040274,Loyal Regulars,0
12621,20,12411.67,7369,260,2.2866369710467707,Germany,2,620.5835,368.45,364,1.6483516483516485,3.0,0.13043478260869565,0,2,2,4.767269054250716,1.113509766165443,0.1568534133840077,Champions (High-Value),1
12622,1,162.1,68,10,4.513,Germany,232,162.1,68.0,0,1.0,0.0,0.0,0,1,1,-2.4505295789972408,0.06914495002750633,0.422024365251578,Hibernating / At-Risk,0
12623,1,269.1,189,17,1.724705882352941,Germany,276,269.1,189.0,0,1.0,0.0,0.0,0,1,1,-1.6263120831229545,-0.551414254616889,0.8047787698355934,Hibernating / At-Risk,0
12624,2,569.13,351,35,3.087222222222222,France,106,284.565,175.5,71,0.8450704225352113,0.0,0.0,0,0,0,-0.5308043442427933,-0.4440379928581137,0.20968869044177854,Loyal Regulars,0
12625,2,2413.82,1597,72,1.7945238095238096,Germany,212,1206.91,798.5,107,0.5607476635514018,1.0,0.3333333333333333,0,0,0,1.180249734926841,-2.5294882146568773,0.840305327718872,Loyal Regulars,0
12626,9,5954.48,3416,231,2.341719298245614,Germany,23,661.6088888888888,379.55555555555554,303,0.8910891089108911,4.0,0.3076923076923077,0,2,2,3.0266194227648016,-0.5195505875621965,0.061836864633571555,Champions (High-Value),1
12627,6,4082.53,2730,161,2.534464285714286,Germany,11,680.4216666666667,455.0,129,1.3953488372093024,0.0,0.0,0,2,2,2.7920172922533895,0.06278717889072656,0.6119443484952486,Champions (High-Value),1
12628,3,732.46,445,33,2.453684210526316,Germany,4,244.15333333333334,148.33333333333334,60,1.5,1.0,0.25,0,0,2,0.6743995637201551,1.3244971462200947,-0.08948653119164539,Loyal Regulars,0
12630,2,1030.88,542,59,3.3408064516129032,Finland,10,515.44,271.0,34,1.7647058823529411,0.0,0.0,0,0,0,0.8999081705221257,0.501095021828365,0.9825476543544625,Loyal Regulars,0
12631,1,480.5,232,30,3.355,Finland,57,480.5,232.0,0,1.0,0.0,0.0,0,0,1,-0.607088794628875,-0.6911955302418977,0.613275490091261,Loyal Regulars,0
12633,4,1929.98,1149,72,2.6015463917525774,Germany,59,482.495,287.25,229,0.5240174672489083,1.0,0.2,0,0,2,1.1702171758840787,-1.1388706172781877,-0.32111358248772304,Loyal Regulars,0
12635,2,1509.18,1162,95,2.2093939393939395,Germany,90,754.59,581.0,65,0.9230769230769231,0.0,0.0,0,0,0,0.9006302178201894,-1.3418460137753891,0.8802498257414184,Loyal Regulars,0
12637,8,5804.9,2983,204,2.5428496042216358,France,67,725.6125,372.875,256,0.9375,2.0,0.2,0,2,2,2.6757719859462163,-0.8690566923527593,0.5654665715666561,Champions (High-Value),1
12638,1,511.69,573,38,1.5747368421052632,Sweden,33,511.69,573.0,0,1.0,0.0,0.0,0,0,0,-0.056870811055030994,-0.6851135323881249,0.4903586429319697,Loyal Regulars,0
12639,1,366.1,198,21,3.2476190476190476,Sweden,239,366.1,198.0,0,1.0,0.0,0.0,0,1,1,-1.2856173583492367,-0.8091504967166804,0.9373093754626144,Hibernating / At-Risk,0
12640,3,994.58,301,46,4.98,France,24,331.5266666666667,100.33333333333333,57,1.5789473684210527,0.0,0.0,0,0,1,0.40242972479524025,0.6959554639975222,0.7243334989196354,Loyal Regulars,0
12641,1,145.9,71,9,3.2944444444444443,Sweden,115,145.9,71.0,0,1.0,0.0,0.0,0,1,1,-2.3525289880519313,0.35736924094936084,0.1220249319003595,Hibernating / At-Risk,0
12642,3,905.26,546,38,2.608181818181818,Germany,25,301.75333333333333,182.0,82,1.0975609756097562,0.0,0.0,0,0,1,0.47485081056155015,0.2495894814761902,0.08805659581191673,Loyal Regulars,0
12643,6,3041.64,1788,10,1.9172222222222222,France,128,506.94,298.0,204,0.8823529411764706,0.0,0.0,0,0,0,1.668698222311277,-0.8230209631032676,0.5320028976439738,Loyal Regulars,0
12644,1,477.91,325,31,2.8045161290322578,Germany,130,477.91,325.0,0,1.0,0.0,0.0,0,1,1,-0.68859887203777,-0.9407074890345329,0.8987329739080548,Hibernating / At-Risk,0
12645,4,1631.18,1076,57,1.7189855072463769,Germany,34,407.795,269.0,282,0.425531914893617,1.0,0.2,0,0,2,1.1053781954049584,-0.9766965363195561,-0.8039995533026337,Loyal Regulars,0
12646,2,1346.97,897,43,2.387111111111111,USA,5,673.485,448.5,44,1.3636363636363638,0.0,0.0,0,0,0,1.4534486312124582,0.00992795435457258,0.48183339184420065,Loyal Regulars,0
12647,12,3146.82,1399,77,4.12256880733945,Germany,22,262.235,116.58333333333333,346,1.0404624277456647,1.0,0.07692307692307693,0,2,2,2.155844100280359,0.7332569843765503,-0.3540318933797883,Champions (High-Value),1
12648,1,300.05,159,20,2.431,Germany,155,300.05,159.0,0,1.0,0.0,0.0,0,1,1,-1.4458619081381539,-0.48139898589523844,0.666914186244695,Hibernating / At-Risk,0
12649,3,569.51,583,27,1.6417241379310346,Germany,107,189.83666666666667,194.33333333333334,105,0.8571428571428571,1.0,0.25,0,0,1,-0.33219571290962197,0.014364602003678836,-0.05222877907757869,Loyal Regulars,0
12650,1,242.44000000000003,250,19,1.0889473684210527,France,3,242.44000000000003,250.0,0,1.0,0.0,0.0,0,1,1,-0.5279033288122441,0.6902238080458658,-0.7046226585862653,Hibernating / At-Risk,0
12651,1,114.0,78,9,2.244444444444445,France,335,114.0,78.0,0,1.0,0.0,0.0,0,1,1,-2.8164284932441603,0.289873062453414,0.345672215470028,Hibernating / At-Risk,0
12652,1,793.98,498,47,2.5759574468085105,France,331,793.98,498.0,0,1.0,1.0,0.5,0,0,0,-0.28725994082496503,-1.7192444643219504,1.5275141657698654,Loyal Regulars,0
12653,2,2209.85,919,37,2.5909302325581396,Israel,149,1104.925,459.5,147,0.4081632653061224,0.0,0.0,0,0,0,0.9386945122179748,-2.53386770159079,0.3497208617472316,Loyal Regulars,0
12654,5,529.98,260,30,2.8229411764705885,Germany,11,105.99600000000001,52.0,284,0.528169014084507,0.0,0.0,0,0,1,-0.18435582605093562,0.9561347206843794,-1.8324212994038516,Loyal Regulars,0
12656,5,3619.17,1699,88,3.889504132231405,France,17,723.8340000000001,339.8,216,0.6944444444444444,3.0,0.375,0,0,2,2.2659034938830427,-0.9162299959177854,-0.2130047204606693,Loyal Regulars,0
12657,4,1427.18,1032,34,4.16159090909091,France,11,356.795,258.0,67,1.791044776119403,1.0,0.2,0,2,0,1.446947715989965,0.9833128034462013,0.7327657975509535,Champions (High-Value),1
12658,1,632.05,317,35,3.717714285714286,Germany,19,632.05,317.0,0,1.0,0.0,0.0,0,0,0,0.04292962779315965,-0.6872238642530127,0.4167460307773835,Loyal Regulars,0
12659,1,73.68,104,4,2.135,France,30,73.68,104.0,0,1.0,0.0,0.0,0,1,1,-2.4959738414100956,1.333138423429233,-0.7194682266010901,Hibernating / At-Risk,0
12660,1,227.1,126,12,2.6875,France,11,227.1,126.0,0,1.0,0.0,0.0,0,1,1,-1.138156115586474,0.5110209333960007,-0.38340792123778805,Hibernating / At-Risk,0
12662,11,3543.78,2041,128,2.5340454545454545,Germany,1,322.1618181818182,185.54545454545453,372,0.8870967741935484,1.0,0.08333333333333333,0,2,2,3.0039749856949225,0.9655504461095962,-1.2749744037605397,Champions (High-Value),1
12664,9,4391.88,1188,9,3.362142857142857,Finland,8,487.9866666666667,132.0,314,0.8598726114649682,1.0,0.1,0,2,2,2.57394993519555,0.09786767754313955,-0.530647902263189,Champions (High-Value),1
12665,1,45.0,36,2,1.25,Germany,325,45.0,36.0,0,1.0,1.0,0.5,0,1,1,-3.8968398860956954,1.2270634410748038,-0.2166463450380555,Hibernating / At-Risk,0
12667,1,460.13,391,32,2.4875,Finland,58,460.13,391.0,0,1.0,0.0,0.0,0,0,1,-0.44691179531547204,-0.7014141297576689,0.60732104202121,Loyal Regulars,0
12668,4,3177.15,1599,114,3.0880254777070064,Germany,12,794.2875,399.75,343,0.3498542274052478,2.0,0.3333333333333333,0,0,2,2.118160980591462,-1.4997256278776085,-0.9032285563189981,Loyal Regulars,0
12669,2,1427.73,1104,96,2.1997959183673466,France,151,713.865,552.0,105,0.5714285714285714,1.0,0.3333333333333333,0,0,0,0.6349445011560766,-1.8867390124536396,0.4262058108535146,Loyal Regulars,0
12670,5,2744.05,1383,57,2.3873563218390803,France,10,548.8100000000001,276.6,222,0.6756756756756757,1.0,0.16666666666666666,0,0,2,2.050125854979161,-0.523491592682626,-0.5830782724046115,Loyal Regulars,0
12672,1,225.89999999999998,78,10,3.79,France,330,225.89999999999998,78.0,0,1.0,0.0,0.0,0,1,1,-2.1797348071408336,-0.35507608289371867,0.7404304931219517,Hibernating / At-Risk,0
12673,2,574.52,349,41,2.560731707317073,Germany,5,287.26,174.5,321,0.1869158878504673,0.0,0.0,0,0,0,0.07961404219344675,-0.6481353332539108,-2.05394954158429,Loyal Regulars,0
12674,4,1844.6,1126,51,2.4827848101265824,France,39,461.15,281.5,169,0.7100591715976331,3.0,0.42857142857142855,0,0,2,1.2597067452918027,-0.7192383122793095,-0.14737483632813167,Loyal Regulars,0
12676,6,1091.39,664,32,1.9556410256410255,Sweden,25,181.89833333333334,110.66666666666667,286,0.6293706293706294,0.0,0.0,0,0,0,0.6922286934117344,0.35358935425102417,-1.0714372719010994,Loyal Regulars,0
12678,9,16331.46,10900,103,1.8623076923076922,France,42,1814.6066666666666,1211.111111111111,310,0.8709677419354839,1.0,0.1,0,2,2,4.269266943261661,-1.7717145133654428,0.854075878477125,Champions (High-Value),1
12679,4,951.02,545,42,2.731818181818182,France,59,237.755,136.25,225,0.5333333333333333,5.0,0.5555555555555556,0,0,0,0.22105128602717805,-0.3838536764409446,-0.7379092972335823,Loyal Regulars,0
12680,4,790.81,439,32,2.7585714285714285,France,1,197.7025,109.75,112,1.0714285714285714,0.0,0.0,0,0,2,0.9291838161787718,1.434787299383093,-1.131649608299137,Loyal Regulars,0
12681,22,12365.54,7457,266,2.6226623376623377,France,15,562.07,338.95454545454544,353,1.8696883852691217,5.0,0.18518518518518517,0,2,2,4.380221773291557,0.9659633011679299,0.890259879583631,Champions (High-Value),1
12682,31,11019.82,5485,208,2.922040404040404,France,4,355.478064516129,176.93548387096774,367,2.5340599455040875,0.0,0.0,0,2,2,4.551382572186428,2.3444632392794587,0.7621597208105779,Champions (High-Value),1
12683,14,7612.57,4934,176,2.173383685800604,France,4,543.755,352.42857142857144,361,1.1634349030470914,5.0,0.2631578947368421,0,2,2,3.9050301095312347,0.5368380532358384,-0.27669097881258337,Champions (High-Value),1
12684,6,2073.63,1973,59,1.4620408163265306,France,8,345.605,328.8333333333333,205,0.8780487804878049,0.0,0.0,0,2,2,2.0325644817939876,0.2615038554504304,-0.6116376602057148,Champions (High-Value),1
12685,6,2575.08,1507,116,2.4778145695364238,France,28,429.18,251.16666666666666,65,2.7692307692307696,0.0,0.0,0,2,0,2.0438390834139675,1.347636666739637,1.967425735745192,Champions (High-Value),1
12686,1,71.14,106,6,0.8016666666666666,France,372,71.14,106.0,0,1.0,0.0,0.0,0,1,1,-3.1559423270500426,0.6814245266237353,0.11230237790657817,Hibernating / At-Risk,0
12688,1,4873.8099999999995,3028,171,4.124736842105263,Israel,114,4873.8099999999995,3028.0,0,1.0,0.0,0.0,0,0,0,1.9502446785783278,-2.570159853324558,1.8036716981178742,Loyal Regulars,0
12689,2,1139.61,622,56,2.419142857142857,France,26,569.805,311.0,101,0.594059405940594,0.0,0.0,0,0,0,0.6467801609840658,-1.111530238648499,-0.27253757155616204,Loyal Regulars,0
12690,1,335.01,103,15,4.695333333333334,France,206,335.01,103.0,0,1.0,0.0,0.0,0,1,1,-1.5856092933339372,-0.6255070472679731,0.8174495326606958,Hibernating / At-Risk,0
12691,5,927.8,388,20,2.6351851851851853,France,28,185.56,77.6,329,0.45592705167173253,0.0,0.0,0,0,0,0.2508643445259001,0.03524878565311489,-1.3345847934494295,Loyal Regulars,0
12693,4,711.91,247,34,4.0048571428571424,Germany,127,177.9775,61.75,192,0.625,2.0,0.3333333333333333,0,0,1,-0.5345968152783032,-0.11366790369701456,-0.4964945966151182,Loyal Regulars,0
12694,2,761.67,503,31,3.096,France,70,380.835,251.5,112,0.5357142857142857,0.0,0.0,0,0,0,-0.07049490011723575,-1.0598932304778859,-0.2927283800333087,Loyal Regulars,0
12695,4,582.1,220,23,4.785555555555556,France,7,145.525,55.0,203,0.5911330049261084,0.0,0.0,0,0,1,-0.0629657178633138,0.8035945582189158,-1.6317805160189474,Loyal Regulars,0
12697,3,757.59,503,36,2.266578947368421,Sweden,29,252.53,167.66666666666666,140,0.6428571428571428,2.0,0.4,0,0,0,0.1648976979203536,-0.17084393128863143,-0.6908707701436054,Loyal Regulars,0
12700,4,4525.99,2944,192,2.3868560606060605,France,8,1131.4975,736.0,207,0.5797101449275363,2.0,0.3333333333333333,0,2,2,2.830530590358899,-1.4319125079410495,-0.3412215394137247,Champions (High-Value),1
12701,2,725.71,674,49,2.5060784313725493,Germany,80,362.855,337.0,162,0.37037037037037035,0.0,0.0,0,0,0,-0.06944565582597725,-1.3364956650876392,-0.6045879198482468,Loyal Regulars,0
12702,1,201.0,52,11,4.3,Germany,20,201.0,52.0,0,1.0,0.0,0.0,0,1,1,-1.7387230294811797,0.5515282637843753,-0.28556961730844843,Hibernating / At-Risk,0
12703,1,265.55,163,20,1.8699999999999999,Germany,71,265.55,163.0,0,1.0,1.0,0.5,0,1,1,-1.3514200943293049,-0.15436633775389622,0.3303676955029972,Hibernating / At-Risk,0
12704,8,1740.84,991,63,3.5271604938271603,Finland,7,217.605,123.875,162,1.4814814814814814,2.0,0.2,0,2,2,1.747240605145197,1.5320798279998447,-0.1746464275603451,Champions (High-Value),1
12705,8,6382.29,3970,227,2.5840853658536584,Germany,15,797.78625,496.25,341,0.7038123167155425,5.0,0.38461538461538464,0,2,2,3.2073751314605956,-0.8800889629559311,-0.2478308361110849,Champions (High-Value),1
12707,1,603.42,256,33,3.236666666666667,France,292,603.42,256.0,0,1.0,0.0,0.0,0,1,1,-0.7716837336192299,-1.3633837305740024,1.3059649087131167,Hibernating / At-Risk,0
12708,10,2442.91,1292,85,3.385578231292517,Germany,30,244.291,129.2,338,0.8875739644970414,6.0,0.375,0,2,2,1.7632356216485714,0.48065995707869047,-0.48748426872646294,Champions (High-Value),1
12709,15,9400.52,3895,92,2.971089108910891,Germany,15,626.7013333333333,259.6666666666667,351,1.2820512820512822,11.0,0.4230769230769231,0,2,2,3.7372644750805857,0.2502423552564538,0.3430484062564196,Champions (High-Value),1
12710,3,1023.02,844,74,2.098918918918919,Germany,97,341.00666666666666,281.3333333333333,104,0.8653846153846153,1.0,0.25,0,0,0,0.38348977188533806,-0.5393746177422112,0.2805336562717701,Loyal Regulars,0
12712,13,3928.13,1036,57,5.121083333333333,Germany,29,302.1638461538462,79.6923076923077,342,1.1403508771929824,4.0,0.23529411764705882,0,2,2,2.202213384752968,0.6911199475272007,-0.06310754707773773,Champions (High-Value),1
12713,1,794.55,505,37,2.0845945945945945,Germany,1,794.55,505.0,0,1.0,0.0,0.0,0,0,1,1.028419361250099,-0.3129104702228226,-0.2275154327347291,Loyal Regulars,0
12714,5,4294.86,3046,215,2.0846456692913384,France,9,858.972,609.2,285,0.5263157894736842,0.0,0.0,0,2,2,2.7731397589930715,-1.2086947892606028,-0.6075829559326942,Champions (High-Value),1
12715,1,263.36,190,19,1.5442105263157895,Sweden,106,263.36,190.0,0,1.0,0.0,0.0,0,1,1,-1.400584943885161,-0.26933257916982944,0.4655705728330211,Hibernating / At-Risk,0
12716,2,963.49,703,59,2.2080597014925374,France,4,481.745,351.5,129,0.46511627906976744,0.0,0.0,0,0,0,0.9446838034119737,-0.6904864714425916,-1.196250522371798,Loyal Regulars,0
12717,2,830.98,502,48,2.959433962264151,Greece,151,415.49,251.0,94,0.6382978723404256,1.0,0.3333333333333333,0,0,0,-0.16530638130609857,-1.2047576006068115,0.21073636505296053,Loyal Regulars,0
12718,1,202.25,201,18,1.8733333333333333,France,71,202.25,201.0,0,1.0,0.0,0.0,0,1,1,-1.5218571124748872,0.08584495967298829,0.17627256981688033,Hibernating / At-Risk,0
12719,2,572.95,370,33,2.868918918918919,France,5,286.475,185.0,59,1.0169491525423728,1.0,0.3333333333333333,0,0,1,0.2617154800169307,0.5419221781634619,-0.5115658560452176,Loyal Regulars,0
12720,25,5115.7300000000005,4635,210,2.164795321637427,Germany,3,204.62920000000003,185.4,366,2.0491803278688527,4.0,0.13793103448275862,0,2,2,3.76799162664434,2.541450012249927,-0.04002411368191929,Champions (High-Value),1
12721,6,2386.13,1944,132,2.4918064516129035,France,32,397.68833333333333,324.0,323,0.5572755417956656,1.0,0.14285714285714285,0,0,2,1.7664306062844948,-0.6564873758572866,-0.6364224475617352,Loyal Regulars,0
12722,4,979.63,565,49,3.3436538461538463,France,85,244.9075,141.25,65,1.8461538461538463,2.0,0.3333333333333333,0,0,0,0.36199303651902875,0.8977963224590154,1.2304809992356978,Loyal Regulars,0
12723,5,707.07,433,52,2.9847058823529413,France,4,141.41400000000002,86.6,61,2.459016393442623,0.0,0.0,0,2,0,0.7601080699041025,2.7435091151262174,0.46079082008992817,Champions (High-Value),1
12724,4,923.41,439,46,2.5555102040816324,France,5,230.8525,109.75,327,0.36697247706422015,0.0,0.0,0,0,0,0.6630101850757081,0.03569290351625588,-1.8908187897453197,Loyal Regulars,0
12725,1,371.8,162,23,3.0652173913043477,Italy,371,371.8,162.0,0,1.0,0.0,0.0,0,1,1,-1.4607188397743947,-0.9251634696992911,1.089831073266109,Hibernating / At-Risk,0
12726,7,2411.1,3132,56,1.1558119658119657,France,28,344.4428571428571,447.42857142857144,329,0.6382978723404256,0.0,0.0,0,2,2,2.0287317929771365,-0.35818251032508774,-0.6326142401636226,Champions (High-Value),1
12727,7,3440.7,2068,108,2.433181818181818,France,11,491.5285714285714,295.42857142857144,309,0.6796116504854368,2.0,0.2222222222222222,0,2,2,2.4297880980803876,-0.35979010970592334,-0.6642243487208794,Champions (High-Value),1
12728,4,728.33,413,37,3.3997619047619048,France,71,182.0825,103.25,261,0.4597701149425288,0.0,0.0,0,0,0,-0.1974970003982256,-0.26776123055553425,-0.9839915541060194,Loyal Regulars,0
12729,1,417.01,231,25,3.1296,France,114,417.01,231.0,0,1.0,0.0,0.0,0,1,1,-0.915805165184713,-0.7443194113657331,0.7650550685947698,Hibernating / At-Risk,0
12731,12,18751.91,8429,108,3.292490842490843,France,24,1562.6591666666666,702.4166666666666,341,1.0557184750733137,2.0,0.14285714285714285,0,2,2,4.503251755527989,-1.136071309734321,0.7921134312644589,Champions (High-Value),1
12732,1,218.26000000000002,110,11,2.2063636363636365,France,180,218.26000000000002,110.0,0,1.0,0.0,0.0,0,1,1,-1.9231132644766267,-0.1866653767415571,0.521846889976267,Hibernating / At-Risk,0
12733,1,383.95,137,22,3.372727272727273,USA,234,383.95,137.0,0,1.0,0.0,0.0,0,1,1,-1.3801225573903175,-0.8157716010196906,0.9484405445916335,Hibernating / At-Risk,0
12734,1,110.39999999999999,88,4,1.185,France,353,110.39999999999999,88.0,0,1.0,0.0,0.0,0,1,1,-2.8124907428498274,0.29515281583411285,0.3479989212851797,Hibernating / At-Risk,0
12735,2,689.5699999999999,363,37,4.802439024390243,France,315,344.78499999999997,181.5,21,2.0,0.0,0.0,0,1,1,-0.46621263435049226,0.1817196260673807,2.130506934086752,Hibernating / At-Risk,0
12736,1,144.0,168,3,1.4400000000000002,France,333,144.0,168.0,0,1.0,0.0,0.0,0,1,1,-2.299647960863005,0.001713956877007529,0.499925574495921,Hibernating / At-Risk,0
12738,1,137.35,147,10,2.545,Germany,372,137.35,147.0,0,1.0,0.0,0.0,0,1,1,-2.4218272486528716,0.030290559805121093,0.5039855206567194,Hibernating / At-Risk,0
12739,1,975.54,485,37,3.103243243243243,United Arab Emirates,99,975.54,485.0,0,1.0,0.0,0.0,0,0,0,0.20129593834650425,-1.5827661130800648,1.2357179034707038,Loyal Regulars,0
12740,1,427.6,342,27,2.074074074074074,France,64,427.6,342.0,0,1.0,0.0,0.0,0,0,1,-0.5924185837132022,-0.6462103144694249,0.5940425838017673,Loyal Regulars,0
12743,2,540.13,315,114,3.069618320610687,Unspecified,134,270.065,157.5,0,2.0,0.0,0.0,0,1,0,-0.5309181216471425,0.6613029513672682,1.6914102045226678,Hibernating / At-Risk,0
12744,4,9120.39,5234,177,3.6794883720930236,Singapore,56,2280.0975,1308.5,262,0.45801526717557256,3.0,0.42857142857142855,0,0,2,3.1528552490083417,-2.74210246662849,0.4188634162867641,Loyal Regulars,0
12747,11,4196.01,1275,42,4.3678640776699025,United Kingdom,2,381.4554545454546,115.9090909090909,366,0.9016393442622951,0.0,0.0,1,2,2,2.8744366049235888,0.7527326741095703,-1.0261893653540077,Champions (High-Value),1
12748,206,31650.78,25051,1766,2.379563338639982,United Kingdom,1,153.6445631067961,121.60679611650485,372,16.612903225806452,14.0,0.06363636363636363,1,2,2,4.972199480675117,3.900347576903836,0.95095295861042,Champions (High-Value),1
12749,5,4040.88,1470,159,4.772676767676768,United Kingdom,4,808.176,294.0,209,0.7177033492822966,3.0,0.375,1,2,2,2.6438518463288627,-0.6243551122611378,-0.5517156190631367,Champions (High-Value),1
12750,1,275.88,137,15,4.62,Poland,129,275.88,137.0,0,1.0,0.0,0.0,0,1,1,-1.535330566148506,-0.33793015872865956,0.551171964783627,Hibernating / At-Risk,0
12752,1,4366.78,2262,53,2.2941509433962266,Norway,81,4366.78,2262.0,0,1.0,0.0,0.0,0,0,0,1.8739421869626376,-2.439785061983645,1.6745071040224246,Loyal Regulars,0
12753,6,21429.39,11421,132,2.3373604060913706,Japan,23,3571.565,1903.5,339,0.5309734513274336,5.0,0.45454545454545453,0,2,2,4.224614793720834,-2.35810860572472,0.2264800570627709,Champions (High-Value),1
12754,3,3010.74,6481,49,1.125079365079365,Japan,236,1003.5799999999999,2160.3333333333335,72,1.25,2.0,0.4,0,0,0,2.0214137728458614,-1.5671652320546596,1.82484383142499,Loyal Regulars,0
12755,2,3811.95,1491,4,5.0249999999999995,Japan,281,1905.975,745.5,85,0.7058823529411764,2.0,0.5,0,0,0,1.5341670000255367,-2.8337453330733138,1.466170989195571,Loyal Regulars,0
12756,1,112.07999999999998,144,4,0.7424999999999999,Japan,87,112.07999999999998,144.0,0,1.0,0.0,0.0,0,1,1,-2.249813757673821,0.6204134490938404,-0.10851900535046097,Hibernating / At-Risk,0
12757,9,4176.75,2387,235,2.1466201117318437,Portugal,16,464.0833333333333,265.22222222222223,195,1.3846153846153846,6.0,0.4,0,2,2,2.7157934105591313,0.47527601738782554,0.41042019272284214,Champions (High-Value),1
12758,2,2791.59,2135,84,1.700618556701031,Portugal,117,1395.795,1067.5,159,0.37735849056603776,0.0,0.0,0,0,2,1.5424177831796901,-2.8170659310759576,0.3614401956709834,Loyal Regulars,0
12759,3,1411.44,894,80,2.8311956521739132,Netherlands,52,470.48,298.0,223,0.40358744394618834,0.0,0.0,0,0,0,0.7747401327025227,-1.3313505467660898,-0.5800368469022532,Loyal Regulars,0
12762,2,1702.52,1220,61,1.9819402985074626,Portugal,8,851.26,610.0,17,2.0,0.0,0.0,0,2,0,1.7622751972739863,0.19148978955556098,1.4708096508366812,Champions (High-Value),1
12763,2,494.08,316,16,1.7716666666666667,Japan,138,247.04,158.0,230,0.2608695652173913,0.0,0.0,0,0,0,-0.8882258934454993,-1.2413923871644827,-0.9103053809925449,Loyal Regulars,0
12764,1,1693.88,386,45,5.387555555555555,Lebanon,317,1693.88,386.0,0,1.0,0.0,0.0,0,0,0,0.3287056667067764,-2.407586832455316,1.9515638099556558,Loyal Regulars,0
12766,7,6457.63,3627,204,2.744934640522876,Portugal,4,922.5185714285715,518.1428571428571,362,0.580110497237569,0.0,0.0,0,2,2,3.442030455266498,-0.9090741251063101,-0.760581200514595,Champions (High-Value),1
12769,1,1143.6,356,32,4.45625,Brazil,239,1143.6,356.0,0,1.0,0.0,0.0,0,0,0,0.0034610313076555085,-1.9478642605384284,1.621789699848061,Loyal Regulars,0
12770,1,1351.45,743,12,2.625,Japan,211,1351.45,743.0,0,1.0,0.0,0.0,0,0,0,0.47972286459269714,-2.139116866769677,1.6965867377206754,Loyal Regulars,0
12772,1,752.47,551,54,3.2507407407407407,Portugal,60,752.47,551.0,0,1.0,0.0,0.0,0,0,0,0.13655538291205274,-1.21036133829923,0.9166688200523077,Loyal Regulars,0
12775,5,1281.04,870,46,2.9691803278688527,Netherlands,17,256.20799999999997,174.0,294,0.5102040816326531,1.0,0.16666666666666666,0,0,0,1.0012830449126904,-0.12914029088730156,-1.180190021705755,Loyal Regulars,0
12778,6,693.23,817,39,1.8743181818181818,Netherlands,20,115.53833333333334,136.16666666666666,292,0.6164383561643836,1.0,0.14285714285714285,0,0,1,0.40513149276467847,0.806348171753591,-1.4282610926652828,Loyal Regulars,0
12779,8,3981.36,2024,88,3.6543624161073827,Poland,38,497.67,253.0,333,0.7207207207207208,4.0,0.3333333333333333,0,2,2,2.278014356189226,-0.5923411448701691,-0.20755612285724936,Champions (High-Value),1
12781,2,786.74,670,24,1.5945833333333332,Czech Republic,64,393.37,335.0,221,0.2714932126696833,3.0,0.6,0,0,0,0.03644810816495428,-1.5232605816375937,-0.8540692995961441,Loyal Regulars,0
12782,5,1938.92,1072,80,2.5710204081632653,Portugal,5,387.784,214.4,352,0.42613636363636365,1.0,0.16666666666666666,0,0,2,1.7322922587464902,-0.3707319383050243,-1.478032257192309,Loyal Regulars,0
12783,4,1295.87,611,74,3.758461538461539,Portugal,2,323.9675,152.75,73,1.6438356164383563,2.0,0.3333333333333333,0,2,2,1.489490378793698,1.3805219646856834,0.026274617450215674,Champions (High-Value),1
12784,1,476.82,278,53,2.3773214285714284,Portugal,15,476.82,278.0,0,1.0,0.0,0.0,0,0,1,-0.21339279093912009,-0.3452913857646725,0.1711351380480244,Loyal Regulars,0
12785,1,255.95,129,13,3.0461538461538455,Portugal,364,255.95,129.0,0,1.0,1.0,0.5,0,1,1,-1.8928666334213697,-0.5456076549440649,0.8602354634921658,Hibernating / At-Risk,0
12787,3,418.66,258,16,2.0564705882352943,Netherlands,10,139.55333333333334,86.0,182,0.4945054945054945,0.0,0.0,0,0,1,-0.4197560542053689,0.5129772605692348,-1.6795951278873213,Loyal Regulars,0
12789,1,76.85,3,3,25.616666666666664,Netherlands,65,76.85,3.0,0,1.0,0.0,0.0,0,1,1,-3.463647076318369,1.2709711464592541,-0.48947306084063885,Hibernating / At-Risk,0
12790,1,294.92,164,20,3.396,Netherlands,192,294.92,164.0,0,1.0,0.0,0.0,0,1,1,-1.5042740126263843,-0.5263835430916206,0.7307074341068707,Hibernating / At-Risk,0
12791,1,177.60000000000002,96,1,1.85,Netherlands,374,177.60000000000002,96.0,0,1.0,0.0,0.0,0,1,1,-2.3503600581386666,-0.17560606180691513,0.6432028103936559,Hibernating / At-Risk,0
12792,1,344.53999999999996,215,24,2.4891666666666663,Portugal,257,344.53999999999996,215.0,0,1.0,0.0,0.0,0,1,1,-1.328235290064293,-0.778637850068756,0.9286767542389454,Hibernating / At-Risk,0
12793,2,461.48,292,20,1.7199999999999998,Portugal,335,230.74,146.0,36,1.6666666666666667,0.0,0.0,0,1,1,-0.9768172954743143,0.29771253861483427,1.5625703943946558,Hibernating / At-Risk,0
12794,2,860.41,592,43,2.077111111111111,Portugal,53,430.205,296.0,45,1.3333333333333333,0.0,0.0,0,0,0,0.30643031858409125,-0.16017540088660379,0.9242751950571714,Loyal Regulars,0
12795,1,318.48,64,13,6.133076923076923,Portugal,19,318.48,64.0,0,1.0,0.0,0.0,0,1,1,-1.2189649837757668,0.10875633359389855,-0.027219065550898956,Hibernating / At-Risk,0
12797,1,226.03,117,12,3.2391666666666663,Portugal,366,226.03,117.0,0,1.0,2.0,0.6666666666666666,0,1,1,-2.047683462619464,-0.4201575768462033,0.7867266897709121,Hibernating / At-Risk,0
12798,3,6977.04,5256,6,1.0474999999999999,Japan,10,2325.68,1752.0,160,0.5625,0.0,0.0,0,2,2,3.326361246439702,-2.2184896229965,0.10737382528880487,Champions (High-Value),1
12802,1,397.58,312,24,2.0,Netherlands,187,397.58,312.0,0,1.0,1.0,0.5,0,1,1,-0.96814009734751,-0.861199380612653,0.9137001254898818,Hibernating / At-Risk,0
12808,3,455.65000000000003,187,26,3.1588888888888893,Portugal,37,151.88333333333335,62.333333333333336,331,0.2719033232628399,0.0,0.0,0,0,1,-0.834911310786055,-0.2483201403677982,-1.6889211254007443,Loyal Regulars,0
12809,1,405.31,217,24,3.42625,Portugal,178,405.31,217.0,0,1.0,1.0,0.5,0,1,1,-1.080089273654068,-0.833494593343363,0.8986903145707013,Hibernating / At-Risk,0
12811,2,458.85,227,26,2.564285714285714,Portugal,262,229.425,113.5,22,2.0,0.0,0.0,0,1,1,-0.9816605850760453,0.6621248296585969,1.8163211701165072,Hibernating / At-Risk,0
12812,1,229.64000000000001,164,15,2.0686666666666667,Japan,45,229.64000000000001,164.0,0,1.0,0.0,0.0,0,1,1,-1.3690119194152788,0.10672036946268067,0.09149036897959481,Hibernating / At-Risk,0
12814,1,85.92,48,1,1.79,Poland,102,85.92,48.0,0,1.0,0.0,0.0,0,1,1,-2.9622769626403596,0.9259454310342491,-0.2376751030764879,Hibernating / At-Risk,0
12815,2,863.46,374,37,3.863777777777778,Poland,148,431.73,187.0,50,1.2,0.0,0.0,0,0,0,-0.1489145821356369,-0.5362803008880714,1.0892234854452454,Loyal Regulars,0
12816,2,452.20000000000005,125,26,6.524074074074075,Poland,96,226.10000000000002,62.5,80,0.75,0.0,0.0,0,1,0,-1.1400370711817376,-0.22654018684770236,-0.14193093567492118,Hibernating / At-Risk,0
12817,1,126.03999999999999,52,3,2.7633333333333336,Austria,281,126.03999999999999,52.0,0,1.0,0.0,0.0,0,1,1,-2.8359692672373704,0.27894291286970485,0.33364463270567885,Hibernating / At-Risk,0
12818,1,1182.0800000000002,920,13,4.197692307692308,Austria,262,1182.0800000000002,920.0,0,1.0,1.0,0.5,0,0,0,0.38392629482117097,-2.0899079876641453,1.697477138586236,Loyal Regulars,0
12820,4,942.34,722,55,1.9047457627118642,United Kingdom,3,235.585,180.5,323,0.37151702786377705,0.0,0.0,1,0,0,0.9822735383738866,0.09099072799803253,-1.9953954590876757,Loyal Regulars,0
12821,1,92.72,70,6,2.4983333333333335,United Kingdom,214,92.72,70.0,0,1.0,0.0,0.0,1,1,1,-2.934642451273587,0.6179110695350941,0.06911632003459456,Hibernating / At-Risk,0
12822,2,948.88,550,41,2.692608695652174,United Kingdom,71,474.44,275.0,16,2.0,1.0,0.3333333333333333,1,0,0,0.3726019007828366,0.2477159769044789,1.8207360592593165,Loyal Regulars,0
12823,5,1759.5,230,1,7.65,United Kingdom,75,351.9,46.0,221,0.6787330316742082,0.0,0.0,1,0,0,0.4374579515773413,-0.4671802134215746,-0.22162380168197862,Loyal Regulars,0
12824,1,397.12,232,25,2.5356,United Kingdom,60,397.12,232.0,0,1.0,0.0,0.0,1,1,1,-0.7970863976823066,-0.5234692805657138,0.5186986258588212,Hibernating / At-Risk,0
12826,7,1474.72,1058,58,1.9276923076923078,United Kingdom,3,210.67428571428573,151.14285714285714,362,0.580110497237569,1.0,0.125,1,2,2,1.6411829361455497,0.670506460895018,-1.736488487002131,Champions (High-Value),1
12827,3,430.15000000000003,197,19,2.8680000000000003,United Kingdom,6,143.38333333333335,65.66666666666667,38,2.368421052631579,0.0,0.0,1,1,1,-0.13304704151003077,2.491461503037458,0.5736099416166612,Hibernating / At-Risk,0
12828,6,1018.71,494,46,3.09,United Kingdom,3,169.785,82.33333333333333,127,1.4173228346456692,0.0,0.0,1,2,2,1.1136493969199233,1.8619574221531845,-0.5976002457855601,Champions (High-Value),1
12829,2,293.0,376,9,10.368181818181817,United Kingdom,337,146.5,188.0,23,2.0,1.0,0.3333333333333333,1,1,1,-1.2639034800069153,0.9739704577005669,1.6530803587655465,Hibernating / At-Risk,0
12830,6,6814.64,9848,13,1.0863157894736843,United Kingdom,38,1135.7733333333333,1641.3333333333333,134,1.3432835820895521,1.0,0.14285714285714285,1,2,2,3.4650728144352008,-0.9163230731819321,1.2866286268114824,Champions (High-Value),1
12831,1,215.05,135,9,3.066666666666667,United Kingdom,262,215.05,135.0,0,1.0,0.0,0.0,1,1,1,-1.9525970355244942,-0.29378714733544464,0.6468226626029838,Hibernating / At-Risk,0
12832,2,383.03,195,27,2.928888888888889,United Kingdom,32,191.515,97.5,65,0.9230769230769231,0.0,0.0,1,1,1,-0.8147236515001043,0.4039224891345655,-0.31945763195455895,Hibernating / At-Risk,0
12833,1,417.38,156,24,5.44125,United Kingdom,145,417.38,156.0,0,1.0,0.0,0.0,1,1,1,-1.1298572624396324,-0.7757895855920747,0.8373363774704867,Hibernating / At-Risk,0
12834,1,312.38,110,18,4.893888888888889,United Kingdom,283,312.38,110.0,0,1.0,0.0,0.0,1,1,1,-1.705909185828427,-0.6518945530743311,0.8867477833915502,Hibernating / At-Risk,0
12836,4,2610.36,1062,148,4.3052873563218395,United Kingdom,59,652.59,265.5,252,0.47619047619047616,0.0,0.0,1,0,2,1.4102670059512314,-1.49254872441483,-0.23991822697713633,Loyal Regulars,0
12837,1,134.1,24,12,6.745833333333334,United Kingdom,173,134.1,24.0,0,1.0,0.0,0.0,1,1,1,-2.9508242902722954,0.4208004402783121,0.18433756645938504,Hibernating / At-Risk,0
12838,2,671.95,355,115,2.305333333333333,United Kingdom,34,335.975,177.5,340,0.1764705882352941,0.0,0.0,1,0,0,-0.21994869124294725,-1.284668575273307,-1.3558657792910118,Loyal Regulars,0
12839,14,5591.42,3807,95,1.9202229299363058,United Kingdom,3,399.38714285714286,271.92857142857144,364,1.153846153846154,2.0,0.125,1,2,2,3.571747556243524,0.9056361147182399,-0.554455145029901,Champions (High-Value),1
12840,4,2726.77,1511,67,2.035486725663717,United Kingdom,144,681.6925,377.75,82,1.4634146341463414,2.0,0.3333333333333333,1,0,0,1.5220534879312095,-0.6397118726102659,1.610131346996691,Loyal Regulars,0
12841,25,3991.58,2720,229,2.4166425120772947,United Kingdom,5,159.6632,108.8,367,2.043596730245232,1.0,0.038461538461538464,1,2,2,3.2234006632222303,2.7093189836763574,-0.06538934535549323,Champions (High-Value),1
12842,2,1118.99,547,34,4.3302941176470595,United Kingdom,70,559.495,273.5,238,0.25210084033613445,0.0,0.0,1,0,0,0.25687778436157716,-1.9002533829475552,-0.6675425143551751,Loyal Regulars,0
12843,8,1702.26,781,69,3.513203883495146,United Kingdom,66,212.7825,97.625,198,1.2121212121212122,1.0,0.1111111111111111,1,0,0,1.0527882512214646,0.7269616524023063,0.19666245866947232,Loyal Regulars,0
12844,2,325.96000000000004,125,47,2.631153846153846,United Kingdom,29,162.98000000000002,62.5,101,0.594059405940594,0.0,0.0,1,1,1,-1.1719413394357132,0.19475818785115598,-1.0122683313062106,Hibernating / At-Risk,0
12845,4,354.09,204,26,2.7903703703703706,United Kingdom,267,88.5225,51.0,22,4.0,0.0,0.0,1,1,0,-1.1099076988908463,2.839833205056104,2.54895067812904,Hibernating / At-Risk,0
12847,1,843.64,873,72,1.3659523809523808,United Kingdom,22,843.64,873.0,0,1.0,0.0,0.0,1,0,0,0.6737008031081557,-1.0920913527834404,0.6608935444199354,Loyal Regulars,0
12849,2,992.65,579,46,2.9967391304347823,United Kingdom,31,496.325,289.5,237,0.2531645569620253,0.0,0.0,1,0,0,0.37223071038586053,-1.5696525024437218,-1.007648905594529,Loyal Regulars,0
12851,1,131.81,106,43,1.9991489361702126,United Kingdom,97,131.81,106.0,0,1.0,0.0,0.0,1,1,1,-2.2472650938668113,0.4644934907895538,0.015136869511569142,Hibernating / At-Risk,0
12852,1,311.55,149,17,3.65,United Kingdom,295,311.55,149.0,0,1.0,1.0,0.5,1,1,1,-1.6004363647689233,-0.6878478166229356,0.9072799315534573,Hibernating / At-Risk,0
12853,6,1957.1000000000001,800,66,4.250512820512821,United Kingdom,135,326.18333333333334,133.33333333333334,181,0.994475138121547,3.0,0.3333333333333333,1,0,0,0.9467172607595349,-0.2129952899964537,0.4411000767173377,Loyal Regulars,0
12854,3,1316.25,626,95,2.7244036697247704,United Kingdom,79,438.75,208.66666666666666,239,0.37656903765690375,2.0,0.4,1,0,0,0.4582172513898697,-1.3905913891002653,-0.5463286911181355,Loyal Regulars,0
12855,1,38.1,30,3,1.55,United Kingdom,373,38.1,30.0,0,1.0,0.0,0.0,1,1,1,-4.013374615550999,1.2331732382062177,-0.19360952012697855,Hibernating / At-Risk,0
12856,6,2170.78,1076,155,2.5385209003215436,United Kingdom,8,361.7966666666667,179.33333333333334,55,3.272727272727273,2.0,0.25,1,2,0,2.091060683794118,2.1492837248965895,1.8266999604015701,Champions (High-Value),1
12857,2,1106.4,343,37,4.142391304347826,United Kingdom,211,553.2,171.5,91,0.6593406593406593,0.0,0.0,1,0,0,-0.13001524723677482,-1.5059680084903886,0.5208734517940868,Loyal Regulars,0
12863,1,521.2,188,5,3.374,United Kingdom,52,521.2,188.0,0,1.0,1.0,0.5,1,0,1,-0.5908269847230476,-0.7250367746623083,0.6245860108594334,Loyal Regulars,0
12864,1,147.12,216,3,0.6566666666666666,United Kingdom,138,147.12,216.0,0,1.0,0.0,0.0,1,1,1,-1.9568250146952584,0.2004000878174831,0.2178853853761573,Hibernating / At-Risk,0
12865,2,1568.23,925,86,3.119157894736842,Austria,26,784.115,462.5,97,0.6185567010309279,1.0,0.3333333333333333,0,0,0,1.1045038569357755,-1.416859178116127,-0.029529463918726555,Loyal Regulars,0
12866,1,499.12,167,25,3.9924,Belgium,283,499.12,167.0,0,1.0,0.0,0.0,0,1,1,-1.1074545879768927,-1.135628465392408,1.172658547526784,Hibernating / At-Risk,0
12867,7,4009.34,4284,240,1.3291760299625468,United Kingdom,26,572.7628571428571,612.0,333,0.6306306306306306,3.0,0.3,1,2,2,2.6418005666766056,-0.8620918839451518,-0.36418803543830797,Champions (High-Value),1
12868,6,1607.0600000000002,928,72,2.611682242990654,United Kingdom,186,267.84333333333336,154.66666666666666,187,0.9625668449197861,0.0,0.0,1,0,0,0.7353797522858047,-0.16324994556646277,0.3911382705132346,Loyal Regulars,0
12871,2,380.64,200,8,2.110909090909091,United Kingdom,84,190.32,100.0,123,0.48780487804878053,0.0,0.0,1,1,1,-1.1324248115492037,-0.4389875321155013,-0.7552712734048179,Hibernating / At-Risk,0
12872,2,599.97,319,58,2.4956060606060606,United Kingdom,327,299.985,159.5,38,1.5789473684210527,0.0,0.0,1,1,1,-0.7026078348748694,-0.02971017088772064,1.611707793705381,Hibernating / At-Risk,0
12873,1,374.0,128,4,4.0375,United Kingdom,282,374.0,128.0,0,1.0,0.0,0.0,1,1,1,-1.4786726167893396,-0.8358947187814942,0.9951034504240885,Hibernating / At-Risk,0
12875,2,343.2300000000001,2019,1,0.17,United Kingdom,143,171.61500000000004,1009.5,219,0.273972602739726,0.0,0.0,1,0,0,-0.5029593148923801,-1.0477657284357715,-1.032561756671556,Loyal Regulars,0
12876,2,2053.02,1930,66,1.9473493975903613,Belgium,58,1026.51,965.0,138,0.4347826086956522,0.0,0.0,0,0,2,1.4069136358426548,-2.230501073126812,0.060647438250988665,Loyal Regulars,0
12877,12,1535.77,1178,100,1.8988961038961039,United Kingdom,4,127.98083333333334,98.16666666666667,354,1.0169491525423728,0.0,0.0,1,2,2,1.8096107523362326,1.8243842400119599,-1.3368868294305138,Champions (High-Value),1
12878,2,854.99,547,38,2.0325531914893618,United Kingdom,236,427.495,273.5,29,2.0,1.0,0.3333333333333333,1,1,0,-0.03160879327029334,0.01930449031942008,2.1686181689186874,Hibernating / At-Risk,0
12879,3,573.22,370,7,1.832,United Kingdom,45,191.07333333333335,123.33333333333333,47,1.9148936170212767,1.0,0.25,1,1,0,-0.14660515178875855,1.3134154759141667,0.9776919834244401,Hibernating / At-Risk,0
12881,1,298.0,21,7,32.971428571428575,United Kingdom,276,298.0,21.0,0,1.0,0.0,0.0,1,1,1,-2.380452779054591,-0.45456651537849313,0.8081873517435435,Hibernating / At-Risk,0
12882,2,1463.04,246,12,6.437692307692307,United Kingdom,9,731.52,123.0,24,2.0,0.0,0.0,1,0,0,0.9651096350601615,0.4508290598873413,1.376087379454188,Loyal Regulars,0
12883,4,703.47,196,39,5.926904761904762,United Kingdom,25,175.8675,49.0,64,1.875,0.0,0.0,1,1,0,-0.05136807805537457,1.6601892848281992,0.6277780329530424,Hibernating / At-Risk,0
12884,1,309.05,43,7,15.984285714285715,United Kingdom,88,309.05,43.0,0,1.0,0.0,0.0,1,1,1,-1.7829198354944233,-0.2387991068041611,0.4577087980218324,Hibernating / At-Risk,0
12885,3,1175.22,655,66,3.5930985915492957,United Kingdom,63,391.74,218.33333333333334,60,1.5,1.0,0.25,1,0,0,0.6125295061484592,0.13724062956302283,1.0736400971031106,Loyal Regulars,0
12886,2,1378.4,770,75,3.7206097560975615,United Kingdom,68,689.2,385.0,151,0.3973509933774835,1.0,0.3333333333333333,1,0,0,0.6265092418864118,-1.8713268822050388,-0.22182596301894578,Loyal Regulars,0
12888,2,354.12,76,4,5.896,United Kingdom,214,177.06,38.0,41,1.4634146341463414,2.0,0.5,1,1,1,-1.6587757514022912,0.6116346797085457,0.9850590101564205,Hibernating / At-Risk,0
12890,1,376.71999999999997,256,78,1.8343037974683545,United Kingdom,24,376.71999999999997,256.0,0,1.0,0.0,0.0,1,1,1,-0.5789717538832706,-0.23631702656273484,0.1839354368104746,Hibernating / At-Risk,0
12891,3,331.0,950,2,0.3666666666666667,United Kingdom,186,110.33333333333333,316.6666666666667,107,0.8411214953271028,0.0,0.0,1,1,1,-0.7864737248986019,0.31444034929822473,-0.193738273081567,Hibernating / At-Risk,0
12893,1,176.55,90,27,2.2106451612903224,United Kingdom,31,176.55,90.0,0,1.0,0.0,0.0,1,1,1,-1.7539497043522272,0.5100904338870184,-0.20267289592075957,Hibernating / At-Risk,0
12895,2,372.8,210,22,3.222727272727273,United Kingdom,42,186.4,105.0,44,1.3636363636363638,1.0,0.3333333333333333,1,1,1,-0.8147504901195786,0.8210803335590012,0.36663897716967075,Hibernating / At-Risk,0
12897,2,216.5,110,3,2.7,United Kingdom,205,108.25,55.0,97,0.6185567010309279,0.0,0.0,1,1,1,-2.0895316372467545,0.0982464439106532,-0.547847788435484,Hibernating / At-Risk,0
12901,28,17654.54,23075,30,1.4663793103448275,United Kingdom,9,630.5192857142857,824.1071428571429,261,3.218390804597701,8.0,0.2222222222222222,1,2,2,5.141041905590561,1.9257844411782532,1.8910342539194072,Champions (High-Value),1
12902,1,138.68,66,10,5.619,United Kingdom,265,138.68,66.0,0,1.0,0.0,0.0,1,1,1,-2.6403929520413683,0.18335373454351564,0.37553239561026397,Hibernating / At-Risk,0
12904,2,496.06,294,59,3.1046478873239436,United Kingdom,18,248.03,147.0,154,0.3896103896103896,0.0,0.0,1,0,1,-0.3729508021147723,-0.468520321559977,-1.30627708480529,Loyal Regulars,0
12906,5,2919.81,1749,55,2.551904761904762,United Kingdom,12,583.962,349.8,66,2.2727272727272725,0.0,0.0,1,2,0,2.364682341226426,0.8786219730873733,1.4935871596533,Champions (High-Value),1
12908,2,750.0,1200,1,0.625,United Kingdom,176,375.0,600.0,136,0.4411764705882353,2.0,0.5,1,0,0,0.0033456927221890828,-1.5200085358131636,-0.1529355684194547,Loyal Regulars,0
12909,5,2178.67,1280,78,6.7639560439560436,United Kingdom,40,435.73400000000004,256.0,213,0.7042253521126761,3.0,0.375,1,0,2,1.4732909332850157,-0.6204557341258334,-0.2188312002079474,Loyal Regulars,0
12910,8,3075.04,1692,48,2.0928,United Kingdom,23,384.38,211.5,218,1.1009174311926606,0.0,0.0,1,2,2,2.1534633869671995,0.2595296893572033,0.05880431604640177,Champions (High-Value),1
12912,5,1662.3,670,17,2.7191666666666667,United Kingdom,3,332.46,134.0,37,4.0540540540540535,0.0,0.0,1,2,0,1.884593395903185,2.705740000397571,1.870032955895321,Champions (High-Value),1
12913,5,2483.63,1419,37,2.9248000000000003,United Kingdom,5,496.726,283.8,363,0.4132231404958678,0.0,0.0,1,0,2,2.070029166673403,-0.6526901493495377,-1.3521719415721327,Loyal Regulars,0
12915,2,363.65,93,19,6.788636363636363,United Kingdom,149,181.825,46.5,223,0.26905829596412556,0.0,0.0,1,1,1,-1.6687148721855611,-0.8468029780147789,-1.0763891762207063,Hibernating / At-Risk,0
12916,4,2944.95,1083,53,4.12378640776699,United Kingdom,139,736.2375,270.75,181,0.6629834254143646,1.0,0.2,1,0,0,1.3500089113170368,-1.5707148585630621,0.47432071052382185,Loyal Regulars,0
12917,1,594.0,120,2,4.95,United Kingdom,128,594.0,120.0,0,1.0,0.0,0.0,1,1,1,-0.8727277421539079,-1.0546241560625988,0.9952428157851606,Hibernating / At-Risk,0
12919,6,1335.19,673,34,2.6044,United Kingdom,8,222.53166666666667,112.16666666666667,161,1.1180124223602486,2.0,0.25,1,2,2,1.2376692808980099,1.0517990336560579,-0.5428711997713677,Champions (High-Value),1
12920,1,162.78,128,27,3.9296296296296296,United Kingdom,17,162.78,128.0,0,1.0,0.0,0.0,1,1,1,-1.5443559647379779,0.7143100586654103,-0.4386690418231087,Hibernating / At-Risk,0
12921,37,16587.09,9526,233,2.3401944444444447,United Kingdom,9,448.29972972972973,257.4594594594595,364,3.0494505494505497,13.0,0.26,1,2,2,4.9265942121187,2.17592388796693,1.5615221965714776,Champions (High-Value),1
12922,1,405.38,370,28,1.627857142857143,United Kingdom,161,405.38,370.0,0,1.0,0.0,0.0,1,1,1,-0.8450346616794946,-0.8539973912078778,0.8784287051381033,Hibernating / At-Risk,0
12923,1,171.57,67,27,2.9540740740740743,United Kingdom,64,171.57,67.0,0,1.0,0.0,0.0,1,1,1,-2.0766810111108382,0.3682487665110381,0.016363333605009783,Hibernating / At-Risk,0
12924,4,925.75,480,21,3.024137931034483,United Kingdom,88,231.4375,120.0,239,0.502092050209205,1.0,0.2,1,0,0,0.038761905551214206,-0.5024531450901781,-0.6823683669214822,Loyal Regulars,0
12925,2,694.05,541,42,2.310222222222222,United Kingdom,5,347.025,270.5,70,0.8571428571428571,0.0,0.0,1,0,1,0.5635280350461266,0.13675600723078615,-0.632905028701535,Loyal Regulars,0
12928,5,2062.7000000000003,1472,59,1.9426190476190477,United Kingdom,35,412.5400000000001,294.4,323,0.46439628482972134,0.0,0.0,1,0,2,1.4637764101003858,-0.8913588516421384,-0.7398192531997116,Loyal Regulars,0
12929,1,117.85,37,8,7.11875,United Kingdom,312,117.85,37.0,0,1.0,1.0,0.5,1,1,1,-3.055729761049161,0.3437880543605752,0.3215470079609303,Hibernating / At-Risk,0
12930,2,415.8,252,20,2.9948,United Kingdom,78,207.9,126.0,93,0.6451612903225806,2.0,0.5,1,1,0,-0.9100058007413799,-0.2939501186700429,-0.4257808259418878,Hibernating / At-Risk,0
12931,15,42055.96,28004,28,1.7017073170731707,United Kingdom,22,2803.730666666667,1866.9333333333334,336,1.3392857142857144,5.0,0.25,1,2,2,4.935579937037819,-0.9559791161144551,1.2333143019186443,Champions (High-Value),1
12933,3,607.53,499,102,2.6469811320754717,United Kingdom,24,202.51,166.33333333333334,259,0.3474903474903475,1.0,0.25,1,0,0,-0.05782856679561471,-0.362460958589216,-1.4682971037400767,Loyal Regulars,0
12935,7,2160.7,1853,80,2.032325581395349,United Kingdom,2,308.6714285714285,264.7142857142857,317,0.6624605678233438,1.0,0.125,1,2,2,2.305951352107912,0.45186502777031506,-1.4466761176524574,Champions (High-Value),1
12936,4,1063.9,559,56,2.033225806451613,United Kingdom,17,265.975,139.75,61,1.9672131147540985,1.0,0.2,1,2,0,0.8479861677924327,1.346179730348374,0.8644072420359614,Champions (High-Value),1
12937,4,1504.27,1007,81,2.371666666666667,United Kingdom,15,376.0675,251.75,252,0.47619047619047616,0.0,0.0,1,0,2,1.2153359703812066,-0.5981919546292026,-1.0190223741622186,Loyal Regulars,0
12938,1,114.14,140,9,1.271111111111111,United Kingdom,26,114.14,140.0,0,1.0,0.0,0.0,1,1,1,-1.9413525585545623,0.931171246725374,-0.5044373206652633,Hibernating / At-Risk,0
12939,8,11581.8,4876,21,2.403404255319149,United Kingdom,64,1447.725,609.5,270,0.8888888888888888,0.0,0.0,1,2,2,3.515739468899082,-1.6179732262703748,0.8938886150190589,Champions (High-Value),1
12940,2,899.69,404,87,3.8833333333333333,United Kingdom,55,449.845,202.0,33,1.8181818181818181,2.0,0.5,1,0,0,0.24693782769142053,0.252628712494432,1.51048735740456,Loyal Regulars,0
12942,3,675.6,198,68,4.314857142857143,United Kingdom,131,225.20000000000002,66.0,234,0.38461538461538464,0.0,0.0,1,0,1,-0.7397925084703451,-0.776909632655754,-0.7784188837018455,Loyal Regulars,0
12944,2,604.51,289,29,3.1886666666666668,United Kingdom,36,302.255,144.5,319,0.18808777429467086,0.0,0.0,1,0,0,-0.41316937655592495,-1.1808127673130802,-1.4041969500853715,Loyal Regulars,0
12945,1,462.95,165,23,4.95,United Kingdom,288,462.95,165.0,0,1.0,0.0,0.0,1,1,1,-1.186550099317439,-1.0676567860083455,1.134162728679725,Hibernating / At-Risk,0
12947,6,1603.99,1165,83,3.270309278350515,United Kingdom,144,267.33166666666665,194.16666666666666,229,0.7860262008733624,5.0,0.45454545454545453,1,0,0,0.8590444962128998,-0.3270151245680149,0.030253906496870552,Loyal Regulars,0
12948,7,2064.95,1080,82,2.932758620689655,United Kingdom,16,294.99285714285713,154.28571428571428,248,0.846774193548387,1.0,0.125,1,2,2,1.6396400837926104,0.305765398981168,-0.5811279106855983,Champions (High-Value),1
12949,8,4167.22,2381,166,2.8786511627906974,United Kingdom,31,520.9025,297.625,221,1.0859728506787332,2.0,0.2,1,2,2,2.4946436743095277,-0.15643662738148448,0.3239499851851852,Champions (High-Value),1
12950,3,1843.0,1380,13,1.3891304347826086,United Kingdom,2,614.3333333333334,460.0,21,3.0,0.0,0.0,1,2,0,2.253450535070607,1.5575571983387513,1.6941264380603442,Champions (High-Value),1
12951,6,1064.07,503,53,3.006031746031746,United Kingdom,9,177.345,83.83333333333333,322,0.5590062111801243,2.0,0.25,1,0,0,0.7906689783603278,0.5650485891467298,-1.5520766440324454,Loyal Regulars,0
12952,4,1387.79,653,64,4.062658227848101,United Kingdom,6,346.9475,163.25,72,1.6666666666666667,1.0,0.2,1,2,0,1.364928889213671,1.0954915881066372,0.38463842075487087,Champions (High-Value),1
12953,1,329.85,84,17,6.647058823529412,United Kingdom,10,329.85,84.0,0,1.0,0.0,0.0,1,1,1,-0.92763760407695,0.21591875245252654,-0.20496047631229322,Hibernating / At-Risk,0
12955,11,4757.16,3664,81,1.6899444444444445,United Kingdom,1,432.4690909090909,333.09090909090907,266,1.2406015037593985,3.0,0.21428571428571427,1,2,2,3.5611918348818965,1.0244267983355066,-0.5798002910378607,Champions (High-Value),1
12956,1,108.07,34,19,4.365263157894737,United Kingdom,306,108.07,34.0,0,1.0,0.0,0.0,1,1,1,-3.163116565801766,0.4385363087207654,0.2622143821353196,Hibernating / At-Risk,0
12957,8,4017.54,2549,208,2.817563025210084,United Kingdom,10,502.1925,318.625,329,0.729483282674772,4.0,0.3333333333333333,1,2,2,2.702980773711071,-0.26143326760698704,-0.6159308411593404,Champions (High-Value),1
12962,2,266.39,129,15,2.985625,United Kingdom,7,133.195,64.5,106,0.5660377358490566,0.0,0.0,1,1,1,-1.0135023068387976,0.7070980745467854,-1.6357955634409527,Hibernating / At-Risk,0
12963,8,1856.63,881,75,3.294842105263158,United Kingdom,8,232.07875,110.125,357,0.6722689075630252,1.0,0.1111111111111111,1,2,2,1.6084322534722426,0.5477957741501726,-1.264951226718634,Champions (High-Value),1
12965,1,769.8100000000001,282,108,3.6783333333333332,United Kingdom,89,769.8100000000001,282.0,0,1.0,0.0,0.0,1,0,0,-0.20491841658013052,-1.2791408579004195,1.0461655049548533,Loyal Regulars,0
12966,1,160.18,75,10,3.4230000000000005,United Kingdom,10,160.18,75.0,0,1.0,0.0,0.0,1,1,1,-1.6413980637821475,0.9128559837994036,-0.6310798623525747,Hibernating / At-Risk,0
12967,2,1660.9,438,19,6.476315789473684,United Kingdom,358,830.45,219.0,13,2.0,2.0,0.5,1,0,0,0.3922651386819184,-0.7083438779471256,2.695562684603702,Loyal Regulars,0
12968,1,135.95,73,5,3.29,United Kingdom,112,135.95,73.0,0,1.0,0.0,0.0,1,1,1,-2.4003438754806883,0.4291115964070107,0.07246933558641988,Hibernating / At-Risk,0
12970,4,405.47,268,116,2.153798449612403,United Kingdom,7,101.3675,67.0,315,0.38095238095238093,0.0,0.0,1,0,1,-0.3643854140408861,0.8051902682160178,-2.2561283374816923,Loyal Regulars,0
12971,86,11189.91,9289,94,2.310327868852459,United Kingdom,4,130.11523255813952,108.01162790697674,368,7.010869565217391,3.0,0.033707865168539325,1,2,2,4.368100235081486,3.854760905939425,1.147311125884507,Champions (High-Value),1
12974,1,144.8,24,8,7.7,United Kingdom,198,144.8,24.0,0,1.0,0.0,0.0,1,1,1,-2.914234676917283,0.3110168494339859,0.2753014755882395,Hibernating / At-Risk,0
12976,1,738.6,561,22,1.5345454545454544,United Kingdom,212,738.6,561.0,0,1.0,0.0,0.0,1,0,0,-0.19399561051271458,-1.538700885479486,1.3356865718225894,Loyal Regulars,0
12977,1,39.239999999999995,12,9,4.23,United Kingdom,156,39.239999999999995,12.0,0,1.0,0.0,0.0,1,1,1,-4.126282083395703,1.5453067871427633,-0.5101497788790224,Hibernating / At-Risk,0
12980,9,7374.900000000001,886,6,15.904500000000002,United Kingdom,158,819.4333333333334,98.44444444444444,200,1.3499999999999999,3.0,0.25,1,2,0,2.2776036765297025,-0.6271477947459975,1.443285953176412,Champions (High-Value),1
12981,2,372.21999999999997,242,12,1.6235,United Kingdom,30,186.10999999999999,121.0,103,0.5825242718446603,0.0,0.0,1,1,1,-0.8009716717427163,-0.016005125959371345,-0.927599649126058,Hibernating / At-Risk,0
12982,1,390.54,288,28,1.8478571428571429,United Kingdom,243,390.54,288.0,0,1.0,1.0,0.5,1,1,1,-1.082932859523664,-0.9088283897604484,0.9906777710609018,Hibernating / At-Risk,0
12984,1,97.5,26,4,3.85,United Kingdom,19,97.5,26.0,0,1.0,0.0,0.0,1,1,1,-2.660585955784853,1.311617994329591,-0.7426167904587961,Hibernating / At-Risk,0
12985,2,1239.38,1533,73,1.914342105263158,United Kingdom,1,619.69,766.5,27,2.0,1.0,0.3333333333333333,1,2,0,1.9420600430535317,0.8881640992709047,0.7735851340211459,Champions (High-Value),1
12987,2,558.7,219,27,6.110714285714286,United Kingdom,74,279.35,109.5,124,0.48387096774193544,1.0,0.3333333333333333,1,0,0,-0.7094363735039119,-0.783704255498472,-0.5788275800483278,Loyal Regulars,0
12988,1,505.82,126,75,4.281807228915662,United Kingdom,292,505.82,126.0,0,1.0,0.0,0.0,1,1,1,-1.213201005441938,-1.1317669468201286,1.1838853049171492,Hibernating / At-Risk,0
12989,15,6924.110000000001,2943,41,3.1915625,United Kingdom,3,461.6073333333334,196.2,361,1.2465373961218837,4.0,0.21052631578947367,1,2,2,3.6927909055976658,0.9130782667080647,-0.3663653364086811,Champions (High-Value),1
12990,3,409.5,200,8,2.05,United Kingdom,31,136.5,66.66666666666667,278,0.3237410071942446,0.0,0.0,1,0,1,-0.8511734772899914,-0.014440878914506634,-1.6906691139714718,Loyal Regulars,0
12991,2,503.76,405,31,2.3067741935483874,United Kingdom,23,251.88,202.5,89,0.6741573033707865,0.0,0.0,1,0,1,-0.23508998367303657,-0.15091896974703956,-0.6585710760478788,Loyal Regulars,0
12993,4,414.76,240,26,2.1377777777777776,United Kingdom,23,103.69,60.0,275,0.4363636363636364,0.0,0.0,1,0,1,-0.655945434064513,0.5808102841780443,-1.7522838909889424,Loyal Regulars,0
12994,3,974.4200000000001,459,52,4.212459016393442,United Kingdom,4,324.8066666666667,153.0,264,0.3409090909090909,2.0,0.4,1,0,0,0.7588895500966415,-0.37235822550047504,-1.760744478148801,Loyal Regulars,0
12995,1,211.32,108,3,1.9566666666666668,United Kingdom,85,211.32,108.0,0,1.0,1.0,0.5,1,1,1,-1.7695965353096554,0.050691883578423996,0.24685063346867686,Hibernating / At-Risk,0
12997,4,1226.89,664,45,3.2942372881355935,United Kingdom,22,306.7225,166.0,294,0.4081632653061224,3.0,0.42857142857142855,1,0,0,0.7545636822532404,-0.5743232395377653,-1.1641834592817077,Loyal Regulars,0
12999,3,455.88,342,25,2.549285714285714,United Kingdom,196,151.96,114.0,49,1.836734693877551,0.0,0.0,1,1,1,-0.7709612101666615,1.0752777584013316,1.2609419328330795,Hibernating / At-Risk,0
13000,3,534.85,379,30,3.0125806451612904,United Kingdom,107,178.28333333333333,126.33333333333333,258,0.3488372093023256,0.0,0.0,1,0,1,-0.6586313401464454,-0.617493154494009,-1.0445511874384559,Loyal Regulars,0
13001,13,9785.970000000001,5490,166,2.4128783382789316,United Kingdom,4,752.7669230769231,422.3076923076923,322,1.2111801242236027,2.0,0.13333333333333333,1,2,2,4.176475395322921,0.23900808164365386,-0.0027086883636398777,Champions (High-Value),1
13002,1,120.94999999999999,73,7,2.8214285714285716,United Kingdom,318,120.94999999999999,73.0,0,1.0,0.0,0.0,1,1,1,-2.7742246901068297,0.25401197642394596,0.3606590975814713,Hibernating / At-Risk,0
13003,3,149.05,103,4,2.25,United Kingdom,106,49.68333333333334,34.333333333333336,109,0.8256880733944955,0.0,0.0,1,1,1,-2.253364579970661,1.4004333696278375,-0.9316886760644227,Hibernating / At-Risk,0
13004,18,5655.91,4822,277,2.0111633663366337,United Kingdom,12,314.21722222222223,267.8888888888889,346,1.560693641618497,4.0,0.18181818181818182,1,2,2,3.4662459941644306,1.2789177838454617,0.17310689029044277,Champions (High-Value),1
13005,2,513.7,172,21,5.117307692307692,United Kingdom,174,256.85,86.0,72,0.8333333333333334,1.0,0.3333333333333333,1,1,1,-1.0336169385576124,-0.4327093595891599,0.28114499076584043,Hibernating / At-Risk,0
13006,1,81.57,55,4,5.295,United Kingdom,56,81.57,55.0,0,1.0,0.0,0.0,1,1,1,-2.8059489609023265,1.1259693516228415,-0.46761790673730436,Hibernating / At-Risk,0
13008,1,229.46999999999997,175,14,1.7342857142857144,United Kingdom,323,229.46999999999997,175.0,0,1.0,1.0,0.5,1,1,1,-1.8443559597843109,-0.4361540235649267,0.7632341225718305,Hibernating / At-Risk,0
13011,1,50.550000000000004,13,3,4.216666666666667,United Kingdom,372,50.550000000000004,13.0,0,1.0,0.0,0.0,1,1,1,-4.255765874865765,1.1821944222070384,-0.1371268098088317,Hibernating / At-Risk,0
13012,8,1646.8400000000001,820,67,3.2260227272727273,United Kingdom,9,205.85500000000002,102.5,285,0.8421052631578947,3.0,0.2727272727272727,1,2,2,1.4718082272556507,0.860123306493474,-1.0152750786444666,Champions (High-Value),1
13013,13,4810.9400000000005,2224,155,3.163470319634703,United Kingdom,1,370.07230769230773,171.07692307692307,370,1.054054054054054,2.0,0.13333333333333333,1,2,2,3.372218788516871,1.081397108577903,-0.9758213097538996,Champions (High-Value),1
13014,10,3466.2799999999997,905,67,5.255229357798165,United Kingdom,11,346.628,90.5,270,1.1111111111111112,6.0,0.375,1,2,2,2.2261647707287793,0.6965125409144433,-0.2870362085499798,Champions (High-Value),1
13015,5,3339.64,1609,156,5.0596000000000005,United Kingdom,53,667.928,321.8,195,0.7692307692307693,0.0,0.0,1,0,2,1.9016413734984527,-1.0386994662802624,0.24320870625002192,Loyal Regulars,0
13016,3,789.89,527,39,3.173191489361702,United Kingdom,73,263.2966666666667,175.66666666666666,49,1.836734693877551,0.0,0.0,1,0,0,0.159792014031083,0.7836757574983383,1.2578427371849743,Loyal Regulars,0
13017,1,204.0,48,1,4.25,United Kingdom,7,204.0,48.0,0,1.0,0.0,0.0,1,1,1,-1.5086655804925102,0.8103708457079905,-0.6104240476182684,Hibernating / At-Risk,0
13018,28,7277.7,5435,313,2.1802183406113538,United Kingdom,16,259.91785714285714,194.10714285714286,279,3.010752688172043,1.0,0.034482758620689655,1,2,2,3.891887629276822,2.5713179970832343,1.385803035741704,Champions (High-Value),1
13021,9,2616.38,1352,101,3.812290076335878,United Kingdom,4,290.7088888888889,150.22222222222223,354,0.7627118644067796,3.0,0.25,1,2,2,2.2771809043102227,0.6191815922678965,-1.191638620532487,Champions (High-Value),1
13023,2,599.9,280,35,4.002631578947368,United Kingdom,64,299.95,140.0,65,0.9230769230769231,0.0,0.0,1,0,0,-0.43008567530168257,-0.2420411320965893,0.1857540023310547,Loyal Regulars,0
13026,5,975.36,1620,32,0.6757500000000001,United Kingdom,1,195.072,324.0,274,0.5474452554744526,3.0,0.375,1,0,2,1.5630602640208717,0.73522774190235,-2.0064446438389663,Loyal Regulars,0
13027,6,6912.0,17280,6,0.4,United Kingdom,114,1152.0,2880.0,240,0.75,0.0,0.0,1,2,2,3.150403654596067,-1.9033638796815213,0.8069602374431597,Champions (High-Value),1
13028,2,661.3199999999999,798,40,1.014,United Kingdom,23,330.65999999999997,399.0,22,2.0,1.0,0.3333333333333333,1,0,0,0.4647693450637814,0.86095150889188,1.2411720777243385,Loyal Regulars,0
13029,3,1247.5,134,8,7.388,United Kingdom,31,415.8333333333333,44.666666666666664,322,0.27950310559006214,0.0,0.0,1,0,0,0.015839911815505644,-1.1158617057272275,-1.1486469220728401,Loyal Regulars,0
13030,2,752.4399999999999,348,76,3.3126086956521736,United Kingdom,11,376.21999999999997,174.0,356,0.16853932584269662,0.0,0.0,1,0,0,0.1515781737301551,-1.0957651420720582,-1.6576518370588929,Loyal Regulars,0
13032,2,1010.18,375,55,3.81943661971831,United Kingdom,52,505.09,187.5,34,1.7647058823529411,1.0,0.3333333333333333,1,0,0,0.33355767382894086,0.12032226920259899,1.5010890425291576,Loyal Regulars,0
13033,1,190.55,83,11,2.640909090909091,United Kingdom,357,190.55,83.0,0,1.0,0.0,0.0,1,1,1,-2.333377521125458,-0.22043837645228087,0.6693064127054681,Hibernating / At-Risk,0
13034,2,642.77,369,37,2.3721621621621622,United Kingdom,55,321.385,184.5,314,0.19108280254777069,0.0,0.0,1,0,0,-0.36641128346316826,-1.3753342304189604,-1.2194743935758303,Loyal Regulars,0
13035,2,921.88,644,23,1.8218518518518518,United Kingdom,74,460.94,322.0,186,0.3225806451612903,1.0,0.3333333333333333,1,0,0,0.14377996143650218,-1.6202496674019102,-0.5965579466871639,Loyal Regulars,0
13037,3,881.07,431,44,3.8214583333333336,United Kingdom,138,293.69,143.66666666666666,118,0.7627118644067797,0.0,0.0,1,0,1,-0.1265093250729252,-0.5623175649295327,0.1282099053746843,Loyal Regulars,0
13038,3,908.46,360,24,2.7582142857142857,United Kingdom,80,302.82,120.0,210,0.42857142857142855,0.0,0.0,1,0,0,-0.09547924991717074,-0.9064432755876479,-0.6646424103362332,Loyal Regulars,0
13040,2,676.99,355,38,2.8039534883720934,United Kingdom,9,338.495,177.5,24,2.0,0.0,0.0,1,0,0,0.3925188185540979,1.1525455527103394,0.933064300616426,Loyal Regulars,0
13043,1,516.42,254,13,5.680000000000001,United Kingdom,273,516.42,254.0,0,1.0,1.0,0.5,1,1,1,-0.9023137522782818,-1.1957715091452283,1.1912766764927023,Hibernating / At-Risk,0
13044,1,560.47,429,33,3.258787878787879,United Kingdom,291,560.47,429.0,0,1.0,0.0,0.0,1,0,1,-0.6368116160497092,-1.3383385729593016,1.2748812721087839,Loyal Regulars,0
13045,1,305.28000000000003,221,18,1.5705555555555555,United Kingdom,99,305.28000000000003,221.0,0,1.0,0.0,0.0,1,1,1,-1.1869713970183622,-0.4048054469454816,0.5328820719256434,Hibernating / At-Risk,0
13046,2,629.31,264,33,6.142857142857143,United Kingdom,31,314.655,132.0,235,0.25531914893617025,0.0,0.0,1,0,0,-0.35921193341181246,-1.0610194099242476,-1.2906119760778938,Loyal Regulars,0
13047,9,3232.59,1390,105,3.9260818713450294,United Kingdom,57,359.1766666666667,154.44444444444446,317,0.8517350157728707,8.0,0.47058823529411764,1,2,2,1.8720656321220441,-0.14746134684051812,-0.07948018014092277,Champions (High-Value),1
13048,4,1819.41,1228,77,1.8335555555555556,United Kingdom,14,454.8525,307.0,312,0.3846153846153846,1.0,0.2,1,0,2,1.4669373825220369,-0.9257349243337778,-1.1134364865057322,Loyal Regulars,0
13049,2,656.6800000000001,268,14,3.9335714285714287,United Kingdom,64,328.34000000000003,134.0,253,0.23715415019762845,0.0,0.0,1,0,0,-0.4998080181692887,-1.3314133982774332,-1.064882621909956,Loyal Regulars,0
13050,17,5833.11,3747,245,2.9869900497512436,United Kingdom,15,343.1241176470588,220.41176470588235,351,1.4529914529914532,11.0,0.39285714285714285,1,2,2,3.3200272337736796,1.040544157580321,0.17486066672481412,Champions (High-Value),1
13052,1,348.15000000000003,222,18,3.2938888888888886,United Kingdom,212,348.15000000000003,222.0,0,1.0,0.0,0.0,1,1,1,-1.2569012925239074,-0.7386322131274324,0.8697952115917048,Hibernating / At-Risk,0
13055,3,1214.41,894,74,2.4710526315789476,United Kingdom,78,404.80333333333334,298.0,135,0.6666666666666666,1.0,0.25,1,0,0,0.5858752781073769,-0.9057589139042337,-0.023938002322130048,Loyal Regulars,0
13058,3,271.40000000000003,52,5,5.825,United Kingdom,25,90.46666666666668,17.333333333333332,127,0.7086614173228346,0.0,0.0,1,1,1,-1.6244688022473763,1.1350724564332317,-1.283155881466326,Hibernating / At-Risk,0
13059,1,183.4,35,8,5.21875,United Kingdom,250,183.4,35.0,0,1.0,0.0,0.0,1,1,1,-2.611421837101994,-0.010068055313857982,0.5027918766797861,Hibernating / At-Risk,0
13060,1,307.53,123,15,3.982666666666667,United Kingdom,254,307.53,123.0,0,1.0,0.0,0.0,1,1,1,-1.6492397341691396,-0.617286936906583,0.8434715419903186,Hibernating / At-Risk,0
13061,1,248.61,107,10,3.403,United Kingdom,72,248.61,107.0,0,1.0,0.0,0.0,1,1,1,-1.5805620490221548,-0.05787423383617498,0.285535634495476,Hibernating / At-Risk,0
13062,1,346.98,343,11,6.819090909090908,United Kingdom,191,346.98,343.0,0,1.0,0.0,0.0,1,1,1,-1.0627820280941804,-0.7458238049143828,0.8435102714771205,Hibernating / At-Risk,0
13064,4,1105.59,514,51,3.5052941176470584,United Kingdom,13,276.3975,128.5,314,0.38216560509554137,0.0,0.0,1,0,0,0.6785985585105974,-0.35799932932732054,-1.4574732177102672,Loyal Regulars,0
13065,1,205.86,74,14,5.222142857142857,United Kingdom,373,205.86,74.0,0,1.0,0.0,0.0,1,1,1,-2.314833948585613,-0.292769400576301,0.722914571511921,Hibernating / At-Risk,0
13066,2,470.8,322,48,3.1733333333333333,United Kingdom,24,235.4,161.0,7,2.0,1.0,0.3333333333333333,1,1,0,-0.21783507563699947,1.2546279570732952,1.0322205716875683,Hibernating / At-Risk,0
13067,1,115.46000000000001,32,14,3.86,United Kingdom,82,115.46000000000001,32.0,0,1.0,0.0,0.0,1,1,1,-2.790161819033453,0.7415485438139475,-0.1500080896713966,Hibernating / At-Risk,0
13068,2,344.0,200,1,1.72,United Kingdom,10,172.0,100.0,309,0.1941747572815534,0.0,0.0,1,0,1,-0.7699888237770125,-0.27745184533246675,-2.160781632622398,Loyal Regulars,0
13069,24,4431.44,5873,281,1.7088679245283018,United Kingdom,1,184.64333333333332,244.70833333333334,368,1.9565217391304346,3.0,0.1111111111111111,1,2,2,3.8888584750842288,2.722397208108338,-0.4142892703512773,Champions (High-Value),1
13070,1,228.8,110,9,2.08,United Kingdom,192,228.8,110.0,0,1.0,0.0,0.0,1,1,1,-1.8958344873516664,-0.24919364305704744,0.5715244544275444,Hibernating / At-Risk,0
13072,1,177.15,69,7,3.3500000000000005,United Kingdom,267,177.15,69.0,0,1.0,0.0,0.0,1,1,1,-2.3985211929208843,-0.05500433619052993,0.5224083728921862,Hibernating / At-Risk,0
13075,1,919.61,485,22,2.0395454545454546,United Kingdom,130,919.61,485.0,0,1.0,0.0,0.0,1,0,0,0.07719953127566048,-1.6008219440429055,1.2937569569323426,Loyal Regulars,0
13077,4,728.02,862,99,1.7603603603603604,United Kingdom,1,182.005,215.5,365,0.32876712328767127,0.0,0.0,1,0,0,0.9801728205134803,0.4390804204220793,-2.473505129235004,Loyal Regulars,0
13078,26,12627.94,5630,95,3.9574301675977654,United Kingdom,3,485.69,216.53846153846155,363,2.1487603305785123,17.0,0.3953488372093023,1,2,2,4.701158328923076,1.7895418837891182,0.5584827936521386,Champions (High-Value),1
13079,5,220.10000000000002,62,2,4.166666666666667,United Kingdom,4,44.02,12.4,136,1.1029411764705883,0.0,0.0,1,1,1,-1.2315872678071096,2.882021482416994,-1.7374900017358188,Hibernating / At-Risk,0
13080,1,58.08,120,6,0.5783333333333333,United Kingdom,179,58.08,120.0,0,1.0,0.0,0.0,1,1,1,-3.108936624749253,1.0596162151660546,-0.24949273113474493,Hibernating / At-Risk,0
13081,11,28337.38,19068,503,2.3001953125,United Kingdom,12,2576.1254545454544,1733.4545454545455,359,0.9192200557103064,10.0,0.47619047619047616,1,2,2,4.822514488964242,-1.3977286523530317,0.5330731814776833,Champions (High-Value),1
13082,9,3613.63,4324,63,2.9687671232876713,United Kingdom,126,401.51444444444445,480.44444444444446,212,1.2735849056603774,1.0,0.1,1,2,0,2.285042950128125,-0.102979050587652,0.8908379620797162,Champions (High-Value),1
13083,2,303.75,187,15,3.4066666666666667,United Kingdom,4,151.875,93.5,71,0.8450704225352113,0.0,0.0,1,1,1,-0.5755399419927696,1.0532548789191702,-1.2266816972762404,Hibernating / At-Risk,0
13085,2,416.08000000000004,216,17,4.003636363636364,United Kingdom,158,208.04000000000002,108.0,137,0.43795620437956206,1.0,0.3333333333333333,1,1,1,-1.1906606748307846,-0.7808370432109316,-0.5866628617982926,Hibernating / At-Risk,0
13089,97,58762.08,31025,636,2.7379547960308708,United Kingdom,3,605.7946391752578,319.8453608247423,366,7.950819672131148,21.0,0.17796610169491525,1,2,2,5.468198246632803,2.540327941548495,1.9266469192044233,Champions (High-Value),1
13090,13,8895.82,2262,97,4.466558441558441,United Kingdom,9,684.2938461538462,174.0,364,1.0714285714285714,4.0,0.23529411764705882,1,2,2,3.540981088919168,0.06969659928697239,-0.03666131200901157,Champions (High-Value),1
13091,1,345.82,466,21,0.9933333333333333,United Kingdom,28,345.82,466.0,0,1.0,1.0,0.5,1,0,1,-0.46133478735678046,-0.24941206645495734,0.20031606794242135,Loyal Regulars,0
13092,5,477.83,279,19,5.018,United Kingdom,71,95.566,55.8,288,0.5208333333333334,1.0,0.16666666666666666,1,1,1,-0.7130418622696065,0.5432688438825619,-1.2897710888572427,Hibernating / At-Risk,0
13093,8,7832.47,3961,97,3.273647798742138,United Kingdom,276,979.05875,495.125,97,2.4742268041237114,5.0,0.38461538461538464,1,2,0,2.887147262787943,-0.2339258227093047,2.9557859056629567,Champions (High-Value),1
13094,12,1927.3200000000002,1716,4,1.2525000000000002,United Kingdom,21,160.61,143.0,347,1.037463976945245,4.0,0.25,1,2,2,1.7918489607018988,1.1899719680065453,-0.6554989635861163,Champions (High-Value),1
13095,1,74.39999999999999,144,6,0.6933333333333334,United Kingdom,71,74.39999999999999,144.0,0,1.0,0.0,0.0,1,1,1,-2.575831072841938,1.062794912922568,-0.4159416292859824,Hibernating / At-Risk,0
13097,10,6003.22,2360,214,4.253230403800475,United Kingdom,33,600.322,236.0,327,0.9174311926605504,4.0,0.2857142857142857,1,2,2,2.8174725192868606,-0.41977813415999604,0.13411457430849139,Champions (High-Value),1
13098,28,28882.44,15968,156,2.7601223776223778,United Kingdom,1,1031.5157142857142,570.2857142857143,316,2.6582278481012658,13.0,0.3170731707317073,1,2,2,5.777035963566447,1.617595292230244,1.1856466372278816,Champions (High-Value),1
13099,1,207.35999999999999,288,1,0.72,United Kingdom,99,207.35999999999999,288.0,0,1.0,0.0,0.0,1,1,1,-1.4418799100805806,-0.06058647533710831,0.3130868839585151,Hibernating / At-Risk,0
13101,1,101.19,113,8,2.9675,United Kingdom,234,101.19,113.0,0,1.0,0.0,0.0,1,1,1,-2.690431828852319,0.4681736972204855,0.16297176001402053,Hibernating / At-Risk,0
13102,24,6424.09,4204,140,2.5820394736842105,United Kingdom,1,267.67041666666665,175.16666666666666,363,1.9834710743801653,3.0,0.1111111111111111,1,2,2,4.105014727385592,2.419954448425118,-0.1786313853295727,Champions (High-Value),1
13103,1,243.94,82,8,3.9675,United Kingdom,40,243.94,82.0,0,1.0,0.0,0.0,1,1,1,-1.5540265432515463,0.14277174054120428,0.06938915005738702,Hibernating / At-Risk,0
13104,6,1098.48,504,14,2.1715,United Kingdom,3,183.08,84.0,351,0.5128205128205129,0.0,0.0,1,0,2,1.0464028639330079,0.7183845963112749,-1.9369120722116981,Loyal Regulars,0
13106,1,76.5,18,1,4.25,United Kingdom,133,76.5,18.0,0,1.0,1.0,0.5,1,1,1,-3.509481810751172,1.0482447250909943,-0.23959493569156828,Hibernating / At-Risk,0
13107,4,1531.6200000000001,1293,54,1.7613793103448274,United Kingdom,44,382.90500000000003,323.25,289,0.4152249134948097,1.0,0.2,1,0,2,1.0524677970002148,-1.018998638119814,-0.7712779621294004,Loyal Regulars,0
13108,1,350.06,298,10,1.752,United Kingdom,373,350.06,298.0,0,1.0,0.0,0.0,1,1,1,-1.2778194243700873,-0.9223489425823804,1.07034685477643,Hibernating / At-Risk,0
13109,2,786.54,520,41,2.6465957446808512,United Kingdom,60,393.27,260.0,97,0.6185567010309279,3.0,0.6,1,0,0,0.027579559288967628,-0.9317088398282952,-0.1699988291052842,Loyal Regulars,0
13110,7,1488.67,388,109,4.7364137931034485,United Kingdom,31,212.66714285714286,55.42857142857143,279,0.7526881720430108,1.0,0.125,1,0,1,0.7550398873905022,0.41546264253913195,-0.7368667340834714,Loyal Regulars,0
13113,24,12245.960000000001,3045,95,3.45205,United Kingdom,1,510.2483333333334,126.875,365,1.9726027397260275,16.0,0.4,1,2,2,4.576818854250077,1.8259598339577046,0.18083969264925254,Champions (High-Value),1
13115,4,2294.78,1567,88,2.5444999999999998,United Kingdom,12,573.695,391.75,172,0.6976744186046512,10.0,0.7142857142857143,1,0,2,1.878491007037006,-0.6641166455716231,-0.4179626548942112,Loyal Regulars,0
13116,1,501.14,291,30,4.5216666666666665,United Kingdom,138,501.14,291.0,0,1.0,1.0,0.5,1,1,1,-0.7030371955100755,-0.9923700913564505,0.9440843247658662,Hibernating / At-Risk,0
13117,8,984.91,945,66,2.4343421052631578,United Kingdom,22,123.11375,118.125,350,0.6857142857142857,0.0,0.0,1,0,1,0.8098319724886042,0.903528896747197,-1.288203987622268,Loyal Regulars,0
13118,5,1197.81,410,68,3.588354430379747,United Kingdom,20,239.56199999999998,82.0,269,0.5576208178438662,2.0,0.2857142857142857,1,0,0,0.6132773970479634,0.03046590907415792,-1.0949903618444454,Loyal Regulars,0
13120,1,30.599999999999998,12,1,2.55,United Kingdom,239,30.599999999999998,12.0,0,1.0,0.0,0.0,1,1,1,-4.234997997219595,1.4283932049614922,-0.3643833572092167,Hibernating / At-Risk,0
13121,1,283.73,252,50,1.6887999999999999,United Kingdom,269,283.73,252.0,0,1.0,1.0,0.5,1,1,1,-1.4578918424405887,-0.6205043820559957,0.8345210397768977,Hibernating / At-Risk,0
13122,2,922.39,585,54,2.6365454545454545,United Kingdom,94,461.195,292.5,146,0.4109589041095891,0.0,0.0,1,0,0,0.06599526939413905,-1.529575864417646,-0.3265449536616285,Loyal Regulars,0
13124,3,3756.33,2119,185,3.145585585585586,United Kingdom,90,1252.11,706.3333333333334,269,0.3345724907063197,0.0,0.0,1,0,2,1.8708451440179017,-2.6066900267461257,0.05458217354398625,Loyal Regulars,0
13126,8,2099.64,2143,124,2.100142857142857,United Kingdom,5,262.455,267.875,361,0.6648199445983379,2.0,0.2,1,2,2,2.1748870386121966,0.4523502037799267,-1.3220471140288939,Champions (High-Value),1
13127,1,259.17,127,15,2.8853333333333335,United Kingdom,78,259.17,127.0,0,1.0,0.0,0.0,1,1,1,-1.4953209804857621,-0.134493263213149,0.34149449759704564,Hibernating / At-Risk,0
13130,1,64.0,32,2,2.25,United Kingdom,94,64.0,32.0,0,1.0,0.0,0.0,1,1,1,-3.367819250641615,1.2613378947971594,-0.44679710006203494,Hibernating / At-Risk,0
13131,3,1073.3,447,30,3.1161363636363633,United Kingdom,23,357.76666666666665,149.0,164,0.5487804878048781,1.0,0.25,1,0,0,0.48109264616547653,-0.5651054188855905,-0.7403765310019106,Loyal Regulars,0
13132,1,77.3,20,3,4.933333333333334,United Kingdom,262,77.3,20.0,0,1.0,0.0,0.0,1,1,1,-3.6332533926298987,0.8436702314901564,0.0006739182211103857,Hibernating / At-Risk,0
13133,2,109.8,32,7,5.3428571428571425,United Kingdom,274,54.9,16.0,30,2.0,0.0,0.0,1,1,1,-3.0760090154821587,2.1771772644734733,0.9472615627523985,Hibernating / At-Risk,0
13134,4,1793.58,1059,94,3.113163265306122,United Kingdom,86,448.395,264.75,154,0.7792207792207791,3.0,0.42857142857142855,1,0,0,1.02271720237653,-0.8105219484825142,0.21851010178549252,Loyal Regulars,0
13135,1,3096.0,4300,1,0.72,United Kingdom,197,3096.0,4300.0,0,1.0,0.0,0.0,1,0,0,1.750154184013828,-2.706035466407683,1.9772811163333173,Loyal Regulars,0
13136,5,2607.61,1328,94,2.8439370078740156,United Kingdom,56,521.522,265.6,156,0.9615384615384615,6.0,0.5454545454545454,1,0,0,1.614045600600814,-0.5647845460721125,0.41607769199518907,Loyal Regulars,0
13137,8,3603.29,2204,345,1.9146724890829696,United Kingdom,11,450.41125,275.5,298,0.8053691275167785,1.0,0.1111111111111111,1,2,2,2.5355392117402173,-0.07053748518350324,-0.5269586144267777,Champions (High-Value),1
13138,6,962.39,473,31,2.8215873015873014,United Kingdom,22,160.39833333333334,78.83333333333333,350,0.5142857142857143,0.0,0.0,1,0,0,0.4509380285409451,0.3700744302241758,-1.4123244668566564,Loyal Regulars,0
13139,7,5064.94,2425,132,3.541235294117647,United Kingdom,16,723.5628571428571,346.42857142857144,243,0.8641975308641976,1.0,0.125,1,2,2,2.795228815888259,-0.6007370608212005,-0.005351739188868894,Champions (High-Value),1
13140,3,422.47,185,40,2.986444444444445,United Kingdom,108,140.82333333333335,61.666666666666664,258,0.3488372093023256,0.0,0.0,1,1,1,-1.160961679361156,-0.3318023161801671,-1.1980538543589017,Hibernating / At-Risk,0
13141,5,2388.75,1548,113,2.202444444444444,United Kingdom,85,477.75,309.6,230,0.6521739130434783,1.0,0.16666666666666666,1,0,2,1.4343252832066649,-1.0001883054080338,0.003040045927896373,Loyal Regulars,0
13142,1,307.09,258,23,2.9969565217391305,United Kingdom,19,307.09,258.0,0,1.0,0.0,0.0,1,1,1,-0.7085092549881314,0.019075076573357542,-0.012411394828824977,Hibernating / At-Risk,0
13144,1,110.95,21,3,6.216666666666666,United Kingdom,333,110.95,21.0,0,1.0,0.0,0.0,1,1,1,-3.3432348649898724,0.43218772982620035,0.2943552461684632,Hibernating / At-Risk,0
13145,4,618.52,145,5,51.71,United Kingdom,40,154.63,36.25,332,0.3614457831325301,1.0,0.2,1,0,1,-0.6367749341571088,-0.02286284797076669,-1.506211557087898,Loyal Regulars,0
13146,1,228.91,154,16,2.027058823529412,United Kingdom,26,228.91,154.0,0,1.0,0.0,0.0,1,1,1,-1.2600907025720913,0.2621513345989655,-0.09501346082045806,Hibernating / At-Risk,0
13147,4,712.8000000000001,144,1,4.95,United Kingdom,10,178.20000000000002,36.0,89,1.348314606741573,0.0,0.0,1,1,0,-0.0020844384129368337,1.4501776892719676,-0.2655094814830484,Hibernating / At-Risk,0
13148,12,3683.26,1965,231,3.4928846153846154,United Kingdom,29,306.93833333333333,163.75,335,1.0746268656716418,5.0,0.29411764705882354,1,2,2,2.3728814950137744,0.5175678937621498,-0.11252818070416006,Champions (High-Value),1
13149,4,1676.06,1280,76,2.881860465116279,United Kingdom,14,419.015,320.0,274,0.43795620437956206,0.0,0.0,1,0,2,1.4186428367344612,-0.7649354004038706,-1.0489222295739968,Loyal Regulars,0
13151,1,1257.8700000000001,363,73,5.689324324324324,United Kingdom,296,1257.8700000000001,363.0,0,1.0,1.0,0.5,1,0,0,0.045134816542161324,-2.099203519159723,1.7514868998071706,Loyal Regulars,0
13153,1,486.22,418,15,1.278,United Kingdom,6,486.22,418.0,0,1.0,0.0,0.0,1,0,1,0.1766183625416828,-0.17274215441617008,-0.09070013882906153,Loyal Regulars,0
13155,4,971.76,497,67,2.912,United Kingdom,33,242.94,124.25,335,0.35820895522388063,0.0,0.0,1,0,0,0.31281690749043684,-0.5165419153297266,-1.280872377372607,Loyal Regulars,0
13157,4,1741.22,1439,69,1.8683908045977013,United Kingdom,49,435.305,359.75,248,0.48387096774193544,1.0,0.2,1,0,2,1.2014810913751668,-1.0717191001431412,-0.5171241497931544,Loyal Regulars,0
13158,4,1201.06,784,59,2.0106329113924053,United Kingdom,95,300.265,196.0,224,0.5357142857142857,0.0,0.0,1,0,0,0.4609190377321156,-0.7646295899240525,-0.42551501314925066,Loyal Regulars,0
13159,4,1429.35,1058,114,2.684083333333333,United Kingdom,9,357.3375,264.5,106,1.1320754716981132,1.0,0.2,1,0,2,1.4214802971918248,0.4149235625926805,-0.12358208238828693,Loyal Regulars,0
13160,1,91.8,56,4,3.025,United Kingdom,22,91.8,56.0,0,1.0,0.0,0.0,1,1,1,-2.4577240307455246,1.2628363138125325,-0.7101407673655249,Hibernating / At-Risk,0
13161,1,112.75,29,8,4.8625,United Kingdom,313,112.75,29.0,0,1.0,0.0,0.0,1,1,1,-3.190455987899652,0.4060640541146606,0.29064807067066506,Hibernating / At-Risk,0
13162,4,1688.29,1713,74,1.4626582278481013,United Kingdom,122,422.0725,428.25,212,0.5660377358490566,1.0,0.2,1,0,0,1.0274449229901839,-1.182890600681819,-0.062370590256876746,Loyal Regulars,0
13165,2,1021.48,1376,40,0.800952380952381,United Kingdom,46,510.74,688.0,305,0.19672131147540986,0.0,0.0,1,0,0,0.6265147861476881,-1.8858499388746695,-0.9722641235997993,Loyal Regulars,0
13166,1,417.2,216,39,2.3914634146341465,United Kingdom,283,417.2,216.0,0,1.0,1.0,0.5,1,1,1,-1.1732832884589204,-0.9877902660621313,1.0740852580289684,Hibernating / At-Risk,0
13167,4,779.33,773,50,2.97875,United Kingdom,19,194.8325,193.25,125,0.96,0.0,0.0,1,0,0,0.5310041629177348,0.6373063835810736,-0.49784309996820897,Loyal Regulars,0
13168,4,1299.59,670,102,3.1714285714285717,United Kingdom,36,324.8975,167.5,281,0.4270462633451957,1.0,0.2,1,0,0,0.6939339183789426,-0.7305112374028363,-0.9275451721928621,Loyal Regulars,0
13169,2,712.88,272,11,3.7823076923076924,United Kingdom,64,356.44,136.0,188,0.3191489361702128,0.0,0.0,1,0,0,-0.3978315275616278,-1.2644305617828335,-0.8268139179653059,Loyal Regulars,0
13170,1,108.81,141,29,1.576,United Kingdom,27,108.81,141.0,0,1.0,0.0,0.0,1,1,1,-1.9920248550323392,0.9657869280487907,-0.5196528190247452,Hibernating / At-Risk,0
13171,3,468.41,229,37,4.0445652173913045,United Kingdom,22,156.13666666666668,76.33333333333333,277,0.3249097472924188,2.0,0.4,1,0,1,-0.5886620103075227,-0.06113489031989481,-1.719379865305532,Loyal Regulars,0
13173,2,353.65,277,41,2.6467441860465115,United Kingdom,4,176.825,138.5,363,0.1652892561983471,0.0,0.0,1,0,1,-0.414677596589524,-0.11569924822106654,-2.406916248430255,Loyal Regulars,0
13174,3,2738.82,1351,227,3.495205479452055,United Kingdom,16,912.94,450.3333333333333,352,0.2556818181818182,0.0,0.0,1,0,2,1.8106398486308355,-1.9417124140867337,-0.8990747459640837,Loyal Regulars,0
13176,1,481.49,448,66,2.8153731343283583,United Kingdom,46,481.49,448.0,0,1.0,0.0,0.0,1,0,0,-0.2930461589038266,-0.6942320802353431,0.5594173195669271,Loyal Regulars,0
13177,1,282.45,91,17,3.514705882352941,United Kingdom,65,282.45,91.0,0,1.0,0.0,0.0,1,1,1,-1.499470679894262,-0.13711129312093676,0.32153215435962473,Hibernating / At-Risk,0
13178,11,5725.47,3570,95,2.046566037735849,United Kingdom,26,520.4972727272727,324.54545454545456,334,0.9880239520958084,0.0,0.0,1,2,2,3.019539776747032,-0.13994492118981136,0.06910835995126846,Champions (High-Value),1
13182,1,121.18,201,11,0.6854545454545454,United Kingdom,45,121.18,201.0,0,1.0,0.0,0.0,1,1,1,-1.8810367204100231,0.6953699530447974,-0.2771051094369108,Hibernating / At-Risk,0
13183,9,3957.78,2208,51,2.032659574468085,United Kingdom,8,439.75333333333333,245.33333333333334,326,0.8282208588957055,0.0,0.0,1,2,2,2.715705864990192,0.10216570987249521,-0.6262480426797188,Champions (High-Value),1
13184,10,1667.95,1661,137,1.8555617977528092,United Kingdom,15,166.79500000000002,166.1,275,1.090909090909091,2.0,0.16666666666666666,1,2,2,1.708832661778645,1.2367079590324568,-0.6295130010287865,Champions (High-Value),1
13185,1,71.4,12,1,5.95,United Kingdom,268,71.4,12.0,0,1.0,0.0,0.0,1,1,1,-3.8911650861281393,0.953220782486328,-0.04958729024357508,Hibernating / At-Risk,0
13186,3,1575.89,820,69,3.2486075949367086,United Kingdom,40,525.2966666666667,273.3333333333333,89,1.0112359550561798,2.0,0.4,1,0,0,1.0203729179806589,-0.5365963491249498,0.45646264282555066,Loyal Regulars,0
13187,1,236.02,95,37,3.765405405405405,United Kingdom,337,236.02,95.0,0,1.0,0.0,0.0,1,1,1,-2.0677291284396038,-0.4200500590593931,0.7783956785557576,Hibernating / At-Risk,0
13188,1,114.60000000000001,25,2,9.575,United Kingdom,11,114.60000000000001,25.0,0,1.0,0.0,0.0,1,1,1,-2.395513880616647,1.3028418040614653,-0.8248564299409858,Hibernating / At-Risk,0
13189,2,260.68,842,29,0.39172413793103444,United Kingdom,19,130.34,421.0,96,0.625,0.0,0.0,1,0,1,-0.5208576663885339,0.3914488509645402,-1.1756876663045328,Loyal Regulars,0
13192,2,911.94,595,57,2.6287301587301584,United Kingdom,95,455.97,297.5,109,0.5504587155963303,0.0,0.0,1,0,0,0.08856752535712094,-1.3078521397259733,-0.050795962762326355,Loyal Regulars,0
13193,1,112.08,46,22,3.0976,United Kingdom,61,112.08,46.0,0,1.0,0.0,0.0,1,1,1,-2.603636437632522,0.8182285601205664,-0.2582794530858993,Hibernating / At-Risk,0
13194,1,60.7,26,3,2.65,United Kingdom,136,60.7,26.0,0,1.0,0.0,0.0,1,1,1,-3.5891277534175763,1.228298040833641,-0.35696267517820285,Hibernating / At-Risk,0
13196,4,1797.78,1224,97,2.5078181818181817,United Kingdom,11,449.445,306.0,250,0.48,0.0,0.0,1,0,2,1.5323175400403413,-0.7004581873618977,-1.000468809019285,Loyal Regulars,0
13198,6,3401.2400000000002,2648,199,2.379336283185841,United Kingdom,10,566.8733333333333,441.3333333333333,351,0.5128205128205129,2.0,0.25,1,2,2,2.490187330028679,-0.785660503483261,-0.8830200621743852,Champions (High-Value),1
13199,37,9802.12,6175,47,2.5250847457627117,United Kingdom,4,264.9221621621622,166.8918918918919,363,3.0578512396694215,1.0,0.02631578947368421,1,2,2,4.445064041559657,2.911696281642452,1.009509509461584,Champions (High-Value),1
13200,4,870.09,516,42,3.3756521739130436,United Kingdom,19,217.5225,129.0,107,1.1214953271028036,0.0,0.0,1,0,0,0.4989129233826408,0.7496381858646507,-0.21006981933571106,Loyal Regulars,0
13203,4,869.46,800,56,2.3040350877192983,United Kingdom,10,217.365,200.0,232,0.5172413793103449,0.0,0.0,1,0,0,0.7199811428336209,0.11022151549367856,-1.3942620669472496,Loyal Regulars,0
13207,2,250.26000000000002,130,7,2.2912500000000002,United Kingdom,15,125.13000000000001,65.0,135,0.4444444444444444,0.0,0.0,1,1,1,-1.2708917625571095,0.39013747989607717,-1.672667641130565,Hibernating / At-Risk,0
13208,5,1193.17,767,123,2.3343835616438358,United Kingdom,59,238.63400000000001,153.4,249,0.6024096385542168,1.0,0.16666666666666666,1,0,0,0.5956552014641062,-0.2465602929916292,-0.6366140208793393,Loyal Regulars,0
13209,8,5891.61,4253,255,2.2679127725856696,United Kingdom,30,736.45125,531.625,331,0.7250755287009063,3.0,0.2727272727272727,1,2,2,2.994447830842852,-0.9638507333150402,-0.029254736254702294,Champions (High-Value),1
13210,1,353.48,316,22,1.5118181818181817,United Kingdom,94,353.48,316.0,0,1.0,0.0,0.0,1,1,1,-0.897483774858863,-0.5623116766148089,0.6105902577030107,Hibernating / At-Risk,0
13211,3,1095.42,834,45,1.4194545454545453,United Kingdom,10,365.14000000000004,278.0,350,0.2571428571428572,0.0,0.0,1,0,0,0.8804536344881962,-0.9019783160652709,-1.5961204206423603,Loyal Regulars,0
13212,3,786.83,309,128,3.7629078014184403,United Kingdom,20,262.2766666666667,103.0,41,2.1951219512195124,1.0,0.25,1,1,0,0.30601733078749827,1.4539014135650918,1.1603262844809756,Hibernating / At-Risk,0
13213,5,1520.58,1360,82,2.7209999999999996,United Kingdom,57,304.116,272.0,142,1.056338028169014,1.0,0.16666666666666666,1,0,2,1.1321021200205459,0.049990642501848905,0.2454091381210412,Loyal Regulars,0
13216,1,333.74,297,5,1.448,United Kingdom,268,333.74,297.0,0,1.0,0.0,0.0,1,1,1,-1.2418042434552956,-0.7887588236583876,0.9327510030499994,Hibernating / At-Risk,0
13217,3,533.98,262,3,2.38,United Kingdom,122,177.99333333333334,87.33333333333333,34,2.6470588235294117,2.0,0.4,1,1,0,-0.5304301217991059,1.6524565396268185,1.9266943458932386,Hibernating / At-Risk,0
13218,1,62.63999999999999,88,5,0.9299999999999999,United Kingdom,127,62.63999999999999,88.0,0,1.0,0.0,0.0,1,1,1,-3.0732899272600562,1.1101524503656177,-0.3308750810830621,Hibernating / At-Risk,0
13220,4,819.2900000000001,196,18,4.531904761904762,United Kingdom,78,204.82250000000002,49.0,158,0.759493670886076,0.0,0.0,1,0,1,-0.3466118175955263,0.08801056019715667,-0.3511963829514268,Loyal Regulars,0
13221,2,844.86,243,61,5.052307692307692,United Kingdom,240,422.43,121.5,119,0.5042016806722689,0.0,0.0,1,0,0,-0.5792242601007244,-1.4774264698540605,0.10768337129247035,Loyal Regulars,0
13223,2,163.20000000000002,88,5,1.9600000000000002,United Kingdom,200,81.60000000000001,44.0,31,1.9354838709677418,0.0,0.0,1,1,1,-2.2469631891966126,1.7514345747663886,1.0312642594779315,Hibernating / At-Risk,0
13224,2,2152.95,1515,100,2.3265420560747665,United Kingdom,60,1076.475,757.5,91,0.6593406593406593,1.0,0.3333333333333333,1,0,2,1.3923536062708142,-1.9312682687009834,0.5230776433245492,Loyal Regulars,0
13225,7,6463.84,3416,23,2.3603125,United Kingdom,3,923.4057142857143,488.0,358,0.5865921787709497,1.0,0.125,1,2,2,3.4777647018799955,-0.8337819578190988,-0.826139009161171,Champions (High-Value),1
13226,1,108.21000000000001,80,16,2.711875,United Kingdom,273,108.21000000000001,80.0,0,1.0,0.0,0.0,1,1,1,-2.8024392936080993,0.3931593553420247,0.24586440475166899,Hibernating / At-Risk,0
13227,1,257.7,99,9,2.5999999999999996,United Kingdom,202,257.7,99.0,0,1.0,0.0,0.0,1,1,1,-1.839546173320737,-0.36686596629326873,0.655854095943875,Hibernating / At-Risk,0
13228,1,358.0,200,2,1.79,United Kingdom,81,358.0,200.0,0,1.0,0.0,0.0,1,1,1,-1.0273544091076898,-0.4928915778146721,0.5555817450209356,Hibernating / At-Risk,0
13229,1,160.95,63,10,4.0600000000000005,United Kingdom,226,160.95,63.0,0,1.0,0.0,0.0,1,1,1,-2.480051139242354,0.08985679479938716,0.40693169307739735,Hibernating / At-Risk,0
13230,14,2755.63,1638,393,2.4167461669505963,United Kingdom,4,196.8307142857143,117.0,360,1.1666666666666667,1.0,0.06666666666666667,1,2,2,2.5269374282933885,1.6071650605062453,-0.8973411114324538,Champions (High-Value),1
13232,7,1327.75,771,146,3.227860696517413,United Kingdom,13,189.67857142857142,110.14285714285714,230,0.9130434782608695,0.0,0.0,1,0,2,1.1575338479128332,0.8902044221000202,-0.8113736690981658,Loyal Regulars,0
13233,2,605.12,1004,43,0.737906976744186,United Kingdom,74,302.56,502.0,261,0.2298850574712644,0.0,0.0,1,0,0,-0.09534909183489085,-1.4249854834674056,-1.0466205732016953,Loyal Regulars,0
13235,1,1031.07,441,53,2.7143103448275863,United Kingdom,212,1031.07,441.0,0,1.0,1.0,0.5,1,0,0,0.021743895400082626,-1.8353533628118657,1.5254860865742177,Loyal Regulars,0
13236,2,744.85,416,34,4.0344444444444445,United Kingdom,25,372.425,208.0,82,0.7317073170731707,1.0,0.3333333333333333,1,0,0,0.1286745679983684,-0.4705768711551641,-0.3011621075772606,Loyal Regulars,0
13238,4,700.73,298,20,4.110645161290323,United Kingdom,17,175.1825,74.5,343,0.3498542274052478,1.0,0.2,1,0,0,-0.030569583797563374,0.0013818482870531922,-1.7224294140444465,Loyal Regulars,0
13239,1,329.56,327,21,1.590952380952381,United Kingdom,262,329.56,327.0,0,1.0,0.0,0.0,1,1,1,-1.2099642891058102,-0.7791709459852251,0.9201182913277237,Hibernating / At-Risk,0
13240,4,648.7,297,58,3.1369696969696967,United Kingdom,96,162.175,74.25,269,0.44609665427509293,0.0,0.0,1,0,1,-0.5136156210975154,-0.23178393725137988,-0.9857785551869823,Loyal Regulars,0
13242,3,270.40000000000003,130,12,2.08,United Kingdom,112,90.13333333333334,43.333333333333336,101,0.8910891089108911,0.0,0.0,1,1,1,-1.6166047918962476,0.884018465328505,-0.4574243589651463,Hibernating / At-Risk,0
13243,1,585.12,232,56,3.4185964912280706,United Kingdom,203,585.12,232.0,0,1.0,0.0,0.0,1,1,1,-0.7461654773302183,-1.2254601630763384,1.1609532698873142,Hibernating / At-Risk,0
13244,1,121.74000000000001,38,27,3.747777777777778,United Kingdom,93,121.74000000000001,38.0,0,1.0,0.0,0.0,1,1,1,-2.707364941922456,0.6420729251413543,-0.07198446145657617,Hibernating / At-Risk,0
13245,1,430.5,125,16,6.23125,United Kingdom,51,430.5,125.0,0,1.0,0.0,0.0,1,1,1,-0.9232436233544022,-0.501095222155628,0.49516549531977644,Hibernating / At-Risk,0
13246,6,1961.52,1587,110,1.8534558823529412,United Kingdom,18,326.92,264.5,312,0.5769230769230769,1.0,0.14285714285714285,1,0,2,1.6497244508808502,-0.2708469914026909,-0.9093395458282117,Loyal Regulars,0
13247,4,501.12,328,18,2.1075999999999997,United Kingdom,18,125.28,82.0,64,1.875,0.0,0.0,1,1,0,-0.08359460031328904,2.0224147889114357,0.33512735458407505,Hibernating / At-Risk,0
13248,2,465.68,305,25,2.6873076923076926,United Kingdom,125,232.84,152.5,64,0.9375,0.0,0.0,1,1,1,-0.7989430491497787,-0.17395686204850355,0.28889167389916715,Hibernating / At-Risk,0
13249,3,711.41,546,21,3.430869565217391,United Kingdom,92,237.13666666666666,182.0,168,0.5357142857142857,0.0,0.0,1,0,0,-0.17198106688197926,-0.5840356995855766,-0.5361394608768345,Loyal Regulars,0
13253,2,1030.4,1572,35,1.1419444444444444,United Kingdom,157,515.2,786.0,182,0.32967032967032966,0.0,0.0,1,0,0,0.40901234106138906,-1.9995868246948578,-0.2361639640719293,Loyal Regulars,0
13255,2,399.51,177,13,4.96,United Kingdom,9,199.755,88.5,364,0.16483516483516483,1.0,0.3333333333333333,1,0,1,-0.6546768990810672,-0.3824203788359449,-2.109117818285049,Loyal Regulars,0
13258,3,672.83,282,28,3.5644444444444443,United Kingdom,12,224.27666666666667,94.0,193,0.46632124352331605,0.0,0.0,1,0,0,0.006538340613426485,-0.035236156657081796,-1.3984254685457442,Loyal Regulars,0
13259,1,283.18,126,77,2.3665432098765433,United Kingdom,62,283.18,126.0,0,1.0,0.0,0.0,1,1,1,-1.3582312382069364,-0.1557531727824581,0.31550283072263713,Hibernating / At-Risk,0
13260,1,557.62,142,8,4.9675,United Kingdom,61,557.62,142.0,0,1.0,0.0,0.0,1,1,1,-0.6780245355311363,-0.8075494658341531,0.7108331020455376,Hibernating / At-Risk,0
13261,2,944.1,210,8,5.488888888888889,United Kingdom,269,472.05,105.0,17,2.0,0.0,0.0,1,1,1,-0.3485853553613945,-0.025248996766950887,2.2466395237783483,Hibernating / At-Risk,0
13262,1,200.29,125,11,3.092727272727273,United Kingdom,263,200.29,125.0,0,1.0,0.0,0.0,1,1,1,-2.04953489833946,-0.22037512468552772,0.6044861973068063,Hibernating / At-Risk,0
13263,34,7411.71,4761,448,2.2416425992779785,United Kingdom,1,217.9914705882353,140.02941176470588,323,3.157894736842105,0.0,0.0,1,2,2,4.366722701748543,3.4371041251093515,0.6414704235152526,Champions (High-Value),1
13265,5,2092.66,1740,66,2.385111111111111,United Kingdom,53,418.532,348.0,220,0.6818181818181819,0.0,0.0,1,0,2,1.481980976852755,-0.7157576633364696,-0.1789404514898286,Loyal Regulars,0
13266,12,3834.2599999999998,4428,82,1.9028877005347595,United Kingdom,11,319.52166666666665,369.0,245,1.469387755102041,7.0,0.3684210526315789,1,2,2,3.018625877166961,1.0563910192471737,0.13193484026935318,Champions (High-Value),1
13267,19,4521.49,1969,88,3.5107582938388626,United Kingdom,3,237.97315789473683,103.63157894736842,364,1.565934065934066,8.0,0.2962962962962963,1,2,2,3.2170180480898973,1.9742142660302964,-0.4237671785585332,Champions (High-Value),1
13268,10,3152.71,3548,256,1.5558101851851853,United Kingdom,18,315.271,354.8,249,1.2048192771084336,4.0,0.2857142857142857,1,2,2,2.5712916049157277,0.6365805003956972,-0.02087193267418232,Champions (High-Value),1
13269,15,5343.28,3513,177,2.544190476190476,United Kingdom,1,356.21866666666665,234.2,368,1.2228260869565217,2.0,0.11764705882352941,1,2,2,3.6957301637947992,1.31086963761659,-0.783307604974751,Champions (High-Value),1
13270,1,590.0,200,1,2.95,United Kingdom,366,590.0,200.0,0,1.0,0.0,0.0,1,1,1,-0.9470388447043766,-1.3818662747286234,1.3636672946398705,Hibernating / At-Risk,0
13271,1,211.49,240,79,1.2660919540229885,United Kingdom,37,211.49,240.0,0,1.0,1.0,0.5,1,1,1,-1.2472448588206237,0.20355901800273055,-0.012451528832828327,Hibernating / At-Risk,0
13272,2,276.56,96,15,5.339333333333333,United Kingdom,31,138.28,48.0,58,1.0344827586206897,0.0,0.0,1,1,1,-1.3682050390534821,0.9135169769457652,-0.3726671968298937,Hibernating / At-Risk,0
13273,1,138.98,153,16,1.298125,United Kingdom,113,138.98,153.0,0,1.0,0.0,0.0,1,1,1,-2.0936863846901996,0.3398573499158287,0.10754878487938814,Hibernating / At-Risk,0
13276,2,590.9300000000001,161,30,5.097666666666667,United Kingdom,64,295.46500000000003,80.5,36,1.6666666666666667,0.0,0.0,1,1,0,-0.5597145912482635,0.5682546808644894,1.1278091075653065,Hibernating / At-Risk,0
13277,4,258.4,176,5,1.45,United Kingdom,16,64.6,44.0,117,1.0256410256410258,0.0,0.0,1,1,1,-1.0198829423763967,1.9353794713480745,-1.1389642334661645,Hibernating / At-Risk,0
13278,1,542.73,537,46,1.9269565217391305,United Kingdom,41,542.73,537.0,0,1.0,0.0,0.0,1,0,0,-0.08176157972098397,-0.7936429576311169,0.59583320127005,Loyal Regulars,0
13279,1,137.75,73,9,2.6033333333333335,United Kingdom,78,137.75,73.0,0,1.0,1.0,0.5,1,1,1,-2.2964910634936087,0.5152465370729005,-0.04278830383855839,Hibernating / At-Risk,0
13280,3,798.46,518,67,2.568048780487805,United Kingdom,122,266.15333333333336,172.66666666666666,214,0.4205607476635514,0.0,0.0,1,0,0,-0.18121051244420666,-0.9441464802514971,-0.6039681163281982,Loyal Regulars,0
13282,3,1132.14,307,29,4.676216216216217,United Kingdom,18,377.38000000000005,102.33333333333333,202,0.44554455445544555,3.0,0.5,1,0,0,0.42167707155767487,-0.6753955476024703,-1.002787323447445,Loyal Regulars,0
13283,2,93.66,90,7,1.3071428571428572,United Kingdom,60,46.83,45.0,125,0.48,0.0,0.0,1,1,1,-2.6554862247320674,1.0365549280270703,-1.7216644505397314,Hibernating / At-Risk,0
13284,1,201.19,91,13,4.397692307692308,United Kingdom,331,201.19,91.0,0,1.0,1.0,0.5,1,1,1,-2.2279055110466133,-0.2594835454058511,0.6776014964049619,Hibernating / At-Risk,0
13285,4,2709.12,2051,157,2.1348663101604277,United Kingdom,23,677.28,512.75,266,0.45112781954887216,0.0,0.0,1,0,2,1.9331814997339032,-1.3738072910504522,-0.5661698996399968,Loyal Regulars,0
13291,1,361.11,233,41,2.6642857142857146,United Kingdom,156,361.11,233.0,0,1.0,0.0,0.0,1,1,1,-1.125861415815542,-0.6937387280973307,0.7877281024936761,Hibernating / At-Risk,0
13292,2,578.9399999999999,347,29,3.7332258064516126,United Kingdom,39,289.46999999999997,173.5,245,0.2448979591836735,0.0,0.0,1,0,0,-0.38917608366554063,-1.086603971661836,-1.2803930838802042,Loyal Regulars,0
13294,2,873.74,453,48,3.6888888888888887,United Kingdom,190,436.87,226.5,59,1.0169491525423728,0.0,0.0,1,0,0,-0.15315439558694505,-0.831517753753127,0.9299477167039142,Loyal Regulars,0
13295,1,201.20000000000002,82,10,3.4899999999999998,United Kingdom,360,201.20000000000002,82.0,0,1.0,1.0,0.5,1,1,1,-2.2898420062540494,-0.27334016381767623,0.7037002678703079,Hibernating / At-Risk,0
13296,1,87.4,78,5,2.408,United Kingdom,137,87.4,78.0,0,1.0,0.0,0.0,1,1,1,-2.8334490216816386,0.7862693346246051,-0.1147692362029275,Hibernating / At-Risk,0
13297,4,2089.85,963,52,2.977966101694915,United Kingdom,8,522.4625,240.75,59,2.0338983050847457,0.0,0.0,1,2,0,1.8738884240064066,0.8957870174560284,1.1024586686661644,Champions (High-Value),1
13298,1,360.0,96,2,3.75,United Kingdom,1,360.0,96.0,0,1.0,0.0,0.0,1,0,1,-0.3577277507817775,0.5903717246099122,-0.7357137586784612,Loyal Regulars,0
13299,1,142.5,30,5,4.75,United Kingdom,268,142.5,30.0,0,1.0,0.0,0.0,1,1,1,-2.9215642493646343,0.2238213814591358,0.37509683924312304,Hibernating / At-Risk,0
13300,1,371.89,203,20,2.3865,United Kingdom,169,371.89,203.0,0,1.0,1.0,0.5,1,1,1,-1.1729374049714543,-0.7313314861353514,0.8287251934640163,Hibernating / At-Risk,0
13301,4,600.19,343,74,2.55875,United Kingdom,104,150.0475,85.75,188,0.6382978723404256,0.0,0.0,1,0,1,-0.510853822471334,0.09220147874065057,-0.6317790275350494,Loyal Regulars,0
13302,1,63.75,5,1,12.75,United Kingdom,155,63.75,5.0,0,1.0,0.0,0.0,1,1,1,-3.855585167403062,1.2099808006831245,-0.3024444004966817,Hibernating / At-Risk,0
13304,1,300.42,238,21,3.161904761904762,United Kingdom,351,300.42,238.0,0,1.0,0.0,0.0,1,1,1,-1.4951947248527122,-0.7428515566067269,0.9576440269090204,Hibernating / At-Risk,0
13305,10,2000.86,1232,50,3.3620987654320986,United Kingdom,4,200.08599999999998,123.2,368,0.8152173913043478,0.0,0.0,1,2,2,2.0144150480511396,1.0881974605902658,-1.3478004261588925,Champions (High-Value),1
13307,1,15.0,4,1,3.75,United Kingdom,120,15.0,4.0,0,1.0,0.0,0.0,1,1,1,-4.0595617941789675,1.617058085937298,-0.5996084190156671,Hibernating / At-Risk,0
13308,3,1385.51,843,49,3.0190740740740742,United Kingdom,23,461.83666666666664,281.0,180,0.5,1.0,0.25,1,0,0,0.9579108523722708,-0.9384625431378115,-0.6684012975261633,Loyal Regulars,0
13309,5,1456.79,1544,82,1.6181308411214952,United Kingdom,7,291.358,308.8,301,0.4983388704318937,0.0,0.0,1,0,2,1.5516692748604646,-0.09769007995876765,-1.3916189112472468,Loyal Regulars,0
13310,3,1132.03,587,65,3.2480555555555557,United Kingdom,28,377.3433333333333,195.66666666666666,296,0.30405405405405406,3.0,0.5,1,0,0,0.5359520314269473,-1.0851557139575223,-1.1448571385000577,Loyal Regulars,0
13311,2,598.57,305,25,4.1207692307692305,United Kingdom,4,299.285,152.5,145,0.4137931034482759,0.0,0.0,1,0,0,0.1632287781156085,-0.24344257342000913,-1.6027537872686668,Loyal Regulars,0
13313,5,1555.32,851,47,2.132307692307692,United Kingdom,22,311.06399999999996,170.2,317,0.47318611987381703,0.0,0.0,1,0,0,1.1023966228435043,-0.43605060609753465,-1.0560663029899373,Loyal Regulars,0
13314,3,775.94,560,55,3.1879032258064517,United Kingdom,2,258.6466666666667,186.66666666666666,72,1.25,1.0,0.25,1,0,2,0.9165114407491356,1.149143412275812,-0.5362463546930964,Loyal Regulars,0
13316,4,5732.93,5508,66,2.5311627906976746,United Kingdom,37,1433.2325,1377.0,217,0.5529953917050692,1.0,0.2,1,0,2,2.9228638848539963,-2.149605854791043,0.25852730170318133,Loyal Regulars,0
13317,6,2273.68,1035,100,4.001209677419355,United Kingdom,66,378.94666666666666,172.5,292,0.6164383561643836,3.0,0.3333333333333333,1,0,2,1.303687533858722,-0.663784222299429,-0.3278970612434303,Loyal Regulars,0
13318,3,640.76,304,14,2.857,United Kingdom,1,213.58666666666667,101.33333333333333,36,2.5,0.0,0.0,1,2,0,0.7394906955084778,2.5065956451127933,0.5010268586231802,Champions (High-Value),1
13319,26,10845.550000000001,4724,209,3.273970588235294,United Kingdom,5,417.1365384615385,181.69230769230768,360,2.1666666666666665,10.0,0.2777777777777778,1,2,2,4.388461129530901,1.8516084183366786,0.6205467413948452,Champions (High-Value),1
13320,4,1532.2,1086,77,1.8146666666666667,United Kingdom,78,383.05,271.5,135,0.8888888888888888,2.0,0.3333333333333333,1,0,0,0.9293948335274275,-0.4995346513093867,0.2701787157008269,Loyal Regulars,0
13321,2,567.36,372,10,2.1245454545454545,United Kingdom,72,283.68,186.0,14,2.0,0.0,0.0,1,1,0,-0.26245658335774585,0.768940754952718,1.5134217102709278,Hibernating / At-Risk,0
13322,1,199.48000000000002,117,25,2.7704000000000004,United Kingdom,17,199.48000000000002,117.0,0,1.0,0.0,0.0,1,1,1,-1.3911564329852466,0.529210784338528,-0.32201889205177175,Hibernating / At-Risk,0
13323,5,787.85,175,6,4.55,United Kingdom,3,157.57,35.0,81,1.8518518518518516,0.0,0.0,1,2,0,0.5025068126174278,2.3427684169256597,-0.1461546768821094,Champions (High-Value),1
13324,10,7121.95,5205,25,2.7862666666666667,United Kingdom,36,712.1949999999999,520.5,324,0.9259259259259258,2.0,0.16666666666666666,1,2,2,3.2674826788995297,-0.6670980397998297,0.2973174795939137,Champions (High-Value),1
13325,1,675.3,240,12,3.0283333333333338,United Kingdom,82,675.3,240.0,0,1.0,0.0,0.0,1,0,0,-0.36923576329116753,-1.117449289810402,0.9371774163945813,Loyal Regulars,0
13327,8,3627.77,1600,74,2.772222222222222,United Kingdom,39,453.47125,200.0,326,0.7361963190184049,1.0,0.1111111111111111,1,2,2,2.0953010393286857,-0.4690769588317724,-0.23319261558491733,Champions (High-Value),1
13328,1,1308.48,680,17,1.8776470588235292,United Kingdom,316,1308.48,680.0,0,1.0,0.0,0.0,1,0,0,0.31176102260261274,-2.2111508247297365,1.8134549985147033,Loyal Regulars,0
13329,2,789.0,463,16,2.2535294117647062,United Kingdom,32,394.5,231.5,335,0.17910447761194032,2.0,0.5,1,0,0,0.04866373956555776,-1.4452695792285286,-1.2748945762915536,Loyal Regulars,0
13330,3,1140.93,751,37,2.020377358490566,United Kingdom,93,380.31,250.33333333333334,223,0.40358744394618834,0.0,0.0,1,0,0,0.3616008464387223,-1.2707725128334844,-0.5127087025534321,Loyal Regulars,0
13332,1,350.9,179,21,3.0352380952380953,United Kingdom,14,350.9,179.0,0,1.0,0.0,0.0,1,1,1,-0.6542554615367978,0.004069884157085067,-0.042502563688344375,Hibernating / At-Risk,0
13334,3,3502.32,1764,207,2.9054716981132076,United Kingdom,82,1167.44,588.0,223,0.40358744394618834,0.0,0.0,1,0,2,1.7727088264625923,-2.3829080089153187,0.125896149694292,Loyal Regulars,0
13336,1,795.12,559,51,2.5023529411764707,United Kingdom,77,795.12,559.0,0,1.0,0.0,0.0,1,0,0,0.13052017662317683,-1.331969016147854,1.0338836373052531,Loyal Regulars,0
13338,1,437.02,255,18,4.162777777777778,United Kingdom,158,437.02,255.0,0,1.0,2.0,0.6666666666666666,1,1,1,-0.9164965963869931,-0.8870843449017366,0.9064216514427165,Hibernating / At-Risk,0
13339,1,860.12,326,54,5.235555555555556,United Kingdom,201,860.12,326.0,0,1.0,0.0,0.0,1,0,0,-0.2519505711530442,-1.6206775256349024,1.3928251515246977,Loyal Regulars,0
13340,7,10736.48,5770,128,2.760223880597015,United Kingdom,45,1533.782857142857,824.2857142857143,231,0.9090909090909091,0.0,0.0,1,2,2,3.588020804420792,-1.6155352871661677,0.8712087471473992,Champions (High-Value),1
13341,1,775.85,301,42,4.182142857142857,United Kingdom,261,775.85,301.0,0,1.0,0.0,0.0,1,0,0,-0.44579161427414565,-1.5868055266325756,1.4194688111074618,Loyal Regulars,0
13343,1,303.43,134,18,3.823888888888889,United Kingdom,178,303.43,134.0,0,1.0,1.0,0.5,1,1,1,-1.5375841586787657,-0.5146670872187958,0.7162764050074419,Hibernating / At-Risk,0
13344,3,2511.69,952,115,5.069827586206896,United Kingdom,68,837.23,317.3333333333333,209,0.43062200956937796,0.0,0.0,1,0,2,1.2739105666514312,-1.9157698305308535,-0.09280414677743878,Loyal Regulars,0
13345,1,339.5,140,19,3.3105263157894735,United Kingdom,288,339.5,140.0,0,1.0,1.0,0.5,1,1,1,-1.5389039350005127,-0.7574957025587339,0.9478432858308287,Hibernating / At-Risk,0
13347,1,291.36,204,7,1.4514285714285715,United Kingdom,70,291.36,204.0,0,1.0,0.0,0.0,1,1,1,-1.1739169027378356,-0.2588620976406105,0.38579061997570957,Hibernating / At-Risk,0
13348,1,233.76,136,14,2.2057142857142855,United Kingdom,64,233.76,136.0,0,1.0,0.0,0.0,1,1,1,-1.5143062589445384,0.011289867069769898,0.21579734362280784,Hibernating / At-Risk,0
13349,1,197.32,224,15,0.9613333333333334,United Kingdom,11,197.32,224.0,0,1.0,0.0,0.0,1,1,1,-1.0432789749459221,0.5931993266733656,-0.45077187635296107,Hibernating / At-Risk,0
13350,2,879.12,285,35,6.121842105263158,United Kingdom,16,439.56,142.5,63,0.9523809523809523,1.0,0.3333333333333333,1,0,0,0.28023639029495634,-0.2036773118429263,-0.005489638774273889,Loyal Regulars,0
13351,1,323.94,116,15,3.598,United Kingdom,66,323.94,116.0,0,1.0,0.0,0.0,1,1,1,-1.2814714018482554,-0.2933516961944584,0.41337396286712236,Hibernating / At-Risk,0
13352,1,347.97999999999996,320,23,1.77,United Kingdom,60,347.97999999999996,320.0,0,1.0,1.0,0.5,1,1,1,-0.7936260689849154,-0.4264637654041026,0.44955794742104976,Hibernating / At-Risk,0
13354,1,743.53,604,51,1.8486274509803922,United Kingdom,71,743.53,604.0,0,1.0,0.0,0.0,1,0,0,0.11906360848441314,-1.2528810197214135,0.9689883255352565,Loyal Regulars,0
13355,1,674.7,314,32,2.7259375,United Kingdom,122,674.7,314.0,0,1.0,0.0,0.0,1,0,0,-0.36540194408557974,-1.2490487687605698,1.078763155655174,Loyal Regulars,0
13356,1,768.24,325,42,4.316190476190476,United Kingdom,80,768.24,325.0,0,1.0,0.0,0.0,1,0,0,-0.12413854347977087,-1.2608922160179414,1.012478430523749,Loyal Regulars,0
13357,1,609.4,321,85,2.9440449438202245,United Kingdom,257,609.4,321.0,0,1.0,0.0,0.0,1,0,1,-0.6411586185130507,-1.3580241001599167,1.2739639584751021,Loyal Regulars,0
13358,1,389.03,284,28,3.399642857142857,United Kingdom,269,389.03,284.0,0,1.0,0.0,0.0,1,1,1,-1.1179563241167263,-0.931777854170314,1.0228169098955777,Hibernating / At-Risk,0
13359,1,389.56,160,22,3.790909090909091,United Kingdom,64,389.56,160.0,0,1.0,1.0,0.5,1,1,1,-0.9767339426859172,-0.489405022385591,0.5195603999021816,Hibernating / At-Risk,0
13362,4,3090.7400000000002,1382,128,3.499277108433735,United Kingdom,9,772.6850000000001,345.5,278,0.4316546762589928,1.0,0.2,1,0,2,2.120545384712528,-1.2536972759991805,-0.8396331013637734,Loyal Regulars,0
13363,2,892.5,708,46,2.2455172413793103,United Kingdom,18,446.25,354.0,26,2.0,0.0,0.0,1,0,0,0.7561853357364893,0.6504309641918847,1.3337801831673706,Loyal Regulars,0
13364,1,134.95999999999998,71,10,2.598,United Kingdom,71,134.95999999999998,71.0,0,1.0,1.0,0.5,1,1,1,-2.3024266529229727,0.5626724835631041,-0.08732646454069917,Hibernating / At-Risk,0
13365,2,2225.37,1247,122,3.115703125,United Kingdom,34,1112.685,623.5,184,0.32608695652173914,1.0,0.3333333333333333,1,0,2,1.4194625527837073,-2.3041860739430287,-0.31536512858877724,Loyal Regulars,0
13366,1,56.160000000000004,144,1,0.39,United Kingdom,50,56.160000000000004,144.0,0,1.0,0.0,0.0,1,1,1,-2.7454050524591325,1.4223169255115118,-0.6973613585894894,Hibernating / At-Risk,0
13368,2,573.4,326,28,3.3075,United Kingdom,257,286.7,163.0,80,0.75,0.0,0.0,1,1,0,-0.7947038071962204,-0.8077779259958936,0.3582319078454096,Hibernating / At-Risk,0
13369,1,258.28000000000003,148,13,3.2015384615384614,United Kingdom,366,258.28000000000003,148.0,0,1.0,1.0,0.5,1,1,1,-1.8321551637048816,-0.5680056352328018,0.870993579607274,Hibernating / At-Risk,0
13370,1,754.87,343,39,3.7279487179487183,United Kingdom,372,754.87,343.0,0,1.0,1.0,0.5,1,0,0,-0.5084405921321309,-1.667455211939419,1.5253165306263872,Loyal Regulars,0
13372,1,328.64,158,22,4.0213636363636365,United Kingdom,90,328.64,158.0,0,1.0,0.0,0.0,1,1,1,-1.2257695924899714,-0.419003285043642,0.5350092861924944,Hibernating / At-Risk,0
13373,3,3312.25,1651,135,3.27006329113924,United Kingdom,61,1104.0833333333333,550.3333333333334,215,0.41860465116279066,0.0,0.0,1,0,2,1.772750375155835,-2.219046342254711,0.02259020283131257,Loyal Regulars,0
13375,1,778.65,442,37,3.137567567567568,United Kingdom,89,778.65,442.0,0,1.0,1.0,0.5,1,0,0,-0.017874725973891364,-1.3303423309992186,1.0646007059627804,Loyal Regulars,0
13376,3,869.76,490,44,2.7026,United Kingdom,99,289.92,163.33333333333334,135,0.6666666666666666,0.0,0.0,1,0,0,-0.021099098711580017,-0.598741594295321,-0.15456799600412224,Loyal Regulars,0
13379,3,572.56,601,85,1.7503092783505154,United Kingdom,26,190.85333333333332,200.33333333333334,110,0.8181818181818182,0.0,0.0,1,0,0,0.03327243188751506,0.340048875073128,-0.587065263553401,Loyal Regulars,0
13381,6,3639.31,2029,77,3.0504069767441857,United Kingdom,32,606.5516666666666,338.1666666666667,267,0.6741573033707865,1.0,0.14285714285714285,1,0,2,2.1982835351443786,-0.8975135850808287,-0.17366713728190758,Loyal Regulars,0
13382,1,222.99,131,15,2.7520000000000002,United Kingdom,281,222.99,131.0,0,1.0,0.0,0.0,1,1,1,-1.9486084672423005,-0.34478948005279153,0.6912383103092478,Hibernating / At-Risk,0
13384,7,4151.93,2422,123,3.173223684210526,United Kingdom,31,593.1328571428572,346.0,147,1.4285714285714284,2.0,0.2222222222222222,1,2,2,2.529646048630383,0.018573299010395772,0.8760193887197779,Champions (High-Value),1
13385,1,534.57,281,35,4.533142857142857,United Kingdom,330,534.57,281.0,0,1.0,0.0,0.0,1,1,1,-0.8789977341691082,-1.289817973205917,1.2791108211990365,Hibernating / At-Risk,0
13388,2,677.1,282,35,4.5608571428571425,United Kingdom,131,338.55,141.0,0,2.0,1.0,0.3333333333333333,1,1,1,-0.3586461130829033,0.4622247137578696,1.8133831468419643,Hibernating / At-Risk,0
13389,3,797.96,429,50,3.844901960784314,United Kingdom,11,265.9866666666667,143.0,221,0.4072398190045249,0.0,0.0,1,0,0,0.3374033663216876,-0.3070121169534048,-1.4364285556214593,Loyal Regulars,0
13390,1,544.08,224,13,3.060769230769231,United Kingdom,75,544.08,224.0,0,1.0,0.0,0.0,1,0,1,-0.5745845849537822,-0.8809737784169628,0.7781832928993576,Loyal Regulars,0
13391,1,59.8,4,1,14.95,United Kingdom,204,59.8,4.0,0,1.0,0.0,0.0,1,1,1,-3.984174670623519,1.1948503434116748,-0.24566445795996675,Hibernating / At-Risk,0
13394,8,2520.02,2392,124,1.6380000000000001,United Kingdom,2,315.0025,299.0,308,0.7792207792207791,2.0,0.2,1,2,2,2.585885598314553,0.6113998467268567,-1.2539543131730717,Champions (High-Value),1
13395,1,307.72,336,21,2.7238095238095235,United Kingdom,185,307.72,336.0,0,1.0,0.0,0.0,1,1,1,-1.1742225574285734,-0.6208902497640054,0.7616222434301041,Hibernating / At-Risk,0
13396,2,1360.99,600,42,3.8948837209302325,United Kingdom,29,680.495,300.0,290,0.20689655172413796,2.0,0.5,1,0,0,0.6846238666433421,-1.9419027373602342,-0.954565218120061,Loyal Regulars,0
13397,5,1544.13,430,28,4.0,United Kingdom,73,308.826,86.0,266,0.5639097744360902,1.0,0.16666666666666666,1,0,0,0.5465394870582772,-0.5533439849969307,-0.5002956847039105,Loyal Regulars,0
13398,1,457.34,281,26,3.4296153846153845,United Kingdom,192,457.34,281.0,0,1.0,0.0,0.0,1,1,1,-0.8858273248274751,-0.9924820837057601,1.0021972106071315,Hibernating / At-Risk,0
13402,2,621.23,479,32,1.97974358974359,United Kingdom,127,310.615,239.5,244,0.24590163934426232,0.0,0.0,1,0,0,-0.49479394677711674,-1.5012472911750172,-0.8287354855630517,Loyal Regulars,0
13403,1,75.0,44,3,2.9166666666666665,United Kingdom,18,75.0,44.0,0,1.0,0.0,0.0,1,1,1,-2.6878293368425417,1.527483535324526,-0.8994719160726083,Hibernating / At-Risk,0
13404,2,252.49,111,11,2.900909090909091,United Kingdom,1,126.245,55.5,211,0.2843601895734597,0.0,0.0,1,0,1,-0.8280481193451329,0.7004733358763083,-2.7326694920541494,Loyal Regulars,0
13405,2,557.45,163,24,5.2620000000000005,United Kingdom,204,278.725,81.5,113,0.5309734513274337,0.0,0.0,1,1,0,-1.0750781245594108,-0.9608013334958374,-0.15018427131229484,Hibernating / At-Risk,0
13408,62,28117.04,16232,234,2.439100418410042,United Kingdom,2,453.5006451612903,261.80645161290323,371,5.013477088948787,19.0,0.2345679012345679,1,2,2,5.399505181764104,2.8667160757056482,1.6719071639129375,Champions (High-Value),1
13410,5,1003.06,518,15,2.440714285714286,United Kingdom,24,200.612,103.6,267,0.5617977528089887,2.0,0.2857142857142857,1,0,0,0.49652510722494164,0.1363323482595834,-1.1250667456325878,Loyal Regulars,0
13411,1,213.55,72,17,3.263888888888889,United Kingdom,107,213.55,72.0,0,1.0,0.0,0.0,1,1,1,-1.9760460856672433,0.014022818569797374,0.32074711376244586,Hibernating / At-Risk,0
13414,3,1390.5,1574,23,1.8404166666666668,United Kingdom,134,463.5,524.6666666666666,162,0.5555555555555555,0.0,0.0,1,0,0,0.775664084461224,-1.39079194993571,0.05067086366877521,Loyal Regulars,0
13416,2,712.5,142,11,5.455263157894737,United Kingdom,44,356.25,71.0,37,1.6216216216216215,0.0,0.0,1,1,0,-0.34609393390148213,0.463715098847372,1.0577036478764301,Hibernating / At-Risk,0
13417,2,640.83,162,26,6.356428571428571,United Kingdom,5,320.415,81.0,200,0.3,0.0,0.0,1,0,0,-0.09404226508113765,-0.49356832894899133,-1.7643706387183717,Loyal Regulars,0
13418,18,6127.43,3918,223,2.9381578947368423,United Kingdom,12,340.4127777777778,217.66666666666666,360,1.5,5.0,0.21739130434782608,1,2,2,3.4515474828521353,1.166547730268052,0.14383299854151033,Champions (High-Value),1
13419,1,221.06,275,16,1.011875,United Kingdom,64,221.06,275.0,0,1.0,0.0,0.0,1,1,1,-1.2903454177125457,0.001405118298083559,0.20139516887084333,Hibernating / At-Risk,0
13420,2,159.85,101,8,3.5425,United Kingdom,150,79.925,50.5,20,2.0,2.0,0.5,1,1,1,-2.132421245509239,1.8871845679422061,0.9887237196631369,Hibernating / At-Risk,0
13421,2,1823.21,1103,87,2.1281188118811882,United Kingdom,40,911.605,551.5,249,0.24096385542168672,1.0,0.3333333333333333,1,0,2,1.1246459655014958,-2.2980277541761085,-0.577317255445837,Loyal Regulars,0
13422,1,2626.3,1326,127,3.0306299212598424,United Kingdom,64,2626.3,1326.0,0,1.0,1.0,0.5,1,0,0,1.5004064143904576,-2.276960996607498,1.5558862288223279,Loyal Regulars,0
13425,3,1624.21,1123,66,2.634102564102564,United Kingdom,108,541.4033333333333,374.3333333333333,186,0.48387096774193544,0.0,0.0,1,0,0,0.8275210093438131,-1.5573442625397713,-0.07969507401569222,Loyal Regulars,0
13426,10,3641.32,2245,103,1.8858598726114648,United Kingdom,1,364.132,224.5,358,0.8379888268156425,2.0,0.16666666666666666,1,2,2,3.0454958417098905,0.745183848492935,-1.258881847594028,Champions (High-Value),1
13427,3,582.6,545,25,1.6500000000000001,United Kingdom,19,194.20000000000002,181.66666666666666,195,0.46153846153846156,0.0,0.0,1,0,0,0.02024840603443125,-0.08356519489166635,-1.3272693950594316,Loyal Regulars,0
13428,1,201.78,151,70,1.8792957746478873,United Kingdom,10,201.78,151.0,0,1.0,0.0,0.0,1,1,1,-1.1546944790462876,0.6312092763678572,-0.4778325174081283,Hibernating / At-Risk,0
13429,4,1006.8,1390,55,1.2207462686567165,United Kingdom,11,251.7,347.5,64,1.875,0.0,0.0,1,2,0,1.2490383572256114,1.3564535149204955,0.623378582937089,Champions (High-Value),1
13430,2,679.45,751,48,1.6575510204081632,United Kingdom,19,339.725,375.5,67,0.8955223880597015,2.0,0.5,1,0,0,0.3706103340288715,-0.15742101043903153,-0.16288251717232016,Loyal Regulars,0
13431,2,1269.1,672,44,3.2167391304347825,United Kingdom,67,634.55,336.0,21,2.0,0.0,0.0,1,0,0,0.7363978085987851,-0.031780180507310324,1.9771521322912868,Loyal Regulars,0
13434,2,534.24,300,9,1.652,United Kingdom,74,267.12,150.0,22,2.0,0.0,0.0,1,1,0,-0.40967408534302546,0.838039249274386,1.4818211430731203,Hibernating / At-Risk,0
13435,7,3809.8900000000003,2129,68,2.935247524752475,United Kingdom,5,544.2700000000001,304.14285714285717,183,1.1475409836065575,2.0,0.2222222222222222,1,2,2,2.7896759849892807,0.292507320093624,-0.11596699572648665,Champions (High-Value),1
13436,1,196.89,76,12,5.829999999999999,United Kingdom,2,196.89,76.0,0,1.0,0.0,0.0,1,1,1,-1.1123351874896263,1.0736308546730446,-0.9562559211208566,Hibernating / At-Risk,0
13437,7,3408.06,1283,143,4.8889820359281435,United Kingdom,14,486.86571428571426,183.28571428571428,175,1.2,0.0,0.0,1,2,2,2.25948242965242,0.2469843172762172,0.19130263658961283,Champions (High-Value),1
13439,1,283.71,242,54,1.7253703703703704,United Kingdom,255,283.71,242.0,0,1.0,0.0,0.0,1,1,1,-1.4601947402083286,-0.6021416378634677,0.8151366406701345,Hibernating / At-Risk,0
13441,1,296.64,204,13,1.926153846153846,United Kingdom,92,296.64,204.0,0,1.0,0.0,0.0,1,1,1,-1.2263935023168524,-0.35031620397379065,0.4890328035404802,Hibernating / At-Risk,0
13447,3,1129.14,584,55,3.139830508474576,United Kingdom,23,376.38000000000005,194.66666666666666,12,3.0,1.0,0.25,1,2,0,0.927001461624478,1.5290079618974175,2.0981378971941353,Champions (High-Value),1
13448,6,3534.69,1648,137,3.19659793814433,United Kingdom,17,589.115,274.6666666666667,357,0.5042016806722689,4.0,0.4,1,0,2,2.211446352946368,-0.9284369273657896,-0.7205314431478425,Loyal Regulars,0
13449,1,291.88,222,19,1.924736842105263,United Kingdom,24,291.88,222.0,0,1.0,0.0,0.0,1,1,1,-0.8717386678033203,0.019421474801911687,0.03052271893640487,Hibernating / At-Risk,0
13450,6,2043.7199999999998,1982,32,1.5401408450704224,United Kingdom,27,340.61999999999995,330.3333333333333,191,0.9424083769633509,0.0,0.0,1,2,2,1.7405344741260342,0.03920152016131774,-0.1307155975722296,Champions (High-Value),1
13451,5,2898.2599999999998,2128,315,2.0481986143187068,United Kingdom,26,579.6519999999999,425.6,308,0.48701298701298695,1.0,0.16666666666666666,1,0,2,2.003541179647812,-1.1344687922199097,-0.5839841764850616,Loyal Regulars,0
13452,2,590.0,2,1,295.0,United Kingdom,259,295.0,1.0,11,2.0,0.0,0.0,1,1,1,-1.8633704783932457,0.681503419068459,1.885471086422991,Hibernating / At-Risk,0
13453,2,356.97999999999996,134,16,4.546470588235294,United Kingdom,166,178.48999999999998,67.0,123,0.48780487804878053,0.0,0.0,1,1,1,-1.5216442853135752,-0.528248937653225,-0.57129433687595,Hibernating / At-Risk,0
13455,2,1058.34,354,42,4.624347826086956,United Kingdom,25,529.17,177.0,341,0.1759530791788856,2.0,0.5,1,0,0,0.27735759568938834,-1.6354324676439416,-1.1913238439531895,Loyal Regulars,0
13456,6,1766.72,765,43,3.458730158730159,United Kingdom,18,294.4533333333333,127.5,189,0.9523809523809524,1.0,0.14285714285714285,1,0,2,1.3316014755898105,0.3819899596956722,-0.3591238344576472,Loyal Regulars,0
13458,14,9646.57,5508,242,2.4352356020942407,United Kingdom,7,689.0407142857142,393.42857142857144,352,1.1931818181818183,8.0,0.36363636363636365,1,2,2,4.052493735444224,0.20280212763553537,0.06708448808193003,Champions (High-Value),1
13460,2,183.44,286,16,1.06,United Kingdom,29,91.72,143.0,20,2.0,0.0,0.0,1,1,1,-1.1840965138379436,2.109298085908236,0.5408207455646907,Hibernating / At-Risk,0
13461,3,1445.0,1170,14,1.5685185185185186,United Kingdom,39,481.6666666666667,390.0,124,0.7258064516129031,0.0,0.0,1,0,0,1.0384772340155575,-0.8285358086881358,-0.045610452685056556,Loyal Regulars,0
13462,1,151.5,62,9,3.388888888888889,United Kingdom,253,151.5,62.0,0,1.0,1.0,0.5,1,1,1,-2.5710297558640924,0.11773819447810419,0.4097399503895117,Hibernating / At-Risk,0
13464,1,674.68,403,41,3.205609756097561,United Kingdom,58,674.68,403.0,0,1.0,0.0,0.0,1,0,0,-0.07926813299305799,-1.0690210342541457,0.8329271390819973,Loyal Regulars,0
13466,1,307.9,259,17,2.841764705882353,United Kingdom,184,307.9,259.0,0,1.0,1.0,0.5,1,1,1,-1.2744242401258907,-0.596627935897054,0.7533266037045976,Hibernating / At-Risk,0
13467,2,1071.91,580,89,2.729591836734694,United Kingdom,11,535.955,290.0,25,2.0,0.0,0.0,1,0,0,0.9658262887345981,0.6203231561668625,1.2783136911184316,Loyal Regulars,0
13468,37,5704.97,2589,184,4.103245033112583,United Kingdom,2,154.1883783783784,69.97297297297297,371,2.9919137466307277,4.0,0.0975609756097561,1,2,2,3.726036462607815,3.6078411709774785,0.44588792048255566,Champions (High-Value),1
13470,2,165.0,100,7,1.65,United Kingdom,99,82.5,50.0,15,2.0,0.0,0.0,1,1,1,-2.0014765446437734,1.9716632410867052,0.8653608980496627,Hibernating / At-Risk,0
13471,4,2501.84,1583,214,2.4573622047244092,United Kingdom,1,625.46,395.75,46,2.608695652173913,0.0,0.0,1,2,0,2.6757830211608153,1.4900262028900135,1.2168754836795415,Champions (High-Value),1
13473,2,422.64,266,21,3.728095238095238,United Kingdom,61,211.32,133.0,272,0.22058823529411764,1.0,0.3333333333333333,1,0,1,-0.9039951485799149,-0.9291263286337761,-1.3794900212543477,Loyal Regulars,0
13474,1,226.84,129,59,2.362096774193548,United Kingdom,236,226.84,129.0,0,1.0,0.0,0.0,1,1,1,-1.8942147259377804,-0.3118014534270268,0.6411563553480474,Hibernating / At-Risk,0
13475,4,1431.78,1012,64,2.8886046511627907,United Kingdom,191,357.945,253.0,107,1.1214953271028036,0.0,0.0,1,0,0,0.6470823843514705,-0.40808960687743756,0.876487093454444,Loyal Regulars,0
13476,2,1238.47,417,56,8.79551724137931,United Kingdom,179,619.235,208.5,102,0.5882352941176471,2.0,0.5,1,0,0,0.07992638659334025,-1.685947805781708,0.4066929768187377,Loyal Regulars,0
13477,6,1454.58,1021,57,2.530886075949367,United Kingdom,38,242.42999999999998,170.16666666666666,253,0.7114624505928854,2.0,0.25,1,0,2,1.039501922995822,0.042285596001240315,-0.6074844050946206,Loyal Regulars,0
13479,2,300.95,134,14,4.6466666666666665,United Kingdom,201,150.475,67.0,33,1.8181818181818181,1.0,0.3333333333333333,1,1,1,-1.530899425346928,1.0400035894353803,1.2804378309014386,Hibernating / At-Risk,0
13481,5,1804.56,1142,98,2.2855963302752293,United Kingdom,46,360.912,228.4,211,0.7109004739336493,3.0,0.375,1,0,2,1.219470399529506,-0.4593735749335415,-0.27396556223899493,Loyal Regulars,0
13482,1,184.64,116,11,2.439090909090909,United Kingdom,232,184.64,116.0,0,1.0,0.0,0.0,1,1,1,-2.122085365888235,-0.10199291831203458,0.512015278052148,Hibernating / At-Risk,0
13483,1,140.34,160,10,1.0559999999999998,United Kingdom,66,140.34,160.0,0,1.0,0.0,0.0,1,1,1,-1.9310271082526211,0.4730453469963164,-0.0681548760469603,Hibernating / At-Risk,0
13484,1,313.8,44,8,7.5,United Kingdom,241,313.8,44.0,0,1.0,0.0,0.0,1,1,1,-2.0161588932228693,-0.5309094138372116,0.8108175648981494,Hibernating / At-Risk,0
13485,1,454.24,277,23,2.425217391304348,United Kingdom,233,454.24,277.0,0,1.0,0.0,0.0,1,1,1,-0.9471174373844381,-1.0377818357065596,1.0639927959781814,Hibernating / At-Risk,0
13486,3,1122.41,669,69,2.9099999999999997,United Kingdom,78,374.1366666666667,223.0,76,1.1842105263157896,0.0,0.0,1,0,0,0.4823617084146958,-0.18718404931898452,0.720780970812463,Loyal Regulars,0
13487,3,575.4,265,26,4.451176470588235,United Kingdom,58,191.79999999999998,88.33333333333333,295,0.30508474576271183,0.0,0.0,1,0,1,-0.586580145560803,-0.5635941534825432,-1.316128078286707,Loyal Regulars,0
13488,13,8968.31,4518,271,3.4669194312796208,United Kingdom,17,689.87,347.53846153846155,350,1.1142857142857143,4.0,0.23529411764705882,1,2,2,3.6765803235290093,-0.11542399409772866,0.24856106821546334,Champions (High-Value),1
13489,4,449.52,560,11,1.417142857142857,United Kingdom,105,112.38,140.0,189,0.6349206349206349,0.0,0.0,1,1,1,-0.5892265359461929,0.31502643675632025,-0.7907024907450296,Hibernating / At-Risk,0
13491,10,1215.82,903,73,3.372093023255814,United Kingdom,52,121.582,90.3,320,0.9375,0.0,0.0,1,0,1,0.8454406073724389,1.0876215061121886,-0.6439341734045932,Loyal Regulars,0
13492,3,1269.84,408,38,4.5016,Switzerland,136,423.28,136.0,78,1.1538461538461537,0.0,0.0,0,0,0,0.25741484268892306,-0.44401323103294665,0.928072957317383,Loyal Regulars,0
13493,2,498.63,377,5,3.8616666666666664,Switzerland,275,249.315,188.5,11,2.0,0.0,0.0,0,1,1,-0.7178091160356666,0.5242616107928693,1.894850121063665,Hibernating / At-Risk,0
13494,1,316.26000000000005,162,18,3.665,United Kingdom,312,316.26000000000005,162.0,0,1.0,0.0,0.0,1,1,1,-1.5680908780236098,-0.7249942506125372,0.9374370179289316,Hibernating / At-Risk,0
13495,5,2044.8700000000001,829,34,2.5783333333333336,United Kingdom,8,408.97400000000005,165.8,360,0.4166666666666667,1.0,0.16666666666666666,1,0,2,1.5747338461561244,-0.5252428695628923,-1.333923518464555,Loyal Regulars,0
13496,2,653.33,341,28,3.108285714285714,United Kingdom,11,326.665,170.5,349,0.17191977077363899,1.0,0.3333333333333333,1,0,0,0.012359766326516983,-0.9594061225546373,-1.741069403263029,Loyal Regulars,0
13497,2,348.05,163,19,2.973684210526316,United Kingdom,283,174.025,81.5,85,0.7058823529411764,1.0,0.3333333333333333,1,1,1,-1.56220225947736,-0.3556541919002511,0.005241645666659807,Hibernating / At-Risk,0
13499,5,1159.11,1365,31,2.131666666666667,United Kingdom,18,231.82199999999997,273.0,252,0.5952380952380952,2.0,0.2857142857142857,1,0,0,1.0886480632214182,0.03573324668310711,-1.046726098382899,Loyal Regulars,0
13500,3,1166.77,609,60,3.627076923076923,United Kingdom,23,388.92333333333335,203.0,99,0.9090909090909092,1.0,0.25,1,0,0,0.7449784005703358,-0.194857543380545,-0.06566617497297231,Loyal Regulars,0
13501,1,1340.32,560,52,3.7321153846153843,Switzerland,288,1340.32,560.0,0,1.0,1.0,0.5,0,0,0,0.2815077619296721,-2.1911847197275693,1.7907581853506092,Loyal Regulars,0
13502,3,292.0,264,17,1.7977777777777777,United Kingdom,17,97.33333333333333,88.0,307,0.2931596091205212,0.0,0.0,1,1,1,-0.9152533803777293,0.386239129407297,-2.1474599608989413,Hibernating / At-Risk,0
13503,1,216.85,248,17,2.1811764705882353,United Kingdom,71,216.85,248.0,0,1.0,0.0,0.0,1,1,1,-1.3749010982936634,0.0007712675528947402,0.2225676135424519,Hibernating / At-Risk,0
13504,1,295.93,178,22,3.7018181818181817,United Kingdom,64,295.93,178.0,0,1.0,0.0,0.0,1,1,1,-1.1902498862519435,-0.23715349731512897,0.3610436207027439,Hibernating / At-Risk,0
13505,4,3633.63,2467,181,2.601232227488152,Switzerland,73,908.4075,616.75,159,0.7547169811320755,4.0,0.5,0,0,2,2.0494088244172426,-1.5469656205529523,0.5589295635819322,Loyal Regulars,0
13506,2,458.52,324,26,2.8611538461538464,United Kingdom,316,229.26,162.0,53,1.1320754716981132,1.0,0.3333333333333333,1,1,1,-0.9963299987095315,-0.20030006338042614,0.8808621405293902,Hibernating / At-Risk,0
13507,4,2479.16,1597,146,3.3541975308641976,United Kingdom,3,619.79,399.25,142,0.8450704225352113,0.0,0.0,1,2,2,2.285550730261275,-0.2247198858693725,-0.5310422479962166,Champions (High-Value),1
13508,1,110.97,24,12,5.1925,United Kingdom,244,110.97,24.0,0,1.0,0.0,0.0,1,1,1,-3.2133588909399338,0.5058859048061762,0.19136951076762318,Hibernating / At-Risk,0
13509,6,964.72,1105,26,1.0472093023255815,United Kingdom,9,160.78666666666666,184.16666666666666,275,0.6545454545454545,0.0,0.0,1,0,0,1.0275461952575895,0.7232724445414431,-1.413247500615602,Loyal Regulars,0
13510,4,1791.56,1386,86,2.385913043478261,United Kingdom,1,447.89,346.5,182,0.6593406593406593,1.0,0.2,1,2,2,2.072391142202024,0.046431549450869955,-1.2769261330008703,Champions (High-Value),1
13512,1,251.21,143,15,4.1353333333333335,United Kingdom,261,251.21,143.0,0,1.0,0.0,0.0,1,1,1,-1.7850058310597237,-0.4456865506630442,0.73807606749474,Hibernating / At-Risk,0
13513,1,205.1,109,10,3.685,United Kingdom,127,205.1,109.0,0,1.0,0.0,0.0,1,1,1,-1.8955635239096398,-0.03128623897822524,0.36618496048494575,Hibernating / At-Risk,0
13514,1,152.20000000000002,40,4,4.175000000000001,United Kingdom,74,152.20000000000002,40.0,0,1.0,0.0,0.0,1,1,1,-2.4233969124839927,0.4880528347432727,-0.017785172736679986,Hibernating / At-Risk,0
13515,4,891.12,681,50,2.1654237288135594,United Kingdom,73,222.78,170.25,175,0.6857142857142857,0.0,0.0,1,0,0,0.22380607336211877,-0.18341627874828947,-0.41841417322172064,Loyal Regulars,0
13516,3,1389.41,985,43,2.9477272727272723,United Kingdom,21,463.1366666666667,328.3333333333333,217,0.4147465437788018,0.0,0.0,1,0,0,1.0259215971175786,-1.0647650228610124,-0.8653542336087273,Loyal Regulars,0
13517,3,2128.42,1369,125,2.921631205673759,United Kingdom,60,709.4733333333334,456.3333333333333,120,0.75,2.0,0.4,1,0,2,1.3566956414121276,-1.2964201919817477,0.3720720879100132,Loyal Regulars,0
13518,1,627.16,382,36,2.7094444444444443,United Kingdom,86,627.16,382.0,0,1.0,0.0,0.0,1,0,0,-0.26768249393595345,-1.101557328237092,0.922010608649195,Loyal Regulars,0
13519,1,122.75,23,8,6.34375,United Kingdom,78,122.75,23.0,0,1.0,1.0,0.5,1,1,1,-2.8463421353971956,0.7258105948274273,-0.13957614284506858,Hibernating / At-Risk,0
13520,6,2984.35,1633,48,2.1045977011494252,Switzerland,59,497.39166666666665,272.1666666666667,312,0.5769230769230769,2.0,0.25,0,0,2,1.7566143936722216,-0.9901135339114658,-0.2672499653387639,Loyal Regulars,0
13521,3,1070.47,715,312,1.8432613908872901,United Kingdom,1,356.8233333333333,238.33333333333334,8,3.0,0.0,0.0,1,2,0,1.5935115377774591,2.246218555737074,1.2186143950467498,Champions (High-Value),1
13522,1,125.80000000000001,44,5,3.2700000000000005,United Kingdom,30,125.80000000000001,44.0,0,1.0,0.0,0.0,1,1,1,-2.3365522852084433,0.903714929320007,-0.43010422416459576,Hibernating / At-Risk,0
13523,5,3964.88,1752,157,6.2013372093023245,United Kingdom,33,792.976,350.4,333,0.45045045045045046,1.0,0.16666666666666666,1,0,2,2.15182779902737,-1.5362334942454152,-0.39925299263903563,Loyal Regulars,0
13524,5,680.1800000000001,324,17,3.4651851851851854,United Kingdom,41,136.036,64.8,179,0.8379888268156425,0.0,0.0,1,0,1,-0.1306261360965711,0.7762759469033921,-0.7055935166511925,Loyal Regulars,0
13525,2,628.78,394,5,3.901666666666667,United Kingdom,15,314.39,197.0,233,0.2575107296137339,0.0,0.0,1,0,0,-0.024746185314924556,-0.9011885752219492,-1.5135873683907277,Loyal Regulars,0
13527,7,2242.36,1683,153,2.811566820276498,United Kingdom,34,320.33714285714285,240.42857142857142,293,0.7167235494880545,1.0,0.125,1,0,2,1.6831746478995064,-0.1782691309270355,-0.4887682079441988,Loyal Regulars,0
13529,2,307.76,74,15,5.598666666666667,United Kingdom,79,153.88,37.0,125,0.48,0.0,0.0,1,1,1,-1.7036753622348293,-0.14374260552073304,-0.9417895305336113,Hibernating / At-Risk,0
13531,2,483.8,174,17,4.539545454545455,United Kingdom,205,241.9,87.0,161,0.3726708074534162,0.0,0.0,1,1,1,-1.2161242659344815,-1.082341447368853,-0.5521863015889914,Hibernating / At-Risk,0
13532,1,210.31,129,66,2.223181818181818,United Kingdom,34,210.31,129.0,0,1.0,0.0,0.0,1,1,1,-1.474378140864479,0.28705773995150613,-0.06012507959284022,Hibernating / At-Risk,0
13533,3,269.09,202,61,1.9477333333333335,United Kingdom,183,89.69666666666666,67.33333333333333,84,1.0714285714285714,0.0,0.0,1,1,1,-1.5453481228743826,0.9228712036458411,-0.012369948252699546,Hibernating / At-Risk,0
13534,25,5870.08,2961,119,2.811013513513514,United Kingdom,2,234.8032,118.44,355,2.112676056338028,18.0,0.4186046511627907,1,2,2,3.799467528022199,2.577219875269809,-0.009093042403426843,Champions (High-Value),1
13536,7,3444.39,2126,91,3.234157303370787,United Kingdom,1,492.05571428571426,303.7142857142857,74,2.8378378378378377,0.0,0.0,1,2,0,3.1564660813040355,2.0170808261329616,1.1618086545421413,Champions (High-Value),1
13538,7,1280.85,175,10,7.4764,United Kingdom,43,182.97857142857143,25.0,272,0.7720588235294118,0.0,0.0,1,0,1,0.22502618062397656,0.5671227162473162,-0.7038483999542029,Loyal Regulars,0
13539,3,631.34,320,35,4.195135135135135,United Kingdom,86,210.4466666666667,106.66666666666667,223,0.40358744394618834,1.0,0.25,1,0,0,-0.5034440639025498,-0.6095581304283775,-0.9086139067167082,Loyal Regulars,0
13544,2,276.06,112,76,3.1382051282051284,United Kingdom,40,138.03,56.0,200,0.3,0.0,0.0,1,1,1,-1.5119058035404371,-0.18940338153299743,-1.6071305125362314,Hibernating / At-Risk,0
13546,3,621.09,357,72,2.19659793814433,United Kingdom,12,207.03,119.0,188,0.4787234042553192,0.0,0.0,1,0,0,0.027419453688552833,0.0389451029687592,-1.4142857504478956,Loyal Regulars,0
13548,2,678.16,436,114,2.830894308943089,United Kingdom,96,339.08,218.0,147,0.4081632653061224,0.0,0.0,1,0,0,-0.3413432299502202,-1.2203766814723376,-0.51348566653013,Loyal Regulars,0
13549,7,918.2,458,37,3.5321568627450985,United Kingdom,26,131.17142857142858,65.42857142857143,216,0.9722222222222222,1.0,0.125,1,0,1,0.451853592861608,1.1758451512112724,-0.7251965531105072,Loyal Regulars,0
13551,1,91.80000000000001,12,4,7.65,United Kingdom,319,91.80000000000001,12.0,0,1.0,0.0,0.0,1,1,1,-3.7044656976927532,0.6682941903642128,0.15612335771155694,Hibernating / At-Risk,0
13552,12,3740.07,1417,82,3.9112844036697245,United Kingdom,66,311.6725,118.08333333333333,249,1.4457831325301203,4.0,0.25,1,2,2,2.1035864419458816,0.6868246385348707,0.6498753509005009,Champions (High-Value),1
13555,4,4098.88,2636,128,2.3903703703703703,United Kingdom,74,1024.72,659.0,128,0.9375,0.0,0.0,1,0,2,2.214843761366202,-1.4453341790948309,0.9287061714224064,Loyal Regulars,0
13557,2,584.06,546,31,1.4773529411764705,United Kingdom,28,292.03,273.0,252,0.23809523809523808,0.0,0.0,1,0,0,-0.12226698950816112,-1.05958727507248,-1.3900306218683887,Loyal Regulars,0
13558,4,594.52,338,123,2.225562130177515,United Kingdom,6,148.63,84.5,62,1.9354838709677418,0.0,0.0,1,2,0,0.348837023020669,2.1801943017358596,0.15431046574221877,Champions (High-Value),1
13560,1,171.42000000000002,63,32,2.9865625000000002,United Kingdom,7,171.42000000000002,63.0,0,1.0,0.0,0.0,1,1,1,-1.5647005838014338,0.9516570699466095,-0.7052861794138057,Hibernating / At-Risk,0
13561,1,141.85999999999999,83,14,3.5464285714285713,United Kingdom,216,141.85999999999999,83.0,0,1.0,0.0,0.0,1,1,1,-2.4782497739248455,0.1976006617865354,0.3247655555486948,Hibernating / At-Risk,0
13562,3,1799.33,757,50,3.83719512195122,United Kingdom,82,599.7766666666666,252.33333333333334,163,0.5521472392638036,0.0,0.0,1,0,0,0.8513894381803175,-1.4417591811436337,0.009389117825651692,Loyal Regulars,0
13563,2,777.53,209,49,8.512857142857143,United Kingdom,84,388.765,104.5,55,1.090909090909091,0.0,0.0,1,0,0,-0.34658146655262506,-0.3457299518977433,0.669544271887258,Loyal Regulars,0
13564,2,1174.03,635,67,3.6901249999999997,United Kingdom,354,587.015,317.5,13,2.0,2.0,0.5,1,0,0,0.2183684633654471,-0.4077055720453177,2.4975456355652828,Loyal Regulars,0
13565,2,240.22,172,35,1.7186842105263158,United Kingdom,19,120.11,86.0,315,0.19047619047619047,0.0,0.0,1,1,1,-1.3148151210653836,-0.08793876619925463,-2.1692705003351826,Hibernating / At-Risk,0
13566,2,856.84,567,134,1.8757988165680473,United Kingdom,41,428.42,283.5,41,1.4634146341463414,0.0,0.0,1,0,0,0.3667801562592498,0.040763915530523886,0.9945829913937013,Loyal Regulars,0
13568,1,187.05,66,41,3.0372093023255813,United Kingdom,173,187.05,66.0,0,1.0,0.0,0.0,1,1,1,-2.2547554992493186,0.0162712623162385,0.40473200772819673,Hibernating / At-Risk,0
13569,2,337.12,155,72,3.062692307692308,United Kingdom,17,168.56,77.5,350,0.17142857142857143,0.0,0.0,1,0,1,-1.0146571387501322,-0.3711335393448419,-2.0100839669495545,Loyal Regulars,0
13570,1,239.49,161,27,2.102592592592593,United Kingdom,243,239.49,161.0,0,1.0,0.0,0.0,1,1,1,-1.7647139131998595,-0.39122543391775666,0.6887095484743367,Hibernating / At-Risk,0
13571,12,2088.94,1757,157,1.7268823529411765,United Kingdom,13,174.07833333333335,146.41666666666666,240,1.5,0.0,0.0,1,2,2,2.054991410263952,1.7029889662773599,-0.15888533456510245,Champions (High-Value),1
13572,1,1384.25,534,32,4.502424242424243,United Kingdom,206,1384.25,534.0,0,1.0,0.0,0.0,1,0,0,0.37832118093197764,-2.125765010875078,1.6938619812651188,Loyal Regulars,0
13573,2,290.25,302,24,3.5232,United Kingdom,50,145.125,151.0,202,0.297029702970297,0.0,0.0,1,1,1,-1.13377523698761,-0.3910329646727819,-1.4838163785082816,Hibernating / At-Risk,0
13575,5,732.0699999999999,449,41,2.1478260869565218,United Kingdom,23,146.414,89.8,152,0.986842105263158,0.0,0.0,1,0,1,0.23311755092000847,1.0092112197653555,-0.6163578591552652,Loyal Regulars,0
13576,18,6717.34,2646,78,3.223492063492064,United Kingdom,10,373.18555555555554,147.0,362,1.4917127071823204,2.0,0.1,1,2,2,3.4242871862060595,1.1527150983048624,0.12033336783225514,Champions (High-Value),1
13577,4,1687.6000000000001,791,61,3.086987951807229,United Kingdom,25,421.90000000000003,197.75,216,0.5555555555555556,1.0,0.2,1,0,0,1.119150083772448,-0.7002628881603153,-0.6364243546545978,Loyal Regulars,0
13579,2,467.04,176,19,4.260434782608695,United Kingdom,15,233.52,88.0,354,0.1694915254237288,0.0,0.0,1,0,1,-0.6323698807957224,-0.6599072072651816,-1.8563350877965967,Loyal Regulars,0
13581,1,118.0,30,10,4.48,United Kingdom,309,118.0,30.0,0,1.0,0.0,0.0,1,1,1,-3.1322443058415796,0.3635508699702183,0.3136542923625966,Hibernating / At-Risk,0
13583,1,781.03,725,53,2.0120754716981133,United Kingdom,156,781.03,725.0,0,1.0,0.0,0.0,1,0,0,0.03690103215902203,-1.5309779300924455,1.270438264155338,Loyal Regulars,0
13584,1,142.4,37,24,4.164583333333333,United Kingdom,307,142.4,37.0,0,1.0,0.0,0.0,1,1,1,-2.8767393465246256,0.16887549095434468,0.42651552945875315,Hibernating / At-Risk,0
13587,1,712.4,180,8,6.63625,United Kingdom,64,712.4,180.0,0,1.0,2.0,0.6666666666666666,1,0,0,-0.36959637901872444,-1.0753615038680568,0.8771514335683779,Loyal Regulars,0
13588,9,2478.95,2606,131,1.376494252873563,United Kingdom,16,275.43888888888887,289.55555555555554,239,1.1297071129707112,4.0,0.3076923076923077,1,2,2,2.230308814595173,0.706261895343916,-0.22731584208398753,Champions (High-Value),1
13589,2,379.65,114,21,6.701428571428571,United Kingdom,15,189.825,57.0,164,0.36585365853658536,0.0,0.0,1,1,1,-0.95332775161647,-0.12148019758636139,-1.5975584709101027,Hibernating / At-Risk,0
13590,6,1981.92,1848,70,1.8458620689655172,United Kingdom,11,330.32,308.0,291,0.6185567010309279,1.0,0.14285714285714285,1,0,2,1.8450347931186009,-0.10829532758595249,-0.9801727408526106,Loyal Regulars,0
13591,3,1117.13,485,56,3.979310344827586,United Kingdom,65,372.3766666666667,161.66666666666666,202,0.44554455445544555,0.0,0.0,1,0,0,0.2698548794492675,-1.046744932887776,-0.5709933229248672,Loyal Regulars,0
13592,4,247.95999999999998,84,15,6.26,United Kingdom,36,61.989999999999995,21.0,228,0.5263157894736842,0.0,0.0,1,1,1,-1.6335153765301897,1.1797056822154088,-1.7507019405165647,Hibernating / At-Risk,0
13593,5,2011.88,719,77,4.391417322834646,United Kingdom,108,402.37600000000003,143.8,227,0.6607929515418502,1.0,0.16666666666666666,1,0,0,0.9139393567899283,-0.8210308160567062,-0.021062643816810077,Loyal Regulars,0
13594,1,396.97,359,26,1.5953846153846152,United Kingdom,53,396.97,359.0,0,1.0,0.0,0.0,1,0,1,-0.5949291555125448,-0.528666123237986,0.4879945183886051,Loyal Regulars,0
13596,2,664.11,384,133,2.3843835616438356,United Kingdom,6,332.055,192.0,7,2.0,0.0,0.0,1,0,0,0.49687160451482115,1.2620543413143288,0.8013346125883957,Loyal Regulars,0
13598,1,160.04,52,33,3.378857142857143,United Kingdom,47,160.04,52.0,0,1.0,1.0,0.5,1,1,1,-2.161525618918237,0.5402363772770491,-0.1349851854031584,Hibernating / At-Risk,0
13599,21,5149.92,3293,171,2.793292682926829,United Kingdom,1,245.2342857142857,156.8095238095238,365,1.726027397260274,12.0,0.36363636363636365,1,2,2,3.753091827227777,2.2672143013376296,-0.47372607362667707,Champions (High-Value),1
13600,1,219.52,324,19,3.0642105263157893,United Kingdom,312,219.52,324.0,0,1.0,0.0,0.0,1,1,1,-1.6351353923747918,-0.43965888403722697,0.7414478358740232,Hibernating / At-Risk,0
13601,2,693.32,548,90,1.8624242424242423,United Kingdom,45,346.66,274.0,166,0.3614457831325301,0.0,0.0,1,0,0,-0.050297946736010526,-1.13346400890382,-0.8504218036147649,Loyal Regulars,0
13602,1,428.89,267,23,2.0608695652173914,United Kingdom,65,428.89,267.0,0,1.0,0.0,0.0,1,1,1,-0.6906730735467737,-0.6310913365307615,0.5945991433022829,Hibernating / At-Risk,0
13603,1,164.34,164,27,2.111851851851852,United Kingdom,26,164.34,164.0,0,1.0,0.0,0.0,1,1,1,-1.5424932293172668,0.571415956412727,-0.2873853399950645,Hibernating / At-Risk,0
13606,3,276.75,276,40,2.3442499999999997,United Kingdom,29,92.25,92.0,282,0.3191489361702127,0.0,0.0,1,1,1,-1.0721076631215511,0.3376983203853699,-1.9433441572440184,Hibernating / At-Risk,0
13607,1,675.51,288,93,3.17020618556701,United Kingdom,40,675.51,288.0,0,1.0,0.0,0.0,1,0,0,-0.11677240346339925,-0.9397936642843144,0.6998735462553825,Loyal Regulars,0
13610,7,1082.33,488,165,2.902093023255814,United Kingdom,12,154.6185714285714,69.71428571428571,273,0.7692307692307693,2.0,0.2222222222222222,1,0,1,0.7828970579825513,0.9674197622279278,-1.1991583143994144,Loyal Regulars,0
13611,3,1154.4,754,67,2.379861111111111,United Kingdom,89,384.8,251.33333333333334,270,0.3333333333333333,1.0,0.25,1,0,0,0.36932250588473775,-1.3875790885700499,-0.6722786461656529,Loyal Regulars,0
13614,4,1585.46,564,171,3.7628205128205128,United Kingdom,24,396.365,141.0,306,0.3921568627450981,0.0,0.0,1,0,0,0.903828590578469,-0.8529756659827741,-1.0230930393985356,Loyal Regulars,0
13615,1,417.69,189,23,3.387391304347826,United Kingdom,319,417.69,189.0,0,1.0,1.0,0.5,1,1,1,-1.2550773930128412,-1.009834497592338,1.1122898819022982,Hibernating / At-Risk,0
13617,3,544.18,300,31,2.789772727272727,United Kingdom,40,181.39333333333332,100.0,140,0.6428571428571428,0.0,0.0,1,0,0,-0.4251856576299647,0.10411004394919315,-0.7909079745109976,Loyal Regulars,0
13618,1,177.34,246,13,1.0353846153846153,United Kingdom,174,177.34,246.0,0,1.0,0.0,0.0,1,1,1,-1.7919399660477333,-0.05203203275777795,0.4096386373553337,Hibernating / At-Risk,0
13621,1,213.85,343,19,1.1289473684210527,United Kingdom,117,213.85,343.0,0,1.0,0.0,0.0,1,1,1,-1.3871276786392648,-0.15115048943272238,0.3925442473564858,Hibernating / At-Risk,0
13623,5,727.74,286,75,3.500769230769231,United Kingdom,31,145.548,57.2,266,0.5639097744360902,2.0,0.2857142857142857,1,0,1,-0.09724540120545419,0.4295282014049708,-1.2395765592866257,Loyal Regulars,0
13626,1,257.23,209,19,2.1405263157894736,United Kingdom,253,257.23,209.0,0,1.0,0.0,0.0,1,1,1,-1.6065557281218805,-0.4936124842172368,0.7511776795161867,Hibernating / At-Risk,0
13627,5,1638.47,1269,84,2.9745652173913046,United Kingdom,59,327.694,253.8,298,0.5033557046979865,2.0,0.2857142857142857,1,0,2,1.068609783326659,-0.7394213957561252,-0.6258650264193514,Loyal Regulars,0
13629,11,7792.36,4372,28,2.3242372881355933,United Kingdom,23,708.3963636363636,397.45454545454544,315,1.0476190476190477,0.0,0.0,1,2,2,3.4253763465313605,-0.3522295734562667,0.3022715431201034,Champions (High-Value),1
13630,7,2031.78,1391,51,2.003098591549296,United Kingdom,5,290.2542857142857,198.71428571428572,280,0.75,4.0,0.36363636363636365,1,2,2,1.9742636327788008,0.462446813006535,-1.1006572562014607,Champions (High-Value),1
13631,11,3070.42,467,6,6.16090909090909,United Kingdom,100,279.1290909090909,42.45454545454545,167,1.9760479041916168,1.0,0.08333333333333333,1,2,0,1.4270458026160258,1.194324374485376,1.294647570058235,Champions (High-Value),1
13632,5,2118.93,1031,121,3.192758620689655,United Kingdom,25,423.78599999999994,206.2,218,0.6880733944954128,1.0,0.16666666666666666,1,0,2,1.4760724680304862,-0.4707808411585656,-0.4253741681388922,Loyal Regulars,0
13634,5,1547.3600000000001,700,156,3.2916666666666665,United Kingdom,33,309.47200000000004,140.0,293,0.5119453924914675,0.0,0.0,1,0,0,0.9287378836554888,-0.46199781950199464,-0.8532446807131461,Loyal Regulars,0
13635,1,1071.03,677,62,2.405806451612903,United Kingdom,68,1071.03,677.0,0,1.0,0.0,0.0,1,0,0,0.5143066580022789,-1.5995996171733202,1.1718797449312675,Loyal Regulars,0
13636,5,949.12,592,57,3.785396825396825,United Kingdom,37,189.824,118.4,248,0.6048387096774193,1.0,0.16666666666666666,1,0,0,0.39884540233341575,0.12361493078932893,-0.9298616505082691,Loyal Regulars,0
13637,3,803.05,404,78,2.3938775510204082,United Kingdom,52,267.68333333333334,134.66666666666666,174,0.5172413793103449,0.0,0.0,1,0,0,-0.0374815680718948,-0.5450286011079546,-0.7018376806255158,Loyal Regulars,0
13638,1,122.64,93,8,2.9925,United Kingdom,16,122.64,93.0,0,1.0,0.0,0.0,1,1,1,-1.9161452924279485,1.0270606223804382,-0.6320297924857675,Hibernating / At-Risk,0
13639,1,1033.34,800,39,1.443,United Kingdom,74,1033.34,800.0,0,1.0,0.0,0.0,1,0,0,0.5252518568838229,-1.6033820254513678,1.1838193114356372,Loyal Regulars,0
13642,1,312.28,151,57,3.3484210526315787,United Kingdom,216,312.28,151.0,0,1.0,0.0,0.0,1,1,1,-1.513518818319757,-0.6057400817692146,0.8023648129778592,Hibernating / At-Risk,0
13643,3,519.44,273,24,2.394642857142857,United Kingdom,31,173.14666666666668,91.0,154,0.5844155844155844,0.0,0.0,1,0,0,-0.45307388990458053,0.14234442361183677,-1.0126835178168638,Loyal Regulars,0
13644,4,2624.26,2067,144,3.043013698630137,United Kingdom,16,656.065,516.75,89,1.348314606741573,1.0,0.2,1,2,2,2.143977904552168,-0.15008197554734723,0.718274748038041,Champions (High-Value),1
13645,1,252.1,158,5,3.3699999999999997,United Kingdom,120,252.1,158.0,0,1.0,0.0,0.0,1,1,1,-1.5448101036138886,-0.24513821083514586,0.4773923137610941,Hibernating / At-Risk,0
13647,4,1648.1200000000001,887,65,3.3148717948717947,United Kingdom,10,412.03000000000003,221.75,225,0.5333333333333333,1.0,0.2,1,0,2,1.3580844100745535,-0.48387615742383305,-0.9852715615256582,Loyal Regulars,0
13649,2,346.6,139,23,3.191304347826087,United Kingdom,257,173.3,69.5,109,0.5504587155963303,0.0,0.0,1,1,1,-1.6333422852553483,-0.5291304306512238,-0.3164123940794389,Hibernating / At-Risk,0
13650,6,1836.34,922,79,3.1525,United Kingdom,17,306.0566666666667,153.66666666666666,250,0.72,1.0,0.14285714285714285,1,0,2,1.4155458337731406,0.05396068523207152,-0.7243461085307595,Loyal Regulars,0
13651,1,79.2,32,5,4.2700000000000005,United Kingdom,40,79.2,32.0,0,1.0,0.0,0.0,1,1,1,-2.9568717344373368,1.2921227445776593,-0.6117588757628826,Hibernating / At-Risk,0
13652,3,1095.08,578,48,3.1233333333333335,United Kingdom,46,365.02666666666664,192.66666666666666,322,0.27950310559006214,0.0,0.0,1,0,0,0.36945833207074424,-1.2285659228646908,-1.055016798792968,Loyal Regulars,0
13654,6,2707.33,2182,157,2.5266867469879517,United Kingdom,43,451.22166666666664,363.6666666666667,230,0.7826086956521738,0.0,0.0,1,0,2,1.8974560352667118,-0.5579241318354302,-0.06138624933330421,Loyal Regulars,0
13655,2,932.97,605,52,3.3296428571428573,United Kingdom,114,466.485,302.5,127,0.47244094488188976,0.0,0.0,1,0,0,0.054072294296698915,-1.4987119700631344,-0.12740163740180588,Loyal Regulars,0
13656,2,379.65,490,49,1.7189795918367348,United Kingdom,165,189.825,245.0,172,0.3488372093023256,0.0,0.0,1,0,1,-0.9850321202940537,-0.9251403871165996,-0.7930860167535805,Loyal Regulars,0
13657,2,382.14,209,16,2.993125,United Kingdom,11,191.07,104.5,190,0.31578947368421056,0.0,0.0,1,0,1,-0.6480547468078749,-0.18787276500981118,-1.7870540049007482,Loyal Regulars,0
13658,5,2639.17,1019,91,4.0226851851851855,United Kingdom,10,527.8340000000001,203.8,194,0.7731958762886598,2.0,0.2857142857142857,1,0,2,1.91124123913056,-0.3297236291777027,-0.44692080342073337,Loyal Regulars,0
13659,2,1563.0,882,92,3.8580582524271843,United Kingdom,206,781.5,441.0,115,0.5217391304347826,1.0,0.3333333333333333,1,0,0,0.5417982074123522,-2.1113587292277822,0.4847353685537178,Loyal Regulars,0
13662,3,881.26,533,50,3.311346153846154,United Kingdom,86,293.75333333333333,177.66666666666666,173,0.5202312138728323,4.0,0.5714285714285714,1,0,0,0.03136222891928548,-0.7904123297336126,-0.4640546374814849,Loyal Regulars,0
13663,1,189.47,91,13,4.5,United Kingdom,179,189.47,91.0,0,1.0,0.0,0.0,1,1,1,-2.1266926769353707,-0.03380480931398643,0.4321973746175427,Hibernating / At-Risk,0
13666,3,84.65,41,12,3.7416666666666667,United Kingdom,60,28.21666666666667,13.666666666666666,227,0.39647577092511016,0.0,0.0,1,1,1,-2.8574511363130166,1.1889046086972412,-2.035364004612073,Hibernating / At-Risk,0
13667,1,299.05,149,82,2.4897590361445783,United Kingdom,149,299.05,149.0,0,1.0,0.0,0.0,1,1,1,-1.4643218982112485,-0.46161094428644855,0.6497964684323554,Hibernating / At-Risk,0
13668,21,6309.83,3722,284,2.9760691144708424,United Kingdom,3,300.46809523809526,177.23809523809524,359,1.7548746518105849,8.0,0.27586206896551724,1,2,2,3.8157654594131896,1.8959161556582376,-0.08223493518676854,Champions (High-Value),1
13669,2,218.55,237,9,2.7511111111111113,United Kingdom,51,109.275,118.5,98,0.6122448979591837,0.0,0.0,1,1,1,-1.429088522893505,0.39103104397489824,-1.0067638112479453,Hibernating / At-Risk,0
13670,1,349.7,282,25,1.8768,United Kingdom,75,349.7,282.0,0,1.0,0.0,0.0,1,1,1,-0.8949720315605865,-0.4803939008591772,0.5246698101358024,Hibernating / At-Risk,0
13672,2,186.39000000000001,57,4,4.463333333333334,United Kingdom,301,93.19500000000001,28.5,30,2.0,4.0,0.6666666666666666,1,1,1,-2.3904487073912772,1.6018973027836274,1.3014266148496643,Hibernating / At-Risk,0
13673,2,387.44,114,47,3.4189999999999996,United Kingdom,19,193.72,57.0,13,2.0,0.0,0.0,1,1,1,-0.748077232471405,1.5943002515308569,0.8143944625928051,Hibernating / At-Risk,0
13675,2,486.82000000000005,330,25,1.9028,United Kingdom,151,243.41000000000003,165.0,133,0.45112781954887216,0.0,0.0,1,0,1,-0.864351549224943,-0.934935150749993,-0.4721481864476482,Loyal Regulars,0
13678,1,232.6,924,16,0.39375,United Kingdom,152,232.6,924.0,0,1.0,0.0,0.0,1,1,1,-0.9863247640587562,-0.3916009004509226,0.5568792433847214,Hibernating / At-Risk,0
13680,4,3719.12,1934,164,2.2080927835051547,United Kingdom,1,929.78,483.5,337,0.3560830860534125,1.0,0.2,1,2,2,2.820488136932001,-1.1409351838284667,-1.4349847522975934,Champions (High-Value),1
13681,4,827.83,360,37,2.902456140350877,United Kingdom,18,206.9575,90.0,137,0.8759124087591241,0.0,0.0,1,0,0,0.28634161287007476,0.5625229372774089,-0.629535147965362,Loyal Regulars,0
13682,1,59.5,10,3,7.083333333333333,United Kingdom,187,59.5,10.0,0,1.0,0.0,0.0,1,1,1,-3.9666050527841734,1.2234229007416604,-0.2783087988877433,Hibernating / At-Risk,0
13684,1,65.13,38,29,1.7324137931034485,United Kingdom,286,65.13,38.0,0,1.0,1.0,0.5,1,1,1,-3.5692210188116213,0.9252723558190394,-0.052541341228216826,Hibernating / At-Risk,0
13685,7,3119.44,5056,29,0.7007692307692308,United Kingdom,3,445.63428571428574,722.2857142857143,57,3.68421052631579,0.0,0.0,1,2,0,3.2893984969798753,2.2977178397860323,1.9528192532490782,Champions (High-Value),1
13686,1,72.0,70,8,1.1625,United Kingdom,183,72.0,70.0,0,1.0,0.0,0.0,1,1,1,-3.1274301384697867,0.8994439683768177,-0.13139219471259433,Hibernating / At-Risk,0
13689,1,910.0,512,6,1.7,United Kingdom,63,910.0,512.0,0,1.0,0.0,0.0,1,0,0,0.27221025898867174,-1.3983295608937665,1.0429638162608637,Loyal Regulars,0
13690,1,172.25,67,9,5.972222222222222,United Kingdom,59,172.25,67.0,0,1.0,0.0,0.0,1,1,1,-2.0525143395713514,0.3865430677102754,-0.008814706378128288,Hibernating / At-Risk,0
13692,3,1488.32,1226,48,2.5984905660377358,United Kingdom,25,496.1066666666666,408.6666666666667,211,0.4265402843601896,2.0,0.4,1,0,0,1.1357367615258214,-1.1770560995050525,-0.7373523179175723,Loyal Regulars,0
13694,50,65039.62,63312,366,1.5689964788732396,United Kingdom,4,1300.7924,1266.24,369,4.0650406504065035,10.0,0.16666666666666666,1,2,2,5.787122864759366,1.8260988091191424,2.415143922891018,Champions (High-Value),1
13695,15,2504.13,1603,46,2.646888888888889,United Kingdom,31,166.942,106.86666666666666,228,1.973684210526316,0.0,0.0,1,2,2,2.06267788175622,2.0032504908107365,0.5635495519854369,Champions (High-Value),1
13697,1,151.29999999999998,177,12,1.3933333333333333,United Kingdom,39,151.29999999999998,177.0,0,1.0,0.0,0.0,1,1,1,-1.6898243072947323,0.5347820035712515,-0.19874609512309252,Hibernating / At-Risk,0
13699,1,308.58000000000004,66,14,6.3064285714285715,United Kingdom,155,308.58000000000004,66.0,0,1.0,0.0,0.0,1,1,1,-1.7625483846468337,-0.4297828111995514,0.6605805000091827,Hibernating / At-Risk,0
13700,10,2248.63,2281,139,1.5885051546391753,United Kingdom,26,224.863,228.1,300,1.0,0.0,0.0,1,2,2,1.9632068441693058,0.6785606963276399,-0.39780706574272096,Champions (High-Value),1
13703,1,99.5,10,1,9.95,United Kingdom,318,99.5,10.0,0,1.0,0.0,0.0,1,1,1,-3.629433357399001,0.5930225864058452,0.2019555668915914,Hibernating / At-Risk,0
13704,9,2308.06,1531,111,3.328805970149254,United Kingdom,5,256.4511111111111,170.11111111111111,83,3.253012048192771,1.0,0.1,1,2,0,2.435530800992605,2.6881903971086736,1.4015130033063445,Champions (High-Value),1
13705,3,711.86,363,25,7.6085714285714285,United Kingdom,8,237.28666666666666,121.0,366,0.24590163934426232,0.0,0.0,1,0,0,0.2017631124595287,-0.3821568840968336,-1.9661096506375393,Loyal Regulars,0
13706,1,330.79,189,20,2.774,United Kingdom,303,330.79,189.0,0,1.0,0.0,0.0,1,1,1,-1.4585718993517804,-0.7735152838406142,0.9577782563425821,Hibernating / At-Risk,0
13707,2,806.41,351,48,4.463333333333334,United Kingdom,267,403.205,175.5,48,1.25,0.0,0.0,1,0,1,-0.38079691841576707,-0.5758557045646551,1.3154254045846077,Loyal Regulars,0
13708,1,283.33,300,48,2.006875,United Kingdom,271,283.33,300.0,0,1.0,0.0,0.0,1,1,1,-1.3926982520077207,-0.6368214657220256,0.8407738863236609,Hibernating / At-Risk,0
13709,13,6307.650000000001,3508,244,3.554059701492537,United Kingdom,4,485.2038461538462,269.84615384615387,311,1.2540192926045015,4.0,0.23529411764705882,1,2,2,3.597520896242108,0.7419459687209135,-0.2158118255759145,Champions (High-Value),1
13710,1,180.48,176,8,1.16625,United Kingdom,32,180.48,176.0,0,1.0,0.0,0.0,1,1,1,-1.4795218766544427,0.4208577473691459,-0.161813509076815,Hibernating / At-Risk,0
13711,2,252.06,140,11,3.7800000000000002,United Kingdom,219,126.03,70.0,0,2.0,0.0,0.0,1,1,1,-1.680468254509872,1.3234906920327727,1.3919092739309153,Hibernating / At-Risk,0
13712,1,228.84,352,10,1.2349999999999999,United Kingdom,247,228.84,352.0,0,1.0,0.0,0.0,1,1,1,-1.5044208969934505,-0.4225045011185255,0.6880185714288224,Hibernating / At-Risk,0
13715,5,1077.39,562,89,2.287980769230769,United Kingdom,281,215.478,112.4,91,1.6483516483516485,3.0,0.375,1,0,0,0.1377112576279749,0.5993256881863861,1.3105924000229692,Loyal Regulars,0
13716,1,138.28,138,21,1.4195238095238094,United Kingdom,269,138.28,138.0,0,1.0,0.0,0.0,1,1,1,-2.3595745055783275,0.11633497711474645,0.3980655203792889,Hibernating / At-Risk,0
13717,6,1445.01,1959,92,2.0434313725490196,United Kingdom,32,240.835,326.5,266,0.6766917293233082,1.0,0.14285714285714285,1,0,2,1.3261788134524826,-0.010854190801341786,-0.7123037876549194,Loyal Regulars,0
13718,2,306.55,173,9,5.529166666666666,United Kingdom,246,153.275,86.5,49,1.2244897959183674,0.0,0.0,1,1,1,-1.53865556627891,0.4041275095483981,0.6683937136997384,Hibernating / At-Risk,0
13719,5,1041.68,609,56,3.266,United Kingdom,15,208.336,121.8,219,0.684931506849315,0.0,0.0,1,0,0,0.7330202080825186,0.3820938283605132,-1.0279095554311628,Loyal Regulars,0
13720,4,799.9,501,42,3.17906976744186,United Kingdom,117,199.975,125.25,138,0.8695652173913044,0.0,0.0,1,0,1,-0.08458278333884228,0.054656109064527655,-0.023759296706274486,Loyal Regulars,0
13721,1,524.14,316,28,2.8510714285714287,United Kingdom,36,524.14,316.0,0,1.0,0.0,0.0,1,0,0,-0.2899364986126873,-0.677916874174168,0.5179864942290796,Loyal Regulars,0
13722,3,2375.41,1401,75,2.8843529411764703,United Kingdom,132,791.8033333333333,467.0,151,0.5960264900662252,1.0,0.25,1,0,2,1.2397469380761976,-1.8282500411982812,0.4329734246491017,Loyal Regulars,0
13723,1,199.85000000000002,43,6,5.283333333333333,United Kingdom,217,199.85000000000002,43.0,0,1.0,0.0,0.0,1,1,1,-2.416733670303724,-0.0709035450108772,0.5099124460911606,Hibernating / At-Risk,0
13725,8,1980.56,806,95,4.336057692307692,United Kingdom,50,247.57,100.75,258,0.9302325581395349,3.0,0.2727272727272727,1,0,2,1.2335321435195417,0.34400791360597577,-0.20999771706550305,Loyal Regulars,0
13726,2,1079.6599999999999,1054,39,1.0761904761904761,United Kingdom,39,539.8299999999999,527.0,61,0.9836065573770493,0.0,0.0,1,0,0,0.7709000012191608,-0.7164638843846097,0.49009206679304657,Loyal Regulars,0
13727,2,333.48,162,19,2.941,United Kingdom,29,166.74,81.0,4,2.0,0.0,0.0,1,1,1,-0.8536903294074664,1.5937192516756176,0.874997842066561,Hibernating / At-Risk,0
13728,6,1016.14,458,38,5.451746031746032,United Kingdom,37,169.35666666666665,76.33333333333333,273,0.6593406593406593,0.0,0.0,1,0,1,0.3884000704939761,0.3918929782377983,-0.9387921962167236,Loyal Regulars,0
13730,2,752.6,488,38,3.238139534883721,United Kingdom,136,376.3,244.0,25,2.0,0.0,0.0,1,1,1,-0.05461526560025659,0.3020825628750959,1.9025056015362607,Hibernating / At-Risk,0
13731,2,610.59,278,36,4.2894736842105265,United Kingdom,219,305.295,139.0,27,2.0,0.0,0.0,1,1,1,-0.5911635878349359,0.4212437098376138,1.927801648295728,Hibernating / At-Risk,0
13732,1,491.86,498,33,1.58,United Kingdom,28,491.86,498.0,0,1.0,0.0,0.0,1,0,0,-0.10798435142227988,-0.5910222400847632,0.40884829671183326,Loyal Regulars,0
13735,4,2883.54,1128,158,4.052717948717949,United Kingdom,25,720.885,282.0,209,0.5741626794258373,4.0,0.5,1,0,2,1.7606941791001276,-1.215809917143447,-0.2773303205655139,Loyal Regulars,0
13736,2,729.8,496,166,2.1781052631578945,United Kingdom,5,364.9,248.0,255,0.23529411764705882,1.0,0.3333333333333333,1,0,0,0.44985937637065476,-0.8342532453739535,-1.8096708086434425,Loyal Regulars,0
13737,1,339.59999999999997,125,29,3.848666666666667,United Kingdom,200,339.59999999999997,125.0,0,1.0,0.0,0.0,1,1,1,-1.4898925387990718,-0.6476241276008206,0.8203516399867417,Hibernating / At-Risk,0
13739,1,216.9,54,3,5.483333333333333,United Kingdom,18,216.9,54.0,0,1.0,0.0,0.0,1,1,1,-1.6279427386602512,0.5033994662119451,-0.2743889687667777,Hibernating / At-Risk,0
13740,1,350.75,425,23,1.5960869565217393,United Kingdom,241,350.75,425.0,0,1.0,0.0,0.0,1,1,1,-1.0278638746732773,-0.8391063687689776,0.9349388274012699,Hibernating / At-Risk,0
13741,3,668.4300000000001,218,34,5.225588235294118,United Kingdom,72,222.81000000000003,72.66666666666667,145,0.6206896551724138,1.0,0.25,1,0,1,-0.5115217670821899,-0.2527397093359836,-0.5207486217883666,Loyal Regulars,0
13742,12,3107.87,1115,200,4.137188498402556,United Kingdom,17,258.9891666666667,92.91666666666667,303,1.188118811881188,2.0,0.14285714285714285,1,2,2,2.1394316018121025,0.9925562117939698,-0.24515493458204954,Champions (High-Value),1
13743,7,1341.6,1776,8,1.1202439024390243,United Kingdom,3,191.65714285714284,253.71428571428572,256,0.8203125,1.0,0.125,1,2,2,1.8009278211049047,1.0370130441848102,-1.3604904775566466,Champions (High-Value),1
13744,2,1080.52,1153,54,1.8309523809523809,United Kingdom,95,540.26,576.5,197,0.30456852791878175,0.0,0.0,1,0,0,0.45296542134547324,-1.9232634735313694,-0.44378052695195014,Loyal Regulars,0
13745,1,300.04,496,25,0.6456000000000001,United Kingdom,162,300.04,496.0,0,1.0,1.0,0.5,1,1,1,-1.0109148334362044,-0.5954136883778509,0.7116260159272058,Hibernating / At-Risk,0
13747,1,79.6,8,1,9.95,United Kingdom,374,79.6,8.0,0,1.0,0.0,0.0,1,1,1,-3.872913804283312,0.7629214191895021,0.12304601676101021,Hibernating / At-Risk,0
13748,5,948.25,439,24,3.9964285714285714,United Kingdom,96,189.65,87.8,278,0.539568345323741,0.0,0.0,1,0,0,0.027592630068011107,-0.20163701870218595,-0.7389388366340541,Loyal Regulars,0
13750,5,1647.26,516,20,5.020416666666667,United Kingdom,54,329.452,103.2,283,0.5300353356890459,0.0,0.0,1,0,0,0.7474911411889678,-0.5995384468784116,-0.6241816044189523,Loyal Regulars,0
13751,1,296.25,152,9,3.5300000000000002,United Kingdom,288,296.25,152.0,0,1.0,0.0,0.0,1,1,1,-1.6332493773446561,-0.6350975565448252,0.870042228158342,Hibernating / At-Risk,0
13752,6,1175.38,874,64,3.0383999999999998,United Kingdom,124,195.89666666666668,145.66666666666666,122,1.4754098360655739,0.0,0.0,1,0,0,0.5963173729698529,0.7807558470924688,0.753407803001191,Loyal Regulars,0
13753,1,741.26,512,35,1.7942857142857143,United Kingdom,288,741.26,512.0,0,1.0,0.0,0.0,1,0,0,-0.3047334268856093,-1.6179835256329316,1.4402169898738026,Loyal Regulars,0
13754,2,282.59999999999997,214,11,2.3375,United Kingdom,152,141.29999999999998,107.0,165,0.36363636363636365,0.0,0.0,1,1,1,-1.5595192092678325,-0.5231348092621941,-0.9831917334356688,Hibernating / At-Risk,0
13755,9,2108.06,1242,232,3.1130529595015575,United Kingdom,4,234.2288888888889,138.0,59,4.576271186440678,1.0,0.1,1,2,0,2.353831992772448,3.124529621073783,1.6437625201186663,Champions (High-Value),1
13756,14,5189.52,3188,66,2.7371126760563382,United Kingdom,2,370.68,227.71428571428572,365,1.1506849315068495,1.0,0.06666666666666667,1,2,2,3.505785144772276,1.0685694746139949,-0.7060338284608763,Champions (High-Value),1
13758,7,3190.55,1844,104,3.287948717948718,United Kingdom,12,455.79285714285714,263.42857142857144,361,0.5817174515235457,0.0,0.0,1,2,2,2.275378471058341,-0.4366913507291718,-0.8613854736936442,Champions (High-Value),1
13759,2,659.4100000000001,287,24,3.3627999999999996,United Kingdom,33,329.70500000000004,143.5,37,1.6216216216216215,0.0,0.0,1,1,0,-0.0706061257179595,0.5517116358722215,0.9343058969558123,Hibernating / At-Risk,0
13760,2,286.79,197,50,1.984561403508772,United Kingdom,54,143.395,98.5,202,0.297029702970297,0.0,0.0,1,1,1,-1.3317313523616776,-0.36218269754864685,-1.4760243181184907,Hibernating / At-Risk,0
13761,2,1070.65,642,68,2.9494285714285717,United Kingdom,50,535.325,321.0,129,0.46511627906976744,0.0,0.0,1,0,0,0.4121409481188305,-1.422653386696372,-0.3390086289845647,Loyal Regulars,0
13762,1,306.72,272,7,1.26,United Kingdom,219,306.72,272.0,0,1.0,1.0,0.5,1,1,1,-1.3031665458841837,-0.645094815972342,0.8118646025733417,Hibernating / At-Risk,0
13763,1,1714.96,728,15,2.598,United Kingdom,63,1714.96,728.0,0,1.0,2.0,0.6666666666666666,1,0,0,1.0002049832368436,-2.0347080841161715,1.4247655354679205,Loyal Regulars,0
13764,3,1516.42,923,182,2.74368932038835,United Kingdom,71,505.47333333333336,307.6666666666667,266,0.3383458646616541,0.0,0.0,1,0,0,0.7607924125249391,-1.595689145065319,-0.5723839795615314,Loyal Regulars,0
13767,37,17220.36,7322,55,3.713532608695652,United Kingdom,2,465.41513513513513,197.8918918918919,371,2.9919137466307277,15.0,0.28846153846153844,1,2,2,5.16184834767131,2.462876085781849,1.1208564900532731,Champions (High-Value),1
13769,10,2796.51,1163,73,3.727777777777778,United Kingdom,2,279.651,116.3,365,0.8219178082191781,6.0,0.375,1,2,2,2.434756976989761,0.9239694000810189,-1.317636372990502,Champions (High-Value),1
13771,4,2634.45,1477,114,2.6267226890756303,United Kingdom,64,658.6125,369.25,182,0.6593406593406593,1.0,0.2,1,0,2,1.5642742027650864,-1.285966996411466,0.1469506665596416,Loyal Regulars,0
13772,3,1122.63,540,141,2.4815606936416184,United Kingdom,34,374.21000000000004,180.0,205,0.43902439024390244,0.0,0.0,1,0,0,0.47771815573168425,-0.8966486785367751,-0.7965200494478342,Loyal Regulars,0
13774,1,345.0,192,22,3.290909090909091,United Kingdom,82,345.0,192.0,0,1.0,0.0,0.0,1,1,1,-1.0807970819213555,-0.4573490389051823,0.5369776786053208,Hibernating / At-Risk,0
13777,33,25977.16,12897,36,2.269137055837563,United Kingdom,1,787.1866666666666,390.8181818181818,372,2.661290322580645,8.0,0.1951219512195122,1,2,2,5.690144350514133,1.8844964447998025,1.023838176547195,Champions (High-Value),1
13778,1,178.7,70,9,3.3,United Kingdom,103,178.7,70.0,0,1.0,0.0,0.0,1,1,1,-2.142381888049812,0.19621780894793966,0.2027497055611909,Hibernating / At-Risk,0
13780,2,360.01,318,56,2.5831578947368423,United Kingdom,7,180.005,159.0,163,0.36809815950920244,0.0,0.0,1,0,1,-0.42284688597071224,0.03191984594944948,-1.8351879750543827,Loyal Regulars,0
13781,1,127.84,30,17,4.557058823529411,United Kingdom,251,127.84,30.0,0,1.0,0.0,0.0,1,1,1,-3.0051954491481654,0.3447331455567146,0.28925907380124494,Hibernating / At-Risk,0
13782,6,908.86,369,96,3.5428318584070793,United Kingdom,13,151.47666666666666,61.5,315,0.5714285714285714,0.0,0.0,1,0,0,0.43896803320544314,0.6680344862491187,-1.5134158993643263,Loyal Regulars,0
13784,11,2462.79,2493,9,2.6380645161290324,United Kingdom,10,223.89,226.63636363636363,322,1.0248447204968945,0.0,0.0,1,2,2,2.329649506012685,0.9851923606647006,-0.6895759170692835,Champions (High-Value),1
13786,1,230.39999999999998,136,7,1.8928571428571428,United Kingdom,367,230.39999999999998,136.0,0,1.0,0.0,0.0,1,1,1,-1.9718482567793045,-0.4525468811895087,0.8027870124965768,Hibernating / At-Risk,0
13787,2,309.04,337,24,2.4777419354838712,United Kingdom,76,154.52,168.5,288,0.20833333333333334,0.0,0.0,1,0,1,-1.1600841495023364,-0.7356316734876522,-1.51194107345234,Loyal Regulars,0
13790,1,348.8,748,45,0.7717777777777777,United Kingdom,4,348.8,748.0,0,1.0,0.0,0.0,1,0,1,0.1829256535281853,0.18418354820585192,-0.38606090867207893,Loyal Regulars,0
13791,2,1516.0,1200,7,1.2463636363636363,United Kingdom,128,758.0,600.0,40,1.5,1.0,0.3333333333333333,1,0,0,0.9093101399507113,-0.8461198396265606,1.778324221273557,Loyal Regulars,0
13792,2,195.55,92,13,3.5461538461538464,United Kingdom,66,97.775,46.0,221,0.2714932126696833,0.0,0.0,1,1,1,-2.0402535915095177,-0.031151891157658946,-1.7102497989059424,Hibernating / At-Risk,0
13798,57,37153.85,23948,113,2.1165329512893982,United Kingdom,1,651.8219298245614,420.140350877193,370,4.621621621621621,6.0,0.09523809523809523,1,2,2,5.681784124435986,2.668754181960202,1.72802122262929,Champions (High-Value),1
13799,2,688.86,402,32,2.1302564102564103,United Kingdom,117,344.43,201.0,177,0.3389830508474576,0.0,0.0,1,0,0,-0.4244819861312778,-1.3970112553724878,-0.5878605307629499,Loyal Regulars,0
13800,1,558.32,331,33,2.553939393939394,United Kingdom,310,558.32,331.0,0,1.0,0.0,0.0,1,1,1,-0.7583627781006199,-1.32877405736757,1.287508235768769,Hibernating / At-Risk,0
13801,1,324.8,168,23,3.9543478260869565,United Kingdom,67,324.8,168.0,0,1.0,0.0,0.0,1,1,1,-1.1380330790870585,-0.3330355207044822,0.4296391616280668,Hibernating / At-Risk,0
13802,3,4599.42,2572,55,2.6631666666666667,United Kingdom,139,1533.14,857.3333333333334,172,0.5232558139534884,3.0,0.5,1,0,0,2.0661426894653085,-2.6341161555975954,0.7171709618753977,Loyal Regulars,0
13803,1,277.07,121,17,2.922941176470588,United Kingdom,255,277.07,121.0,0,1.0,0.0,0.0,1,1,1,-1.7534434590273582,-0.517621130786053,0.7832216388014073,Hibernating / At-Risk,0
13804,7,2588.39,1462,124,3.109185185185185,United Kingdom,31,369.77,208.85714285714286,259,0.8108108108108109,0.0,0.0,1,2,2,1.800670571558212,-0.15580348849180545,-0.28144971935234625,Champions (High-Value),1
13805,2,924.6,1900,10,0.5930769230769231,United Kingdom,52,462.3,950.0,76,0.7894736842105263,0.0,0.0,1,0,0,0.7545922831076369,-0.9343211839857852,0.20696293325691162,Loyal Regulars,0
13806,1,256.38,56,10,5.233,United Kingdom,64,256.38,56.0,0,1.0,0.0,0.0,1,1,1,-1.7738855029645972,0.0023108018627162508,0.24698598427949625,Hibernating / At-Risk,0
13807,1,112.6,36,7,5.1499999999999995,United Kingdom,367,112.6,36.0,0,1.0,0.0,0.0,1,1,1,-3.149769798864319,0.34474281204159435,0.3498640297990873,Hibernating / At-Risk,0
13808,5,1747.66,782,70,3.7531578947368422,United Kingdom,6,349.53200000000004,156.4,91,1.6483516483516485,0.0,0.0,1,2,0,1.663816687160867,1.1273676216696142,0.33344570006344665,Champions (High-Value),1
13809,1,155.05,29,11,7.108333333333333,Cyprus,305,155.05,29.0,0,1.0,0.0,0.0,0,1,1,-2.8894098869456015,0.11118943212982174,0.46784101089795604,Hibernating / At-Risk,0
13810,2,827.51,307,30,3.4134375,Germany,29,413.755,153.5,27,2.0,1.0,0.3333333333333333,0,0,0,0.24064950439494706,0.6716535443250549,1.4244563986927212,Loyal Regulars,0
13811,2,519.75,63,5,8.25,Germany,184,259.875,31.5,55,1.090909090909091,1.0,0.3333333333333333,0,1,1,-1.3877803263546273,-0.06954322094769293,0.6692720959945316,Hibernating / At-Risk,0
13812,3,485.0,330,32,2.275757575757576,Germany,42,161.66666666666666,110.0,63,1.4285714285714286,0.0,0.0,0,1,1,-0.38577259384438073,1.0842693066282056,0.3147361850320411,Hibernating / At-Risk,0
13813,4,1168.8600000000001,541,53,3.4384615384615387,Germany,40,292.21500000000003,135.25,95,1.2631578947368423,1.0,0.2,0,0,0,0.6278136047520696,0.4143177839994794,0.4016577918488116,Loyal Regulars,0
13814,2,1579.12,864,37,3.020701754385965,Germany,92,789.56,432.0,44,1.3636363636363638,1.0,0.3333333333333333,0,0,0,0.8845151921929922,-0.8934389522868741,1.515699895749206,Loyal Regulars,0
13815,4,3667.36,2540,131,2.299248554913295,Germany,22,916.84,635.0,296,0.4054054054054054,1.0,0.2,0,0,2,2.3001168460542774,-1.7433272665779551,-0.4917292641759745,Loyal Regulars,0
13816,2,499.67,265,24,3.7223076923076923,Germany,24,249.835,132.5,40,1.5,2.0,0.5,0,1,1,-0.2954649561978701,0.7991798339916751,0.523652621298723,Hibernating / At-Risk,0
13817,2,328.98,208,19,1.875909090909091,Germany,29,164.49,104.0,322,0.1863354037267081,0.0,0.0,0,0,1,-1.0530240534488473,-0.5149542299207802,-1.8412790266478378,Loyal Regulars,0
13819,3,1140.35,1109,26,2.003611111111111,United Kingdom,302,380.1166666666666,369.6666666666667,18,3.0,0.0,0.0,1,2,0,0.5387889945818456,0.7634408493602659,2.991625514917134,Champions (High-Value),1
13821,2,385.64,153,51,3.2916949152542374,United Kingdom,145,192.82,76.5,116,0.5172413793103449,0.0,0.0,1,1,1,-1.3576926592986944,-0.5317222010758827,-0.5109440077790574,Hibernating / At-Risk,0
13822,2,632.0,611,90,1.7905208333333331,United Kingdom,6,316.0,305.5,34,1.7647058823529411,0.0,0.0,1,0,0,0.6080189611294484,1.0810647378961304,0.5431992595646443,Loyal Regulars,0
13823,2,957.66,439,39,3.9204999999999997,United Kingdom,19,478.83,219.5,72,0.8333333333333334,0.0,0.0,1,0,0,0.46828174774677356,-0.5124113032163657,-0.07392379166923577,Loyal Regulars,0
13824,5,1698.94,768,34,2.7528260869565218,United Kingdom,33,339.788,153.6,277,0.5415162454873647,0.0,0.0,1,0,0,1.058045504855251,-0.515109080881557,-0.738790364175442,Loyal Regulars,0
13826,1,189.5,82,10,5.7299999999999995,United Kingdom,176,189.5,82.0,0,1.0,1.0,0.5,1,1,1,-2.1627708499170524,-0.02006465275354632,0.42382374793952227,Hibernating / At-Risk,0
13827,3,409.8,138,83,3.7767391304347826,United Kingdom,58,136.6,46.0,85,1.0588235294117647,0.0,0.0,1,1,1,-1.0157014845405683,0.8579619856585492,-0.18555182407215098,Hibernating / At-Risk,0
13828,1,209.49,311,15,1.9046666666666667,United Kingdom,22,209.49,311.0,0,1.0,0.0,0.0,1,1,1,-1.025776612164983,0.32768333332058974,-0.18371439659876979,Hibernating / At-Risk,0
13831,6,2198.45,743,58,4.004305555555556,United Kingdom,16,366.4083333333333,123.83333333333333,353,0.509915014164306,0.0,0.0,1,0,2,1.4722847985946492,-0.3797782111204663,-1.0286754651658463,Loyal Regulars,0
13832,1,52.199999999999996,28,3,2.283333333333333,United Kingdom,19,52.199999999999996,28.0,0,1.0,1.0,0.5,1,1,1,-3.2060980703215853,1.8935436314876448,-1.103240850062218,Hibernating / At-Risk,0
13833,1,383.85,117,28,5.041071428571429,United Kingdom,159,383.85,117.0,0,1.0,0.0,0.0,1,1,1,-1.343531278770521,-0.6955402497877158,0.8121571463343136,Hibernating / At-Risk,0
13835,4,834.57,442,48,3.2005454545454546,United Kingdom,25,208.6425,110.5,190,0.6315789473684211,0.0,0.0,1,0,0,0.25090862110958045,0.13136750977114603,-0.9237615020687377,Loyal Regulars,0
13837,2,266.59000000000003,182,17,2.0616666666666665,United Kingdom,212,133.29500000000002,91.0,105,0.5714285714285714,0.0,0.0,1,1,1,-1.7178232672943516,-0.22062483303109398,-0.48904467201422164,Hibernating / At-Risk,0
13838,4,674.82,254,144,3.169272727272727,United Kingdom,6,168.705,63.5,364,0.32967032967032966,0.0,0.0,1,0,0,0.10908397785403418,0.2772799284576663,-2.117526609802022,Loyal Regulars,0
13841,1,85.0,100,1,0.85,United Kingdom,253,85.0,100.0,0,1.0,0.0,0.0,1,1,1,-2.918643797071737,0.6223922156144374,0.08500583609868301,Hibernating / At-Risk,0
13842,9,3385.62,1768,155,4.044271844660194,United Kingdom,59,376.18,196.44444444444446,308,0.8766233766233765,0.0,0.0,1,2,2,2.0051607318512272,-0.19200942533980367,0.0050277109340998855,Champions (High-Value),1
13844,1,361.62,196,20,2.4605,United Kingdom,11,361.62,196.0,0,1.0,0.0,0.0,1,1,1,-0.5336181470648751,0.02876271180730101,-0.09912557854106493,Hibernating / At-Risk,0
13845,1,312.98,182,9,1.9544444444444444,United Kingdom,65,312.98,182.0,0,1.0,0.0,0.0,1,1,1,-1.133466001118161,-0.2966746580848385,0.39972150698141923,Hibernating / At-Risk,0
13846,3,865.0600000000001,388,55,3.524909090909091,United Kingdom,25,288.35333333333335,129.33333333333334,335,0.26865671641791045,1.0,0.25,1,0,0,0.14279680637841896,-0.824569591217059,-1.4322601715032617,Loyal Regulars,0
13848,3,1255.0,3700,3,0.462,United Kingdom,92,418.3333333333333,1233.3333333333333,273,0.32967032967032966,0.0,0.0,1,0,0,1.0635847758865964,-1.6255070596168075,-0.5784943160395967,Loyal Regulars,0
13849,2,1537.95,1016,97,3.023960396039604,United Kingdom,52,768.975,508.0,119,0.5042016806722689,0.0,0.0,1,0,0,0.927813306930706,-1.759794831426034,-0.02324532825949605,Loyal Regulars,0
13850,1,1595.48,944,93,2.4186021505376343,United Kingdom,129,1595.48,944.0,0,1.0,1.0,0.5,1,0,0,0.8536305912130597,-2.1843415448051133,1.6324857043580852,Loyal Regulars,0
13851,3,2651.46,1705,77,2.238888888888889,United Kingdom,96,883.82,568.3333333333334,192,0.46875,0.0,0.0,1,0,2,1.4744382471961925,-2.0535926716429,0.14891935014191113,Loyal Regulars,0
13853,1,1090.14,312,23,4.546086956521739,United Kingdom,57,1090.14,312.0,0,1.0,1.0,0.5,1,0,0,0.2709422351355389,-1.4991054077791468,1.1024055495120268,Loyal Regulars,0
13854,25,8109.5199999999995,2296,39,4.628363636363637,United Kingdom,9,324.38079999999997,91.84,356,2.1067415730337076,4.0,0.13793103448275862,1,2,2,3.6907087776661403,1.9563981273276536,0.5816882175477258,Champions (High-Value),1
13856,3,388.5,494,10,1.06,United Kingdom,169,129.5,164.66666666666666,34,2.6470588235294117,2.0,0.4,1,1,0,-0.6592145047647878,1.808353374214865,1.8683839566414282,Hibernating / At-Risk,0
13858,1,216.17,75,11,4.335454545454545,United Kingdom,57,216.17,75.0,0,1.0,0.0,0.0,1,1,1,-1.7896306644478912,0.17007237811864737,0.1154120148862276,Hibernating / At-Risk,0
13859,1,201.16,129,27,2.887857142857143,United Kingdom,326,201.16,129.0,0,1.0,0.0,0.0,1,1,1,-2.0880373668558203,-0.28626230657522844,0.6813482781347413,Hibernating / At-Risk,0
13860,5,1245.9,591,58,3.514605263157895,United Kingdom,1,249.18,118.2,85,1.7647058823529411,1.0,0.16666666666666666,1,2,2,1.5734718360417863,1.9180380391012548,-0.17571066704357277,Champions (High-Value),1
13862,8,2209.36,1688,97,1.6970503597122304,United Kingdom,18,276.17,211.0,314,0.7643312101910827,2.0,0.2,1,2,2,1.8509994747149343,0.24032993205676056,-0.7310771022670578,Champions (High-Value),1
13863,1,305.78,224,20,2.5965,United Kingdom,248,305.78,224.0,0,1.0,1.0,0.5,1,1,1,-1.413865374792278,-0.6588902856179988,0.8475351534724586,Hibernating / At-Risk,0
13865,4,501.56,204,26,3.902333333333333,United Kingdom,58,125.39,51.0,231,0.5194805194805194,0.0,0.0,1,1,1,-0.7566848332686809,0.2959742029024717,-1.1705515134989881,Hibernating / At-Risk,0
13866,1,145.67000000000002,57,7,3.375714285714286,United Kingdom,74,145.67000000000002,57.0,0,1.0,0.0,0.0,1,1,1,-2.3273991367664344,0.4984549879935182,-0.0343425700037579,Hibernating / At-Risk,0
13867,3,1005.09,501,51,3.9956666666666667,United Kingdom,31,335.03000000000003,167.0,186,0.48387096774193544,0.0,0.0,1,0,0,0.3779241443934824,-0.6898038353914564,-0.8035459189988349,Loyal Regulars,0
13868,2,3192.54,1964,32,1.8542424242424242,United Kingdom,7,1596.27,982.0,31,1.9354838709677418,0.0,0.0,1,2,0,2.5581377561912397,-0.4684995110844425,1.7482724971592916,Champions (High-Value),1
13869,4,3083.65,1709,234,2.9455263157894738,United Kingdom,123,770.9125,427.25,233,0.5150214592274678,0.0,0.0,1,0,2,1.574533676192006,-1.8349528016251913,0.19645283982355113,Loyal Regulars,0
13870,8,2770.94,1325,91,3.378608695652174,United Kingdom,2,346.3675,165.625,285,0.8421052631578947,2.0,0.2,1,2,2,2.4524433348859302,0.6534015094301424,-1.1111367447484224,Champions (High-Value),1
13871,13,6403.25,2806,155,3.7608928571428573,United Kingdom,23,492.5576923076923,215.84615384615384,286,1.3636363636363638,1.0,0.07142857142857142,1,2,2,3.1365048391311117,0.42397943876919797,0.46617713947638856,Champions (High-Value),1
13873,3,389.6,140,21,4.609565217391304,United Kingdom,120,129.86666666666667,46.666666666666664,190,0.4736842105263158,1.0,0.25,1,1,1,-1.344410631884509,-0.05670268097241859,-0.9553658191085437,Hibernating / At-Risk,0
13874,1,540.45,180,18,5.5055555555555555,United Kingdom,358,540.45,180.0,0,1.0,0.0,0.0,1,1,1,-1.0642003143550773,-1.2827313966286444,1.3018260088841485,Hibernating / At-Risk,0
13875,5,1786.79,1316,79,1.9584615384615385,United Kingdom,54,357.358,263.2,247,0.6072874493927126,0.0,0.0,1,0,2,1.206452726161774,-0.6486347862917456,-0.4065494278615138,Loyal Regulars,0
13876,1,122.7,36,7,5.114285714285714,United Kingdom,64,122.7,36.0,0,1.0,0.0,0.0,1,1,1,-2.6263330148457404,0.7409952262318421,-0.19548588724302393,Hibernating / At-Risk,0
13877,1,117.24,108,3,1.1766666666666665,United Kingdom,86,117.24,108.0,0,1.0,0.0,0.0,1,1,1,-2.317688563226749,0.6066147683729094,-0.09365346024970961,Hibernating / At-Risk,0
13878,1,1271.57,463,35,4.764571428571428,United Kingdom,55,1271.57,463.0,0,1.0,0.0,0.0,1,0,0,0.5781624788180698,-1.671763731696548,1.1911682235565035,Loyal Regulars,0
13880,13,3219.77,1842,125,2.68830303030303,United Kingdom,21,247.67461538461538,141.69230769230768,345,1.1304347826086956,0.0,0.0,1,2,2,2.3218285418191247,0.9035347244012867,-0.2849270069080766,Champions (High-Value),1
13881,20,17159.52,10118,72,2.6765168539325845,United Kingdom,4,857.976,505.9,308,1.9480519480519478,2.0,0.09090909090909091,1,2,2,5.095815878170944,0.8800578499079025,0.8475420465573816,Champions (High-Value),1
13882,5,1191.13,953,54,3.381846153846154,United Kingdom,3,238.22600000000003,190.6,61,2.459016393442623,1.0,0.16666666666666666,1,2,0,1.611364105114792,2.2385109338934237,0.7100865003023703,Champions (High-Value),1
13883,5,2674.48,1436,108,3.3760563380281687,United Kingdom,11,534.896,287.2,242,0.6198347107438017,4.0,0.4444444444444444,1,0,2,2.0082527118464917,-0.6037418216540902,-0.6673748103886672,Loyal Regulars,0
13884,5,787.6,300,45,3.5635593220338984,United Kingdom,7,157.52,60.0,276,0.5434782608695653,1.0,0.16666666666666666,1,0,0,0.34586924715115236,0.702074845174159,-1.7070818333772946,Loyal Regulars,0
13885,2,506.8,182,28,3.960714285714286,United Kingdom,189,253.4,91.0,11,2.0,0.0,0.0,1,1,1,-0.892663931194556,0.6769092357568165,1.7571539871022068,Hibernating / At-Risk,0
13886,1,243.56,126,16,3.805,United Kingdom,71,243.56,126.0,0,1.0,0.0,0.0,1,1,1,-1.5322615145261218,-0.049130048506007336,0.27301045242152444,Hibernating / At-Risk,0
13887,1,349.55,147,19,3.8542105263157898,United Kingdom,204,349.55,147.0,0,1.0,0.0,0.0,1,1,1,-1.404767768196897,-0.6950310917927711,0.848274995524233,Hibernating / At-Risk,0
13888,2,595.67,254,38,4.1635897435897435,United Kingdom,120,297.835,127.0,98,0.6122448979591837,0.0,0.0,1,0,0,-0.6886419179498747,-0.8002963473580199,-0.12809178246713174,Loyal Regulars,0
13889,1,416.90000000000003,146,15,3.8333333333333335,United Kingdom,93,416.90000000000003,146.0,0,1.0,0.0,0.0,1,1,1,-1.0440429480373328,-0.6474741222578206,0.6837048684314864,Hibernating / At-Risk,0
13890,10,1883.8100000000002,831,74,3.4015454545454546,United Kingdom,1,188.38100000000003,83.1,357,0.8403361344537815,4.0,0.2857142857142857,1,2,2,2.0425536287824,1.464693447117276,-1.667534991608009,Champions (High-Value),1
13892,4,632.97,983,26,1.1092592592592592,United Kingdom,27,158.2425,245.75,219,0.547945205479452,0.0,0.0,1,0,0,0.2732593599927024,0.18176751017451004,-1.1946759895751868,Loyal Regulars,0
13893,1,821.1,190,21,6.199999999999999,United Kingdom,298,821.1,190.0,0,1.0,0.0,0.0,1,0,0,-0.6072825270982152,-1.6360584256527546,1.4861694934294167,Loyal Regulars,0
13894,3,564.62,354,25,2.6707407407407406,United Kingdom,24,188.20666666666668,118.0,286,0.3146853146853147,2.0,0.4,1,0,1,-0.26826920284438,-0.31829814596289074,-1.5929329101009344,Loyal Regulars,0
13895,4,2593.07,1365,97,2.9353389830508476,United Kingdom,28,648.2675,341.25,136,0.8823529411764706,1.0,0.2,1,0,2,1.7643082127132355,-0.7535110008011892,0.23073755848960498,Loyal Regulars,0
13897,1,311.16,200,17,1.9476470588235293,United Kingdom,50,311.16,200.0,0,1.0,0.0,0.0,1,1,1,-1.035896019471922,-0.2285335874142086,0.31019857873122364,Hibernating / At-Risk,0
13898,1,155.93,133,12,2.6141666666666667,United Kingdom,326,155.93,133.0,0,1.0,0.0,0.0,1,1,1,-2.3119530331685363,-0.04709445017174436,0.5331066192169067,Hibernating / At-Risk,0
13899,2,388.52,156,19,3.0310526315789477,United Kingdom,16,194.26,78.0,258,0.23255813953488372,0.0,0.0,1,0,1,-0.8566611128460104,-0.42259985628456714,-1.858291450794775,Loyal Regulars,0
13900,3,740.95,430,42,3.113720930232558,United Kingdom,183,246.98333333333335,143.33333333333334,79,1.139240506329114,0.0,0.0,1,0,1,-0.30022197215984875,-0.03247438386325589,0.6945801425981738,Loyal Regulars,0
13901,5,2867.2,1739,144,3.7404697986577182,United Kingdom,72,573.4399999999999,347.8,246,0.6097560975609757,0.0,0.0,1,0,2,1.6838449948509002,-1.1989530155098016,-0.019768216094896453,Loyal Regulars,0
13904,2,332.64,332,24,1.323846153846154,United Kingdom,37,166.32,166.0,257,0.23346303501945526,0.0,0.0,1,0,1,-0.9104636741963489,-0.5626150360710694,-1.6510674682461535,Loyal Regulars,0
13908,4,2319.55,1477,103,2.4780165289256195,United Kingdom,80,579.8875,369.25,196,0.6122448979591837,1.0,0.2,1,0,2,1.380563602752698,-1.2909253467816666,0.0627151413319677,Loyal Regulars,0
13911,9,2580.91,2731,120,2.389189189189189,United Kingdom,57,286.7677777777778,303.44444444444446,251,1.0756972111553784,0.0,0.0,1,2,2,1.9638766732614379,0.2669410687788114,0.1432163038070655,Champions (High-Value),1
13914,2,626.45,380,28,2.5521212121212122,United Kingdom,12,313.225,190.0,24,2.0,1.0,0.3333333333333333,1,0,0,0.2799454036723497,1.14805386175191,0.9794307870799721,Loyal Regulars,0
13917,2,272.04,228,16,2.022222222222222,United Kingdom,50,136.02,114.0,141,0.425531914893617,0.0,0.0,1,1,1,-1.2747830671693992,-0.08867689718204484,-1.250060453115303,Hibernating / At-Risk,0
13918,2,1212.8400000000001,1140,30,2.1853333333333333,United Kingdom,50,606.4200000000001,570.0,203,0.2955665024630542,0.0,0.0,1,0,0,0.715829725764139,-1.873960009560285,-0.6139090229721059,Loyal Regulars,0
13919,2,348.81,472,23,1.6696153846153845,Denmark,59,174.405,236.0,62,0.9677419354838709,1.0,0.3333333333333333,0,1,1,-0.7007119054547889,0.30133025030375116,-0.07805436845603962,Hibernating / At-Risk,0
13922,1,172.25,93,7,4.988571428571428,United Kingdom,352,172.25,93.0,0,1.0,0.0,0.0,1,1,1,-2.379001653006429,-0.130774530463826,0.6083286985138799,Hibernating / At-Risk,0
13923,1,351.13,185,20,2.9745,United Kingdom,54,351.13,185.0,0,1.0,0.0,0.0,1,1,1,-0.973572411111013,-0.35743560350515463,0.4050049371183083,Hibernating / At-Risk,0
13924,6,1838.8500000000001,1575,90,2.6076068376068373,United Kingdom,2,306.475,262.5,70,2.571428571428571,5.0,0.45454545454545453,1,2,0,2.312619189652595,2.1663919550782897,0.832528482176111,Champions (High-Value),1
13925,4,678.25,331,28,5.914390243902439,United Kingdom,93,169.5625,82.75,42,2.857142857142857,2.0,0.3333333333333333,1,1,0,-0.11801231336224376,1.964869961759357,1.9292655909480816,Hibernating / At-Risk,0
13926,1,223.85000000000002,104,11,6.533636363636364,United Kingdom,23,223.85000000000002,104.0,0,1.0,0.0,0.0,1,1,1,-1.4039737976136653,0.35088793758583714,-0.15875445827417503,Hibernating / At-Risk,0
13927,1,348.99,214,21,2.6957142857142857,United Kingdom,75,348.99,214.0,0,1.0,0.0,0.0,1,1,1,-1.00505063169644,-0.45373837124098415,0.5162870627666591,Hibernating / At-Risk,0
13928,4,464.57,129,23,5.767407407407408,United Kingdom,11,116.1425,32.25,122,0.9836065573770493,0.0,0.0,1,1,1,-0.5164739117899799,1.4569120823899693,-0.9871426069422666,Hibernating / At-Risk,0
13929,2,842.65,143,8,5.294444444444444,United Kingdom,169,421.325,71.5,157,0.38216560509554137,1.0,0.3333333333333333,1,0,0,-0.7260669421651568,-1.5245394714971252,-0.27736776761274634,Loyal Regulars,0
13930,2,337.34,274,15,1.6405882352941177,United Kingdom,58,168.67,137.0,78,0.7692307692307692,0.0,0.0,1,1,1,-0.9738361300747648,0.14369628445896118,-0.431597073503982,Hibernating / At-Risk,0
13931,2,1237.53,725,56,2.0460344827586208,United Kingdom,96,618.765,362.5,185,0.3243243243243243,1.0,0.3333333333333333,1,0,0,0.3986886969501417,-1.979486793690856,-0.32825714121656296,Loyal Regulars,0
13932,1,307.4,72,16,6.103125,United Kingdom,295,307.4,72.0,0,1.0,0.0,0.0,1,1,1,-1.8964150482692979,-0.6102988403593451,0.8805711334562911,Hibernating / At-Risk,0
13933,2,608.7900000000001,205,23,3.460434782608696,United Kingdom,109,304.39500000000004,102.5,39,1.5384615384615383,0.0,0.0,1,1,1,-0.5874797189796767,0.26086101809507833,1.1867682841868001,Hibernating / At-Risk,0
13934,1,922.1,390,31,3.1870967741935483,United Kingdom,264,922.1,390.0,0,1.0,0.0,0.0,1,0,0,-0.18639321361524672,-1.7779244591604515,1.5316416615484665,Loyal Regulars,0
13936,1,376.58,330,26,1.5419230769230767,United Kingdom,180,376.58,330.0,0,1.0,1.0,0.5,1,1,1,-0.9868105489437916,-0.804079169802962,0.8702789990723276,Hibernating / At-Risk,0
13937,1,158.85,123,9,1.6944444444444444,United Kingdom,169,158.85,123.0,0,1.0,0.0,0.0,1,1,1,-2.1577437279460328,0.12248468474524553,0.3172412210741785,Hibernating / At-Risk,0
13938,1,71.66,70,7,1.012857142857143,United Kingdom,35,71.66,70.0,0,1.0,0.0,0.0,1,1,1,-2.713860879071496,1.3533323693693984,-0.6944825823447246,Hibernating / At-Risk,0
13939,3,568.55,847,43,1.1835555555555555,United Kingdom,23,189.51666666666665,282.3333333333333,288,0.3125,1.0,0.25,1,0,0,0.0909256621221337,-0.39577120018337697,-1.5850221362039578,Loyal Regulars,0
13940,4,839.14,516,39,3.121428571428571,United Kingdom,17,209.785,129.0,126,0.9523809523809523,0.0,0.0,1,0,0,0.46656001992193863,0.6234330432906942,-0.5127783139866313,Loyal Regulars,0
13941,5,5112.96,2364,24,3.8584444444444443,United Kingdom,22,1022.592,472.8,350,0.4285714285714286,2.0,0.2857142857142857,1,0,2,2.6017965393200537,-1.732839287519048,-0.4210573026144442,Loyal Regulars,0
13946,3,561.5699999999999,443,11,1.679090909090909,United Kingdom,79,187.18999999999997,147.66666666666666,188,0.4787234042553192,0.0,0.0,1,0,1,-0.44678546248977863,-0.3852310513238702,-0.8435393738390765,Loyal Regulars,0
13947,1,90.6,44,5,2.93,United Kingdom,65,90.6,44.0,0,1.0,0.0,0.0,1,1,1,-2.8329521636756048,1.0061269517751001,-0.3619120000796048,Hibernating / At-Risk,0
13948,1,102.0,40,3,3.9499999999999997,United Kingdom,361,102.0,40.0,0,1.0,0.0,0.0,1,1,1,-3.196363783518098,0.43359591151795457,0.2892608227035068,Hibernating / At-Risk,0
13949,6,2427.32,2474,124,1.456625,United Kingdom,3,404.55333333333334,412.3333333333333,91,1.978021978021978,0.0,0.0,1,2,0,2.6184815144360623,1.3671541992312992,0.5695461191138701,Champions (High-Value),1
13950,4,745.06,323,33,4.589714285714285,United Kingdom,11,186.265,80.75,235,0.5106382978723405,1.0,0.2,1,0,0,0.19666904833940865,0.30451610050115885,-1.4913788020575198,Loyal Regulars,0
13951,3,674.45,459,38,3.4892307692307694,United Kingdom,176,224.8166666666667,153.0,118,0.7627118644067797,0.0,0.0,1,0,1,-0.41189569622500827,-0.3802213698092456,0.05617783221910302,Loyal Regulars,0
13952,2,3251.07,1430,119,4.012573529411765,United Kingdom,218,1625.535,715.0,20,2.0,1.0,0.3333333333333333,1,0,0,1.6091080406789726,-1.3194278048367463,2.9516148167708844,Loyal Regulars,0
13953,7,3515.68,2724,8,2.293,United Kingdom,7,502.23999999999995,389.14285714285717,345,0.6086956521739131,0.0,0.0,1,2,2,2.6487781501512813,-0.39191524297009295,-0.9110050601923928,Champions (High-Value),1
13954,2,439.92,150,24,5.4508,United Kingdom,2,219.96,75.0,69,0.8695652173913044,1.0,0.3333333333333333,1,0,1,-0.1834059157457896,0.8918755335340729,-1.1521082532618052,Loyal Regulars,0
13955,2,322.96,154,33,3.016060606060606,United Kingdom,154,161.48,77.0,151,0.3973509933774835,0.0,0.0,1,1,1,-1.5604169117464373,-0.5682230578427425,-0.8371110130453289,Hibernating / At-Risk,0
13956,5,1019.27,486,123,3.4904761904761905,United Kingdom,5,203.85399999999998,97.2,266,0.5639097744360902,0.0,0.0,1,0,2,0.8523534543275317,0.5230476227847873,-1.6035228427913832,Loyal Regulars,0
13959,3,594.04,355,79,2.2066666666666666,United Kingdom,79,198.01333333333332,118.33333333333333,283,0.31802120141342755,0.0,0.0,1,0,1,-0.5172052055126022,-0.6814761373927237,-1.156123617887958,Loyal Regulars,0
13960,2,230.22,142,11,2.105,United Kingdom,21,115.11,71.0,50,1.2,0.0,0.0,1,1,1,-1.2649548890557263,1.3342682720120551,-0.3673523481897319,Hibernating / At-Risk,0
13962,2,169.55,87,11,7.019090909090909,United Kingdom,22,84.775,43.5,223,0.26905829596412556,0.0,0.0,1,1,1,-1.9204621054481419,0.3988507522404952,-2.1676739615707623,Hibernating / At-Risk,0
13963,4,664.54,460,35,3.2680000000000002,United Kingdom,308,166.135,115.0,59,2.0338983050847457,0.0,0.0,1,1,1,-0.3868909186732886,1.0787352046066916,1.6257288856320822,Hibernating / At-Risk,0
13967,1,80.7,42,2,3.6,United Kingdom,146,80.7,42.0,0,1.0,0.0,0.0,1,1,1,-3.1624974450288823,0.8988591037628669,-0.15536519337135277,Hibernating / At-Risk,0
13969,18,9024.17,4528,334,2.9629240710823908,United Kingdom,7,501.34277777777777,251.55555555555554,357,1.5126050420168067,2.0,0.1,1,2,2,3.994457454374278,0.929819881127056,0.22301481980383517,Champions (High-Value),1
13971,8,2758.26,1844,118,2.225167785234899,United Kingdom,19,344.7825,230.5,266,0.9022556390977443,3.0,0.2727272727272727,1,2,2,2.1021875566206525,0.1787962582979528,-0.35870226990590853,Champions (High-Value),1
13972,2,190.25,187,15,2.546,United Kingdom,71,95.125,93.5,131,0.45801526717557256,0.0,0.0,1,1,1,-1.764603160421599,0.22424089311968418,-1.2789223119921516,Hibernating / At-Risk,0
13973,1,264.7,109,11,3.7563636363636363,United Kingdom,287,264.7,109.0,0,1.0,0.0,0.0,1,1,1,-1.866755663072106,-0.49729182082338297,0.7941893984273712,Hibernating / At-Risk,0
13974,1,413.59000000000003,249,28,2.1967857142857143,United Kingdom,49,413.59000000000003,249.0,0,1.0,0.0,0.0,1,1,1,-0.6806725620785815,-0.5137411598003894,0.4760962227017903,Hibernating / At-Risk,0
13975,6,2461.2400000000002,1697,240,2.1640425531914893,United Kingdom,31,410.2066666666667,282.8333333333333,245,0.7346938775510204,1.0,0.14285714285714285,1,0,2,1.7830628404876991,-0.41897862891458704,-0.3137542808278339,Loyal Regulars,0
13976,1,357.98,154,10,3.568,United Kingdom,207,357.98,154.0,0,1.0,0.0,0.0,1,1,1,-1.3681660726539642,-0.7258872250312983,0.8684579931745355,Hibernating / At-Risk,0
13978,2,196.79000000000002,315,14,1.2106666666666668,United Kingdom,15,98.39500000000001,157.5,30,2.0,0.0,0.0,1,1,1,-0.9202722907487247,2.207376721951754,0.3683574555558931,Hibernating / At-Risk,0
13979,1,869.87,639,54,1.8322222222222222,United Kingdom,73,869.87,639.0,0,1.0,0.0,0.0,1,0,0,0.2801492209305143,-1.415193397656874,1.0721063757793878,Loyal Regulars,0
13980,1,200.14,172,11,3.9145454545454546,United Kingdom,60,200.14,172.0,0,1.0,0.0,0.0,1,1,1,-1.5501181104706558,0.15542591863966415,0.10913204759768967,Hibernating / At-Risk,0
13982,4,1871.81,1136,72,2.232072072072072,United Kingdom,39,467.9525,284.0,326,0.36809815950920244,1.0,0.2,1,0,2,1.2077371682990228,-1.243405348400069,-0.797348723809885,Loyal Regulars,0
13983,12,2603.43,1183,91,6.329999999999999,United Kingdom,30,216.9525,98.58333333333333,337,1.0682492581602374,1.0,0.07692307692307693,1,2,2,1.8414840087138118,0.8773553717608251,-0.32707244255288825,Champions (High-Value),1
13984,5,920.51,679,14,2.10875,United Kingdom,27,184.102,135.8,339,0.44247787610619466,1.0,0.16666666666666666,1,0,0,0.4695443680783637,-0.019016825395767482,-1.3640472324072435,Loyal Regulars,0
13985,15,7060.13,3445,108,2.384498567335244,United Kingdom,4,470.67533333333336,229.66666666666666,260,1.7307692307692308,1.0,0.0625,1,2,2,3.776133203173023,1.2645784259099966,0.3022034530347102,Champions (High-Value),1
13986,1,320.46,430,12,1.8615384615384616,United Kingdom,17,320.46,430.0,0,1.0,0.0,0.0,1,0,1,-0.4414569855299136,-0.03828579024277564,-0.010275943262857,Loyal Regulars,0
13988,6,4147.96,3044,188,2.99974358974359,United Kingdom,20,691.3266666666667,507.3333333333333,234,0.7692307692307693,3.0,0.3333333333333333,1,2,2,2.6125101696768014,-0.808130567417412,-0.07832618420917678,Champions (High-Value),1
13989,2,1266.08,1313,33,2.6253658536585367,United Kingdom,66,633.04,656.5,173,0.3468208092485549,0.0,0.0,1,0,0,0.7534768015110455,-1.9142110045237422,-0.3766838497004924,Loyal Regulars,0
13990,1,311.3,190,16,2.66,United Kingdom,213,311.3,190.0,0,1.0,0.0,0.0,1,1,1,-1.4229527487417024,-0.6194571289357232,0.8017152656981913,Hibernating / At-Risk,0
13991,6,851.88,994,57,1.5151851851851852,United Kingdom,12,141.98,165.66666666666666,131,1.3740458015267176,1.0,0.14285714285714285,1,2,2,0.9150954087325347,1.6030264386997486,-0.3324610360026779,Champions (High-Value),1
13992,1,76.8,64,5,1.17,United Kingdom,30,76.8,64.0,0,1.0,0.0,0.0,1,1,1,-2.646665174373967,1.3371851876956449,-0.7079305385624309,Hibernating / At-Risk,0
13993,9,3466.36,900,66,5.586942148760331,United Kingdom,43,385.1511111111111,100.0,287,0.9407665505226481,3.0,0.25,1,2,2,1.8513174540417408,0.008403192172957622,-0.006075182184516836,Champions (High-Value),1
13994,6,2274.14,932,122,3.7539189189189193,United Kingdom,4,379.0233333333333,155.33333333333334,144,1.25,0.0,0.0,1,2,2,2.029843403587719,0.8154855705553714,-0.2453811316815063,Champions (High-Value),1
13995,5,1393.69,879,55,2.227558139534884,United Kingdom,15,278.738,175.8,230,0.6521739130434783,1.0,0.16666666666666666,1,0,0,1.1416209826100203,0.02730316221974677,-0.9056440529110394,Loyal Regulars,0
13999,12,3901.81,2243,102,2.274903846153846,United Kingdom,10,325.1508333333333,186.91666666666666,351,1.0256410256410258,3.0,0.2,1,2,2,2.7281510899714756,0.6726070925041088,-0.49040975794721664,Champions (High-Value),1
14000,1,635.66,710,15,1.9493333333333334,United Kingdom,211,635.66,710.0,0,1.0,1.0,0.5,1,0,0,-0.23977340449612275,-1.4154110496262706,1.252027766604023,Loyal Regulars,0
14001,3,2043.0800000000002,962,34,3.536153846153846,United Kingdom,46,681.0266666666668,320.6666666666667,327,0.27522935779816515,1.0,0.25,1,0,2,1.1486589131628695,-1.8764857692361554,-0.6853049801369453,Loyal Regulars,0
14002,2,529.73,877,47,2.411489361702128,United Kingdom,134,264.865,438.5,22,2.0,0.0,0.0,1,1,0,-0.14665172820666703,0.5878838257249364,1.7067472666371226,Hibernating / At-Risk,0
14004,7,4582.64,2668,102,2.8440350877192984,United Kingdom,43,654.6628571428572,381.14285714285717,245,0.8571428571428572,0.0,0.0,1,2,2,2.4949215231086024,-0.7845098975594664,0.25377562617541627,Champions (High-Value),1
14005,5,2874.72,2478,53,2.205238095238095,United Kingdom,10,574.944,495.6,206,0.7281553398058253,0.0,0.0,1,2,2,2.3324229335302453,-0.5498715567814062,-0.44943654136313377,Champions (High-Value),1
14006,3,962.19,641,22,2.3706666666666667,United Kingdom,116,320.73,213.66666666666666,196,0.45918367346938777,0.0,0.0,1,0,0,0.09693298992204878,-1.0658410511326397,-0.4269577203957655,Loyal Regulars,0
14009,2,695.61,365,42,2.822142857142857,United Kingdom,198,347.805,182.5,7,2.0,1.0,0.3333333333333333,1,1,1,-0.3374903002858691,0.30031407084780287,1.9769346138163606,Hibernating / At-Risk,0
14012,1,328.8,160,11,2.8318181818181816,United Kingdom,278,328.8,160.0,0,1.0,0.0,0.0,1,1,1,-1.507394765098678,-0.7292305029614659,0.9204296089994478,Hibernating / At-Risk,0
14013,3,473.02,462,30,1.3817647058823528,United Kingdom,110,157.67333333333332,154.0,165,0.5454545454545454,0.0,0.0,1,0,1,-0.6596855243703194,-0.21542665310677228,-0.7000459066821929,Loyal Regulars,0
14014,1,505.18,1076,39,0.5679487179487179,United Kingdom,77,505.18,1076.0,0,1.0,0.0,0.0,1,0,1,-0.03372439442262186,-0.9582637402104462,0.7845039038337647,Loyal Regulars,0
14015,1,917.34,378,20,3.107,United Kingdom,53,917.34,378.0,0,1.0,0.0,0.0,1,0,0,0.2040183813758858,-1.3319573665143465,0.9814098964791668,Loyal Regulars,0
14016,4,4291.21,2124,153,3.66175,EIRE,162,1072.8025,531.0,195,0.6153846153846154,1.0,0.2,0,0,0,1.9173926921415405,-2.0986804019604186,0.6797337291483281,Loyal Regulars,0
14019,3,1421.61,1037,37,2.4148484848484846,United Kingdom,47,473.86999999999995,345.6666666666667,91,0.989010989010989,1.0,0.25,1,0,0,0.9730719452867662,-0.528265508011919,0.4234126042798513,Loyal Regulars,0
14020,2,642.8,441,37,2.848974358974359,United Kingdom,17,321.4,220.5,71,0.8450704225352113,0.0,0.0,1,0,0,0.12851003493672075,-0.08937835644721027,-0.3251708732840438,Loyal Regulars,0
14021,3,631.9,192,22,4.502272727272727,United Kingdom,155,210.63333333333333,64.0,101,0.8910891089108911,0.0,0.0,1,1,1,-0.7602164851843122,-0.04481183067486595,0.15947797162003688,Hibernating / At-Risk,0
14022,1,440.0,487,28,1.2953571428571429,United Kingdom,225,440.0,487.0,0,1.0,0.0,0.0,1,1,1,-0.7462702833506017,-1.0484612238095776,1.0480659287510166,Hibernating / At-Risk,0
14023,2,584.07,345,30,2.870967741935484,United Kingdom,7,292.035,172.5,242,0.24793388429752067,0.0,0.0,1,0,0,0.029789075293144836,-0.6455481290926415,-1.8209712021415883,Loyal Regulars,0
14024,2,327.7,150,16,3.70125,United Kingdom,122,163.85,75.0,2,2.0,0.0,0.0,1,1,1,-1.2614533743135468,1.2284979264211924,1.3473995158058665,Hibernating / At-Risk,0
14027,1,104.82,62,6,2.143333333333333,United Kingdom,61,104.82,62.0,0,1.0,0.0,0.0,1,1,1,-2.5500820522426393,0.8552515600621513,-0.2896618757914646,Hibernating / At-Risk,0
14029,2,467.66,198,15,4.366,United Kingdom,63,233.83,99.0,80,0.75,0.0,0.0,1,1,0,-0.8223849208051178,-0.18507334534253186,-0.2530974602570365,Hibernating / At-Risk,0
14030,8,2358.84,1478,210,4.066033057851239,United Kingdom,18,294.855,184.75,348,0.6896551724137931,0.0,0.0,1,2,2,1.8461811740747283,0.09119693799055205,-0.8238541673158997,Champions (High-Value),1
14031,19,17286.86,5788,119,4.32708,United Kingdom,7,909.8347368421053,304.63157894736844,365,1.5616438356164384,4.0,0.17391304347826086,1,2,2,4.710615037763679,0.4042231357430964,0.6250864921492741,Champions (High-Value),1
14032,11,2975.59,2032,53,2.38993006993007,United Kingdom,2,270.5081818181818,184.72727272727272,364,0.9065934065934066,7.0,0.3888888888888889,1,2,2,2.739128708883369,1.0441159675270237,-1.207987491555417,Champions (High-Value),1
14034,3,648.89,420,82,2.4025581395348836,United Kingdom,22,216.29666666666665,140.0,135,0.6666666666666666,1.0,0.25,1,0,0,0.022765220280094506,0.09873461871842694,-0.8351257436950302,Loyal Regulars,0
14035,5,1428.02,739,41,2.81030303030303,United Kingdom,29,285.604,147.8,268,0.5597014925373134,0.0,0.0,1,0,0,0.917156092361225,-0.2849599905115549,-0.8500747713935741,Loyal Regulars,0
14036,1,626.65,268,38,4.371842105263158,United Kingdom,285,626.65,268.0,0,1.0,0.0,0.0,1,0,1,-0.7124025322697347,-1.3968482165899274,1.3210465572208672,Loyal Regulars,0
14037,2,147.20000000000002,46,27,3.460714285714286,United Kingdom,176,73.60000000000001,23.0,188,0.3191489361702128,0.0,0.0,1,1,1,-2.8085265036735083,0.11490010001571777,-1.4510539746816218,Hibernating / At-Risk,0
14038,3,1560.38,965,64,1.917717391304348,United Kingdom,78,520.1266666666667,321.6666666666667,128,0.703125,1.0,0.25,1,0,0,0.8557156701384766,-1.1021535817276658,0.1891645807765086,Loyal Regulars,0
14039,1,152.2,92,6,2.033333333333333,United Kingdom,33,152.2,92.0,0,1.0,0.0,0.0,1,1,1,-1.8982869350847849,0.6323219189376068,-0.26808471649137083,Hibernating / At-Risk,0
14040,12,3560.32,1544,146,3.7856768558951965,United Kingdom,41,296.6933333333333,128.66666666666666,290,1.2413793103448276,3.0,0.2,1,2,2,2.1841940549257934,0.6553996987980694,0.20510584778723012,Champions (High-Value),1
14041,1,141.41,94,21,1.870952380952381,United Kingdom,266,141.41,94.0,0,1.0,0.0,0.0,1,1,1,-2.48585616496097,0.13242235117862325,0.3973477899368734,Hibernating / At-Risk,0
14044,4,646.42,304,165,2.58,United Kingdom,27,161.605,76.0,283,0.42402826855123676,0.0,0.0,1,0,0,-0.1942106558315123,0.07664930878312078,-1.459405275746209,Loyal Regulars,0
14045,4,1659.75,535,4,4.233333333333333,United Kingdom,109,414.9375,133.75,264,0.45454545454545453,0.0,0.0,1,0,0,0.5596915027928846,-1.199935606643942,-0.3592478667516608,Loyal Regulars,0
14046,1,151.59,443,13,0.566923076923077,United Kingdom,284,151.59,443.0,0,1.0,0.0,0.0,1,1,1,-1.8312116598590908,-0.09019912945762784,0.5007301650945185,Hibernating / At-Risk,0
14047,5,1308.6100000000001,381,22,4.8353125,United Kingdom,9,261.72200000000004,76.2,364,0.4120879120879121,2.0,0.2857142857142857,1,0,0,0.8263486219506883,-0.06671916892598877,-1.5895174864388124,Loyal Regulars,0
14048,1,409.93,288,83,2.1890588235294115,United Kingdom,305,409.93,288.0,0,1.0,1.0,0.5,1,1,1,-1.095921684357473,-1.0173686842721092,1.0968888429994843,Hibernating / At-Risk,0
14049,4,5578.72,3808,348,2.5833472803347277,United Kingdom,17,1394.68,952.0,301,0.39867109634551495,2.0,0.3333333333333333,1,0,2,2.91121504334823,-2.123513920077171,-0.3328655148845787,Loyal Regulars,0
14050,2,746.36,689,49,1.5387037037037037,United Kingdom,32,373.18,344.5,74,0.8108108108108107,0.0,0.0,1,0,0,0.2815783637430629,-0.4814986785106298,-0.07301416504427477,Loyal Regulars,0
14051,23,15610.390000000001,3756,52,4.660714285714286,United Kingdom,1,678.7126086956522,163.30434782608697,365,1.8904109589041096,3.0,0.11538461538461539,1,2,2,4.869417626954503,1.4543816879800497,0.2804548376090283,Champions (High-Value),1
14052,1,225.36,89,56,2.882142857142857,United Kingdom,20,225.36,89.0,0,1.0,0.0,0.0,1,1,1,-1.4242230054881793,0.39514728249415815,-0.20471308297330174,Hibernating / At-Risk,0
14053,2,260.25,215,2,1.3775,United Kingdom,124,130.125,107.5,35,1.7142857142857142,0.0,0.0,1,1,1,-1.369115538567381,1.182024483802734,0.9320433647082836,Hibernating / At-Risk,0
14054,1,92.46,62,6,1.5133333333333334,United Kingdom,65,92.46,62.0,0,1.0,0.0,0.0,1,1,1,-2.6817639962295368,0.956660116410627,-0.3412789520065561,Hibernating / At-Risk,0
14055,1,725.6400000000001,216,10,4.453,United Kingdom,106,725.6400000000001,216.0,0,1.0,0.0,0.0,1,0,0,-0.40873984156589815,-1.2465554226542024,1.0639187388363187,Loyal Regulars,0
14056,23,8152.71,4252,320,2.8171691176470586,United Kingdom,1,354.46565217391304,184.8695652173913,282,2.4468085106382977,6.0,0.20689655172413793,1,2,2,4.36850007915736,2.4644767003202834,0.4220219759633894,Champions (High-Value),1
14057,17,6211.66,4873,179,1.9354416961130743,United Kingdom,24,365.39176470588234,286.6470588235294,336,1.517857142857143,1.0,0.05555555555555555,1,2,2,3.3756663977642747,0.8936589269825201,0.448995313748264,Champions (High-Value),1
14059,1,183.6,128,8,2.3125,United Kingdom,267,183.6,128.0,0,1.0,0.0,0.0,1,1,1,-2.124727471242557,-0.14396353162920175,0.5593320828973315,Hibernating / At-Risk,0
14060,19,6140.42,5386,86,1.4406930693069306,United Kingdom,5,323.18,283.4736842105263,368,1.5489130434782608,1.0,0.05,1,2,2,3.7915714138532333,1.465462956777173,-0.0983325346892986,Champions (High-Value),1
14062,12,10464.85,5593,60,2.8256756756756753,United Kingdom,10,872.0708333333333,466.0833333333333,354,1.0169491525423728,0.0,0.0,1,2,2,4.0041665589043545,-0.36002157027811676,0.10031468603461044,Champions (High-Value),1
14064,5,1334.34,1772,59,1.6006493506493507,United Kingdom,29,266.868,354.4,245,0.6122448979591837,2.0,0.2857142857142857,1,0,2,1.2083717466153265,-0.2233142846543175,-0.769169213482976,Loyal Regulars,0
14066,1,152.55,45,7,4.364285714285715,United Kingdom,267,152.55,45.0,0,1.0,0.0,0.0,1,1,1,-2.7021989885520417,0.12469364808341671,0.42397741479080886,Hibernating / At-Risk,0
14067,2,374.7,361,51,2.8625,United Kingdom,64,187.35,180.5,32,1.875,0.0,0.0,1,1,1,-0.6427408891802663,1.1010505173812786,1.1039801645730971,Hibernating / At-Risk,0
14068,1,265.85,73,22,4.091666666666667,United Kingdom,320,265.85,73.0,0,1.0,0.0,0.0,1,1,1,-2.0465904284803837,-0.49564277682555813,0.8236188469221787,Hibernating / At-Risk,0
14071,8,1422.75,956,270,2.419968847352025,United Kingdom,4,177.84375,119.5,261,0.9195402298850576,1.0,0.1111111111111111,1,2,2,1.5866697595496249,1.2703460915934464,-1.21340832580694,Champions (High-Value),1
14073,1,151.04,130,13,2.1415384615384614,United Kingdom,32,151.04,130.0,0,1.0,1.0,0.5,1,1,1,-1.7628379399221614,0.6169877242774172,-0.27384719379993855,Hibernating / At-Risk,0
14075,3,942.26,754,33,1.8132558139534884,United Kingdom,5,314.08666666666664,251.33333333333334,256,0.3515625,0.0,0.0,1,0,0,0.8785209116422301,-0.4171251747216823,-1.6814820152882273,Loyal Regulars,0
14076,1,118.67,79,43,2.014090909090909,United Kingdom,129,118.67,79.0,0,1.0,0.0,0.0,1,1,1,-2.5311561693466778,0.5123154721995814,0.043274315243069156,Hibernating / At-Risk,0
14077,5,499.41999999999996,268,33,2.665952380952381,United Kingdom,41,99.88399999999999,53.6,233,0.6437768240343348,0.0,0.0,1,1,1,-0.525788432489954,0.8310394603126328,-1.2206385591507447,Hibernating / At-Risk,0
14078,6,1049.37,310,46,2.6804615384615382,United Kingdom,102,174.89499999999998,51.666666666666664,271,0.6642066420664207,0.0,0.0,1,0,1,0.010482303372083626,0.12832403169229725,-0.5790070269803826,Loyal Regulars,0
14079,1,375.1,301,12,3.2733333333333334,United Kingdom,125,375.1,301.0,0,1.0,0.0,0.0,1,1,1,-0.9337786083201907,-0.6922955717145071,0.7411586905260267,Hibernating / At-Risk,0
14080,1,45.599999999999994,48,4,0.95,United Kingdom,33,45.599999999999994,48.0,0,1.0,0.0,0.0,1,1,1,-3.200787375914678,1.8134552458633009,-0.9787316515029338,Hibernating / At-Risk,0
14081,2,921.62,592,126,3.0251333333333332,United Kingdom,302,460.81,296.0,67,0.8955223880597015,2.0,0.5,1,0,0,-0.13583380430742406,-1.1752895336919924,0.9434129618069856,Loyal Regulars,0
14082,1,182.25,110,28,2.587586206896552,United Kingdom,365,182.25,110.0,0,1.0,0.0,0.0,1,1,1,-2.270562216475489,-0.20928823933679674,0.6581219887393648,Hibernating / At-Risk,0
14083,9,1002.9,705,162,2.836497175141243,United Kingdom,4,111.43333333333334,78.33333333333333,367,0.7356948228882835,0.0,0.0,1,2,2,1.1263260386664296,1.5535241978222694,-1.8155461969109603,Champions (High-Value),1
14085,18,4421.29,3177,272,2.3980580357142856,United Kingdom,2,245.62722222222223,176.5,366,1.4754098360655739,1.0,0.05263157894736842,1,2,2,3.4382814036276397,1.8775095080794426,-0.5859118365291435,Champions (High-Value),1
14087,1,191.47,250,61,1.398235294117647,United Kingdom,3,191.47,250.0,0,1.0,1.0,0.5,1,1,1,-0.7466809404417614,0.9146108961221315,-0.842871008450609,Hibernating / At-Risk,0
14088,13,50491.81,12665,379,5.730696095076401,United Kingdom,10,3883.9853846153846,974.2307692307693,312,1.25,1.0,0.07142857142857142,1,2,2,5.020601233856075,-0.909870774171066,0.9022737269601718,Champions (High-Value),1
14089,1,158.75,133,13,2.2038461538461536,United Kingdom,57,158.75,133.0,0,1.0,0.0,0.0,1,1,1,-1.852320466699788,0.4123491694086477,-0.05045040030910905,Hibernating / At-Risk,0
14090,1,76.32000000000001,72,1,1.06,United Kingdom,325,76.32000000000001,72.0,0,1.0,0.0,0.0,1,1,1,-3.209471374356639,0.6844656911041804,0.09961923410146374,Hibernating / At-Risk,0
14092,14,4076.91,2066,117,2.7328971962616824,United Kingdom,8,291.2078571428571,147.57142857142858,350,1.2,3.0,0.17647058823529413,1,2,2,2.8363369683032342,1.0865276997526283,-0.4146929146982557,Champions (High-Value),1
14093,1,433.86,391,95,1.5163,United Kingdom,12,433.86,391.0,0,1.0,0.0,0.0,1,0,1,-0.11405819292329826,-0.22869654884300772,0.0532750373555753,Loyal Regulars,0
14096,17,53258.43,16336,1118,4.2053169774288515,United Kingdom,4,3132.8488235294117,960.9411764705883,97,5.257731958762887,17.0,0.5,1,2,2,5.630706737492501,1.1705692184112784,2.80498536750313,Champions (High-Value),1
14098,1,147.35,104,21,1.7047619047619047,United Kingdom,37,147.35,104.0,0,1.0,0.0,0.0,1,1,1,-1.9089580735515084,0.621490435743893,-0.24563758287524826,Hibernating / At-Risk,0
14099,11,3104.17,2179,167,2.59356,United Kingdom,16,282.1972727272727,198.0909090909091,338,0.9763313609467454,1.0,0.08333333333333333,1,2,2,2.3726993006106367,0.6017322402556299,-0.4794859857483042,Champions (High-Value),1
14100,1,191.95000000000002,63,24,3.406,United Kingdom,138,191.95000000000002,63.0,0,1.0,0.0,0.0,1,1,1,-2.1913054102851715,0.0576917745871639,0.34153363051796715,Hibernating / At-Risk,0
14101,6,5976.79,6942,15,1.73,United Kingdom,74,996.1316666666667,1157.0,252,0.7142857142857143,0.0,0.0,1,2,2,2.941051843414395,-1.6534776418602168,0.5020118037757458,Champions (High-Value),1
14102,5,1105.8799999999999,769,35,2.335,United Kingdom,5,221.176,153.8,39,3.846153846153846,3.0,0.375,1,2,0,1.4562438318221285,2.96961213294302,1.7738917323302745,Champions (High-Value),1
14104,2,216.20999999999998,72,21,7.933809523809523,United Kingdom,155,108.10499999999999,36.0,11,2.0,0.0,0.0,1,1,1,-1.9935146389817295,1.6227614695794588,1.1670652392804237,Hibernating / At-Risk,0
14105,1,1266.23,800,74,2.9174324324324328,United Kingdom,239,1266.23,800.0,0,1.0,1.0,0.5,1,0,0,0.41639773228148,-2.1177682221146585,1.7028266805338261,Loyal Regulars,0
14107,7,2703.23,1793,61,2.6591056910569106,United Kingdom,52,386.17571428571426,256.14285714285717,312,0.673076923076923,1.0,0.125,1,0,2,1.76759074947179,-0.5351416297307141,-0.31093253871572835,Loyal Regulars,0
14108,2,597.91,381,33,3.093235294117647,United Kingdom,31,298.955,190.5,70,0.8571428571428571,1.0,0.3333333333333333,1,0,0,-0.14154719677615327,-0.150934115701694,-0.15457923080122532,Loyal Regulars,0
14109,1,144.2,88,9,2.466666666666667,United Kingdom,73,144.2,88.0,0,1.0,1.0,0.5,1,1,1,-2.164762740255684,0.47325651510314504,-0.03367725599859636,Hibernating / At-Risk,0
14110,12,5683.15,2445,94,2.3614193548387097,United Kingdom,4,473.5958333333333,203.75,263,1.3688212927756653,1.0,0.07692307692307693,1,2,2,3.3622110725217387,0.8810505343823096,-0.07604442074273515,Champions (High-Value),1
14111,4,692.85,458,10,3.6799999999999997,United Kingdom,14,173.2125,114.5,227,0.5286343612334802,1.0,0.2,1,0,0,0.21288643602138874,0.30778867454280656,-1.4131838036680293,Loyal Regulars,0
14112,7,2915.15,1651,117,2.5103125,United Kingdom,23,416.45,235.85714285714286,253,0.8300395256916996,5.0,0.4166666666666667,1,2,2,2.0360118625064194,-0.1766498014572626,-0.2760956859957416,Champions (High-Value),1
14113,4,1840.42,745,26,2.481176470588235,United Kingdom,4,460.105,186.25,351,0.3418803418803419,4.0,0.5,1,0,2,1.5527933176939706,-0.6607035035559322,-1.5896706201002255,Loyal Regulars,0
14114,2,386.53,101,15,6.312666666666667,United Kingdom,274,193.265,50.5,56,1.0714285714285714,0.0,0.0,1,1,1,-1.5835656471650268,0.039605199583141654,0.6164611097175168,Hibernating / At-Risk,0
14116,5,1382.74,707,61,3.251666666666667,United Kingdom,20,276.548,141.4,101,1.4851485148514851,0.0,0.0,1,2,0,1.1053864031954381,0.911587908233699,0.3829229427195478,Champions (High-Value),1
14117,1,90.0,72,3,1.25,United Kingdom,144,90.0,72.0,0,1.0,0.0,0.0,1,1,1,-2.8502272057972093,0.752056969301876,-0.08278281388875497,Hibernating / At-Risk,0
14121,4,2780.15,2082,148,2.2942138364779874,United Kingdom,4,695.0375,520.5,56,2.142857142857143,2.0,0.3333333333333333,1,2,0,2.6042191011890248,0.7967831983827564,1.19261298604162,Champions (High-Value),1
14124,1,419.58000000000004,1618,4,0.358,United Kingdom,84,419.58000000000004,1618.0,0,1.0,0.0,0.0,1,0,1,-0.06777802511097698,-0.8416633297652963,0.7156701597979901,Loyal Regulars,0
14125,3,2720.63,1628,159,3.170421686746988,United Kingdom,11,906.8766666666667,542.6666666666666,67,1.3432835820895521,0.0,0.0,1,2,0,2.1601692505551116,-0.43168833696506403,0.8244734534723441,Champions (High-Value),1
14126,3,706.1300000000001,508,14,4.040666666666667,United Kingdom,8,235.3766666666667,169.33333333333334,2,3.0,1.0,0.25,1,2,0,0.6873461999853446,2.2586657890003887,1.4822598799251232,Champions (High-Value),1
14127,3,709.71,321,39,3.9595454545454545,United Kingdom,123,236.57000000000002,107.0,187,0.48128342245989303,0.0,0.0,1,0,1,-0.467687440965882,-0.6957414776020417,-0.5591553851267325,Loyal Regulars,0
14128,2,637.5,564,40,1.895,United Kingdom,61,318.75,282.0,195,0.3076923076923077,0.0,0.0,1,0,0,-0.20590947268369972,-1.2303134807648808,-0.9153501576486729,Loyal Regulars,0
14129,5,1123.8600000000001,592,31,2.734423076923077,United Kingdom,2,224.77200000000002,118.4,259,0.5791505791505792,0.0,0.0,1,0,2,1.201150998482272,0.6255267195737919,-1.7505752154568386,Loyal Regulars,0
14130,1,480.91,257,66,2.8640909090909092,United Kingdom,319,480.91,257.0,0,1.0,0.0,0.0,1,1,1,-1.0036737494263999,-1.1716699299528928,1.2030483765504296,Hibernating / At-Risk,0
14132,11,3586.0299999999997,3368,100,1.71775,United Kingdom,2,326.00272727272727,306.1818181818182,181,1.8232044198895028,1.0,0.08333333333333333,1,2,2,3.232945463464129,1.7173040910193922,0.07386005954309367,Champions (High-Value),1
14133,3,605.64,348,25,3.7950000000000004,United Kingdom,130,201.88,116.0,186,0.48387096774193544,2.0,0.4,1,0,1,-0.5967201225910106,-0.5633160266137782,-0.6259444872567818,Loyal Regulars,0
14135,15,4690.31,3850,95,2.472462686567164,United Kingdom,2,312.68733333333336,256.6666666666667,371,1.2129380053908356,0.0,0.0,1,2,2,3.5053607425472015,1.3049088562618456,-0.7313009607291456,Champions (High-Value),1
14138,2,965.8800000000001,600,40,2.3260869565217392,United Kingdom,2,482.94000000000005,300.0,62,0.9677419354838709,0.0,0.0,1,0,1,1.1068739557295733,0.13556267308150938,-0.5034317988991235,Loyal Regulars,0
14139,1,415.82,510,26,1.4576923076923076,United Kingdom,46,415.82,510.0,0,1.0,0.0,0.0,1,0,1,-0.3783692707940685,-0.5661273524270954,0.4767056972288838,Loyal Regulars,0
14140,2,935.05,811,60,1.823939393939394,United Kingdom,4,467.525,405.5,27,2.0,1.0,0.3333333333333333,1,2,0,1.1948716100026908,0.9616096693364933,0.9061455531667788,Champions (High-Value),1
14141,4,915.13,355,27,3.5195,United Kingdom,3,228.7825,88.75,102,1.1764705882352942,2.0,0.3333333333333333,1,0,2,0.8190896104125321,1.236983142885123,-0.6675063842631906,Loyal Regulars,0
14142,1,311.81,313,22,1.7704545454545455,United Kingdom,373,311.81,313.0,0,1.0,0.0,0.0,1,1,1,-1.3659777279919794,-0.8165680616919033,1.0037414982400499,Hibernating / At-Risk,0
14143,1,115.8,30,7,5.485714285714286,United Kingdom,134,115.8,30.0,0,1.0,0.0,0.0,1,1,1,-2.936669954643209,0.6103831562581656,0.0171472863066652,Hibernating / At-Risk,0
14145,4,3742.2,756,6,4.95,United Kingdom,47,935.55,189.0,170,0.7058823529411764,1.0,0.2,1,0,2,1.7136844960761577,-1.4139497627082607,0.31329527150501496,Loyal Regulars,0
14146,5,4191.0,2437,183,2.6339047619047617,United Kingdom,9,838.2,487.4,348,0.4310344827586207,1.0,0.16666666666666666,1,0,2,2.642619589595677,-1.3124596764829777,-0.8181465947947838,Loyal Regulars,0
14147,2,483.4,108,4,4.55,United Kingdom,78,241.7,54.0,207,0.2898550724637681,1.0,0.3333333333333333,1,1,1,-1.1770280686765806,-0.9170203526745663,-1.0780026840890262,Hibernating / At-Risk,0
14148,1,157.2,16,3,7.55,United Kingdom,234,157.2,16.0,0,1.0,0.0,0.0,1,1,1,-3.032652358446528,0.22193954918183498,0.3703564226544549,Hibernating / At-Risk,0
14149,1,446.62,218,28,2.9699999999999998,United Kingdom,221,446.62,218.0,0,1.0,2.0,0.6666666666666666,1,1,1,-1.0432674261057577,-0.98569851519618,1.0297364088216143,Hibernating / At-Risk,0
14150,2,658.64,496,23,1.6823076923076923,United Kingdom,36,329.32,248.0,324,0.18518518518518517,0.0,0.0,1,0,0,-0.1214118687515116,-1.3109361831054152,-1.3397887362993068,Loyal Regulars,0
14152,2,621.29,711,47,1.143469387755102,United Kingdom,75,310.645,355.5,158,0.379746835443038,1.0,0.3333333333333333,1,0,0,-0.174345431768924,-1.1602110748359045,-0.696099691719542,Loyal Regulars,0
14154,2,1345.62,465,52,7.893076923076923,United Kingdom,239,672.81,232.5,0,2.0,0.0,0.0,1,0,0,0.32308713063397937,-0.40197717396481075,2.435098643415641,Loyal Regulars,0
14155,1,118.75,25,6,5.45,United Kingdom,266,118.75,25.0,0,1.0,0.0,0.0,1,1,1,-3.1573891878998417,0.4145082855810664,0.2614611853045632,Hibernating / At-Risk,0
14156,54,116560.08,57755,713,3.399949348769898,EIRE,10,2158.52,1069.537037037037,361,4.487534626038781,11.0,0.16923076923076924,0,2,2,5.80278387571877,1.2311461457207262,2.9242921781552376,Champions (High-Value),1
14157,2,424.89000000000004,271,45,2.219782608695652,United Kingdom,20,212.44500000000002,135.5,265,0.22641509433962262,1.0,0.3333333333333333,1,0,1,-0.612959249074088,-0.6267275171139713,-1.7336762656715736,Loyal Regulars,0
14158,1,507.66,781,41,1.5365853658536586,United Kingdom,40,507.66,781.0,0,1.0,0.0,0.0,1,0,0,0.009563635653130996,-0.7569657154652566,0.5581069935435699,Loyal Regulars,0
14159,11,4627.98,4345,500,1.4980664395229983,United Kingdom,20,420.7254545454545,395.0,343,0.9620991253644314,3.0,0.21428571428571427,1,2,2,2.9592504820999537,0.08451067015797194,-0.17581256044020285,Champions (High-Value),1
14161,3,1097.6200000000001,450,87,3.191153846153846,United Kingdom,216,365.8733333333334,150.0,153,0.5882352941176471,0.0,0.0,1,0,0,-0.05170810816024349,-1.1361871587646541,0.1034983635214816,Loyal Regulars,0
14162,2,289.36,142,25,3.8892,United Kingdom,174,144.68,71.0,118,0.5084745762711864,0.0,0.0,1,1,1,-1.7013366496490752,-0.3154097538253442,-0.6358238241192946,Hibernating / At-Risk,0
14163,4,2445.91,893,36,4.738076923076923,United Kingdom,87,611.4775,223.25,151,0.794701986754967,0.0,0.0,1,0,2,1.2439355461180774,-1.074328460002094,0.42577799930562243,Loyal Regulars,0
14164,2,1631.77,1033,28,1.5541379310344827,United Kingdom,71,815.885,516.5,10,2.0,0.0,0.0,1,0,0,1.1246528604486823,-0.32591668620803066,2.155738328012496,Loyal Regulars,0
14165,1,120.44,53,23,3.285,United Kingdom,276,120.44,53.0,0,1.0,0.0,0.0,1,1,1,-2.866009600311616,0.3252483127268827,0.3014601443747155,Hibernating / At-Risk,0
14167,4,562.59,147,27,4.3104000000000005,United Kingdom,39,140.6475,36.75,291,0.4123711340206186,0.0,0.0,1,0,1,-0.701601956751541,0.15652673436712594,-1.4613206125530187,Loyal Regulars,0
14171,1,363.79,167,57,2.8863793103448274,United Kingdom,98,363.79,167.0,0,1.0,0.0,0.0,1,1,1,-1.1313231315380874,-0.5439421304672541,0.6250145551727011,Hibernating / At-Risk,0
14173,4,450.84,150,28,4.376896551724138,United Kingdom,11,112.71,37.5,208,0.5769230769230769,0.0,0.0,1,1,1,-0.5563261335724553,0.9479888016207697,-1.6782455138016803,Hibernating / At-Risk,0
14174,1,134.46,94,26,1.9373076923076922,United Kingdom,33,134.46,94.0,0,1.0,0.0,0.0,1,1,1,-2.0045164404227163,0.7479528161974422,-0.33994921476688683,Hibernating / At-Risk,0
14175,3,3222.3,1515,139,3.7063758389261743,United Kingdom,60,1074.1000000000001,505.0,269,0.3345724907063197,4.0,0.5714285714285714,1,0,2,1.6985668865413568,-2.319987712637724,-0.1817408990079908,Loyal Regulars,0
14176,4,576.9000000000001,209,28,3.574193548387097,United Kingdom,297,144.22500000000002,52.25,70,1.7142857142857142,1.0,0.2,1,1,1,-0.8527803369315169,1.0395562706477932,1.181270658500934,Hibernating / At-Risk,0
14177,4,549.46,204,37,4.21,United Kingdom,86,137.365,51.0,93,1.2903225806451613,1.0,0.2,1,1,1,-0.6446270090432129,1.039356199914772,0.22777208776155602,Hibernating / At-Risk,0
14178,7,1580.26,1492,190,1.6439556962025317,United Kingdom,9,225.75142857142856,213.14285714285714,173,1.2138728323699421,0.0,0.0,1,2,2,1.7102713610040732,1.0914746657532597,-0.37642816128826184,Champions (High-Value),1
14179,2,701.57,319,135,2.857197452229299,United Kingdom,41,350.785,159.5,11,2.0,0.0,0.0,1,1,0,0.016062834812630298,0.732822138504905,1.4441127423116427,Hibernating / At-Risk,0
14180,25,4748.52,719,112,9.311208333333333,United Kingdom,11,189.94080000000002,28.76,361,2.0775623268698062,6.0,0.1935483870967742,1,2,2,2.6870530617909614,2.4983002445224236,0.2723182776432614,Champions (High-Value),1
14184,1,452.89,127,24,5.418333333333333,United Kingdom,67,452.89,127.0,0,1.0,0.0,0.0,1,1,1,-0.9386549415175012,-0.6247314389518981,0.617487171916564,Hibernating / At-Risk,0
14185,1,197.65,6,3,59.73333333333333,United Kingdom,331,197.65,6.0,0,1.0,0.0,0.0,1,1,1,-3.005127600341264,-0.06878902167594136,0.6166477746038673,Hibernating / At-Risk,0
14188,6,2054.36,1162,34,1.975076923076923,United Kingdom,31,342.3933333333334,193.66666666666666,279,0.6451612903225806,4.0,0.4,1,0,2,1.4496602290062122,-0.33376103991917677,-0.5862088363451892,Loyal Regulars,0
14189,15,4654.08,3937,176,2.158,United Kingdom,2,310.272,262.46666666666664,366,1.2295081967213115,9.0,0.375,1,2,2,3.5092569836216745,1.3273175211556791,-0.7132378321627019,Champions (High-Value),1
14191,13,4684.76,3662,145,1.9932818532818533,United Kingdom,2,360.36615384615385,281.6923076923077,218,1.7889908256880733,1.0,0.07142857142857142,1,2,2,3.534591132145186,1.6485496762506187,0.06406540964144587,Champions (High-Value),1
14193,2,853.39,445,35,2.724047619047619,United Kingdom,68,426.695,222.5,201,0.29850746268656714,0.0,0.0,1,0,0,-0.05756078900998952,-1.5324585242619642,-0.7344228914286826,Loyal Regulars,0
14194,21,11349.52,5840,269,3.387288428324698,United Kingdom,5,540.4533333333334,278.0952380952381,303,2.0792079207920793,11.0,0.34375,1,2,2,4.469608614776815,1.4383814287854657,0.7421398226279072,Champions (High-Value),1
14195,2,1012.0,760,7,5.992857142857143,United Kingdom,202,506.0,380.0,50,1.2,1.0,0.3333333333333333,1,0,0,0.19806585481273323,-0.8364423675120269,1.3071811380771197,Loyal Regulars,0
14196,1,335.52,142,6,3.265,United Kingdom,107,335.52,142.0,0,1.0,0.0,0.0,1,1,1,-1.2921630253996443,-0.4763749668791949,0.6032166589119365,Hibernating / At-Risk,0
14198,4,701.4,290,35,4.7356410256410255,United Kingdom,18,175.35,72.5,221,0.5429864253393666,3.0,0.42857142857142855,1,0,0,-0.012814792727689598,0.2933458081820588,-1.309141614080454,Loyal Regulars,0
14199,1,185.39999999999998,28,2,5.8999999999999995,United Kingdom,218,185.39999999999998,28.0,0,1.0,0.0,0.0,1,1,1,-2.6515657890029796,0.03664927222429382,0.4566397881191531,Hibernating / At-Risk,0
14201,7,747.44,590,32,2.545945945945946,United Kingdom,60,106.77714285714286,84.28571428571429,299,0.7023411371237458,2.0,0.2222222222222222,1,0,1,0.10637211703833262,0.7876045800690443,-0.9933159370837196,Loyal Regulars,0
14204,1,150.61,72,36,2.5430769230769235,United Kingdom,2,150.61,72.0,0,1.0,0.0,0.0,1,1,1,-1.381420923837481,1.3328739704877497,-1.1144188542746516,Hibernating / At-Risk,0
14205,2,466.7,204,23,4.167916666666667,United Kingdom,17,233.35,102.0,247,0.24291497975708504,2.0,0.5,1,0,1,-0.5935639558383919,-0.6175738393994652,-1.6995647125369127,Loyal Regulars,0
14206,1,328.15999999999997,276,20,1.797,United Kingdom,239,328.15999999999997,276.0,0,1.0,1.0,0.5,1,1,1,-1.2570066896383996,-0.73470450380416,0.8817663250339343,Hibernating / At-Risk,0
14208,1,151.74,114,10,3.5269999999999997,United Kingdom,95,151.74,114.0,0,1.0,0.0,0.0,1,1,1,-2.083391806763979,0.33014495841047664,0.09221913518871554,Hibernating / At-Risk,0
14209,6,2073.43,691,55,5.291494252873563,United Kingdom,11,345.57166666666666,115.16666666666667,321,0.5607476635514019,1.0,0.14285714285714285,1,0,2,1.4888045906804241,-0.1459269413656246,-1.0867936182165963,Loyal Regulars,0
14210,6,1905.8400000000001,760,66,3.816372549019608,United Kingdom,106,317.64000000000004,126.66666666666667,265,0.6792452830188679,1.0,0.14285714285714285,1,0,0,0.910059418093476,-0.5098477610305293,-0.1661885837521048,Loyal Regulars,0
14211,9,2241.1,1242,87,2.7716964285714285,United Kingdom,53,249.0111111111111,138.0,241,1.120331950207469,4.0,0.3076923076923077,1,2,2,1.5475461943182354,0.5404267461609882,0.07810206779607118,Champions (High-Value),1
14212,1,1070.48,1152,9,1.2522222222222221,United Kingdom,90,1070.48,1152.0,0,1.0,0.0,0.0,1,0,0,0.6519767465171472,-1.7231133942895376,1.2805267760908015,Loyal Regulars,0
14214,5,1004.38,751,64,2.3407462686567166,United Kingdom,31,200.876,150.2,246,0.6097560975609757,2.0,0.2857142857142857,1,0,0,0.5898666238348443,0.1027763863586153,-0.9404947986700156,Loyal Regulars,0
14215,6,1789.72,1358,98,2.221111111111111,United Kingdom,12,298.2866666666667,226.33333333333334,356,0.5056179775280899,1.0,0.14285714285714285,1,0,2,1.5861118220938477,-0.17065579413705756,-1.2341717715827802,Loyal Regulars,0
14216,4,1839.3,594,47,4.716271186440678,United Kingdom,3,459.825,148.5,34,3.5294117647058822,0.0,0.0,1,2,0,1.896937158595492,2.1993465859302956,1.9196406579168808,Champions (High-Value),1
14217,17,2004.98,689,78,5.4955,United Kingdom,2,117.94,40.529411764705884,364,1.4010989010989012,7.0,0.2916666666666667,1,2,2,2.0843576881367163,2.6203302515807407,-1.1329461640705136,Champions (High-Value),1
14218,1,169.48000000000002,160,12,1.4400000000000002,United Kingdom,43,169.48000000000002,160.0,0,1.0,0.0,0.0,1,1,1,-1.6487461461416897,0.40984991018768385,-0.10227747741893459,Hibernating / At-Risk,0
14219,1,89.94,78,7,2.2885714285714287,United Kingdom,4,89.94,78.0,0,1.0,0.0,0.0,1,1,1,-1.957150673955836,1.6732183450902545,-1.2376702962313655,Hibernating / At-Risk,0
14220,2,632.4,272,21,3.3961904761904766,United Kingdom,247,316.2,136.0,110,0.5454545454545455,0.0,0.0,1,0,0,-0.8031389862342598,-1.1577081970938632,0.0303470777314878,Loyal Regulars,0
14221,9,3432.8,2191,123,3.2711398963730574,United Kingdom,42,381.4222222222222,243.44444444444446,296,0.9121621621621622,1.0,0.1,1,2,2,2.193585726913728,-0.08987039408230553,-0.04026636445096865,Champions (High-Value),1
14222,1,683.17,607,41,1.706829268292683,United Kingdom,177,683.17,607.0,0,1.0,0.0,0.0,1,0,0,-0.1895847976819681,-1.4219190199576732,1.2302458408105996,Loyal Regulars,0
14223,3,991.13,585,50,3.8998333333333335,United Kingdom,92,330.37666666666667,195.0,171,0.5263157894736842,1.0,0.25,1,0,0,0.16127275908588007,-0.9199091422670004,-0.35799036338033885,Loyal Regulars,0
14224,4,1009.73,483,105,3.956017699115044,United Kingdom,110,252.4325,120.75,209,0.5741626794258373,0.0,0.0,1,0,0,0.07977941964644844,-0.5394822632385061,-0.417048487970658,Loyal Regulars,0
14226,5,2214.79,1296,64,2.921666666666667,United Kingdom,29,442.95799999999997,259.2,240,0.625,2.0,0.2857142857142857,1,0,2,1.5587529921905774,-0.6598809395910918,-0.45670739178699055,Loyal Regulars,0
14227,10,3350.96,1820,117,2.8489714285714287,United Kingdom,26,335.096,182.0,258,1.1627906976744187,5.0,0.3333333333333333,1,2,2,2.26930194195107,0.4977697316259445,0.06131781189606235,Champions (High-Value),1
14229,3,1547.2,610,29,3.22,United Kingdom,52,515.7333333333333,203.33333333333334,281,0.32028469750889677,2.0,0.4,1,0,0,0.6909185622247664,-1.5242627625384562,-0.716754006491388,Loyal Regulars,0
14231,3,925.71,409,47,3.6696000000000004,United Kingdom,184,308.57,136.33333333333334,104,0.8653846153846153,2.0,0.4,1,0,1,-0.15687437036977894,-0.5541672567247083,0.42120094423864063,Loyal Regulars,0
14232,5,2048.07,1941,81,1.8238260869565217,United Kingdom,43,409.61400000000003,388.2,221,0.6787330316742082,3.0,0.375,1,0,2,1.556862036174981,-0.6528344241993325,-0.2644902545794431,Loyal Regulars,0
14233,4,1462.72,680,30,2.7905714285714285,United Kingdom,49,365.68,170.0,268,0.44776119402985076,1.0,0.2,1,0,0,0.7369981996781731,-0.894526812187973,-0.7117853110194461,Loyal Regulars,0
14234,4,754.12,951,122,1.57578231292517,United Kingdom,22,188.53,237.75,35,3.4285714285714284,0.0,0.0,1,2,0,0.7985085239566386,2.4726154521643484,1.9433032324307182,Champions (High-Value),1
14235,5,3144.86,1959,65,2.017974683544304,United Kingdom,75,628.972,391.8,185,0.8108108108108107,1.0,0.16666666666666666,1,0,2,1.842823267483623,-1.0401847406470177,0.39901882134467376,Loyal Regulars,0
14236,2,490.86,310,15,2.0653333333333332,United Kingdom,81,245.43,155.0,291,0.2061855670103093,0.0,0.0,1,0,1,-0.7803507956151599,-1.1893017668649088,-1.2268325736581995,Loyal Regulars,0
14237,1,161.0,38,9,7.122222222222222,United Kingdom,373,161.0,38.0,0,1.0,0.0,0.0,1,1,1,-2.7999217363229816,-0.00047096498210552195,0.5619570444064993,Hibernating / At-Risk,0
14238,1,146.85,111,8,2.2874999999999996,United Kingdom,326,146.85,111.0,0,1.0,0.0,0.0,1,1,1,-2.438062675696891,0.02596463686522205,0.4933407996396681,Hibernating / At-Risk,0
14239,11,2380.85,993,83,3.6066964285714285,United Kingdom,43,216.4409090909091,90.27272727272727,272,1.2132352941176472,2.0,0.15384615384615385,1,2,2,1.6084713779866133,0.9213508344638344,0.005372015420589995,Champions (High-Value),1
14240,2,890.34,418,37,3.439761904761905,United Kingdom,30,445.17,209.0,195,0.3076923076923077,0.0,0.0,1,0,0,0.16440383120832755,-1.3307239858280757,-0.9651722944177337,Loyal Regulars,0
14241,1,213.70000000000002,146,10,1.955,United Kingdom,184,213.70000000000002,146.0,0,1.0,0.0,0.0,1,1,1,-1.8376939729491546,-0.19788179953525425,0.5243368379422313,Hibernating / At-Risk,0
14242,2,280.55,123,13,3.720625,United Kingdom,235,140.275,61.5,91,0.6593406593406593,0.0,0.0,1,1,1,-1.8332015156338473,-0.1379860488882005,-0.2734421051054622,Hibernating / At-Risk,0
14243,10,2588.77,1221,99,3.9612765957446805,United Kingdom,9,258.877,122.1,357,0.8403361344537815,4.0,0.2857142857142857,1,2,2,2.076866806491452,0.684364239732615,-0.9184012264785104,Champions (High-Value),1
14245,2,1693.45,976,107,3.1289814814814814,United Kingdom,220,846.725,488.0,43,1.3953488372093024,3.0,0.6,1,0,0,0.7798800971346195,-1.179095589929438,1.8966212060771581,Loyal Regulars,0
14246,3,1474.06,804,57,2.9734666666666665,United Kingdom,111,491.3533333333333,268.0,135,0.6666666666666666,0.0,0.0,1,0,0,0.6348976147576129,-1.177064358883144,0.206958727804134,Loyal Regulars,0
14247,1,136.76999999999998,47,19,3.912,United Kingdom,278,136.76999999999998,47.0,0,1.0,0.0,0.0,1,1,1,-2.7967325087742,0.21335804085833046,0.3750934047140249,Hibernating / At-Risk,0
14248,1,302.58,102,8,3.0525,United Kingdom,318,302.58,102.0,0,1.0,0.0,0.0,1,1,1,-1.794716126695854,-0.6468363387684586,0.9060113578563056,Hibernating / At-Risk,0
14250,3,1904.05,1200,94,2.487207207207207,United Kingdom,7,634.6833333333333,400.0,82,1.0975609756097562,0.0,0.0,1,0,0,1.777699183023461,-0.2050624737235933,0.14037060327621462,Loyal Regulars,0
14251,5,2879.7000000000003,1674,37,2.0692307692307694,United Kingdom,2,575.94,334.8,55,2.7272727272727275,0.0,0.0,1,2,0,2.7504578344541155,1.596652983468681,1.3647014104834911,Champions (High-Value),1
14256,2,969.0600000000001,414,51,4.05188679245283,United Kingdom,260,484.53000000000003,207.0,104,0.5769230769230769,1.0,0.3333333333333333,1,0,0,-0.24842518966093405,-1.5700894993455994,0.3689173559835348,Loyal Regulars,0
14257,5,3099.7200000000003,1682,88,2.838867924528302,United Kingdom,64,619.9440000000001,336.4,254,0.5905511811023622,1.0,0.16666666666666666,1,0,2,1.769289459825079,-1.2657471021112727,-0.050133226076246776,Loyal Regulars,0
14258,9,12669.98,7100,58,3.8380180180180177,United Kingdom,9,1407.7755555555555,788.8888888888889,328,0.823170731707317,1.0,0.1,1,2,2,4.230284418332575,-1.1481952074363,0.1161835284557405,Champions (High-Value),1
14259,1,120.0,68,5,2.83,United Kingdom,142,120.0,68.0,0,1.0,0.0,0.0,1,1,1,-2.6035145873927674,0.488808321425485,0.0786443742190827,Hibernating / At-Risk,0
14261,2,1163.45,406,52,5.064038461538461,United Kingdom,51,581.725,203.0,27,2.0,0.0,0.0,1,0,0,0.5262752267532828,0.17025083801833155,1.820784742923589,Loyal Regulars,0
14262,8,2618.23,1645,87,2.090699300699301,United Kingdom,8,327.27875,205.625,232,1.0344827586206897,0.0,0.0,1,2,2,2.2341748871784244,0.6121071742680567,-0.4680909015562744,Champions (High-Value),1
14264,2,333.97,70,15,6.62,United Kingdom,155,166.985,35.0,90,0.6666666666666666,1.0,0.3333333333333333,1,1,1,-1.7838085523509706,-0.1291772531117216,-0.3152814183522955,Hibernating / At-Risk,0
14265,2,530.18,330,31,5.862903225806452,Unspecified,109,265.09,165.0,39,1.5384615384615383,0.0,0.0,0,1,1,-0.5291773063401544,0.3498142510942293,1.1180909006139839,Hibernating / At-Risk,0
14267,3,1516.24,530,25,4.3910909090909085,United Kingdom,163,505.41333333333336,176.66666666666666,97,0.9278350515463918,4.0,0.5714285714285714,1,0,0,0.44469470160130115,-0.939212829067989,0.7734873631559183,Loyal Regulars,0
14270,1,492.65000000000003,197,29,4.570689655172414,United Kingdom,332,492.65000000000003,197.0,0,1.0,0.0,0.0,1,1,1,-1.095668840136078,-1.1818194228437489,1.2239643924917276,Hibernating / At-Risk,0
14271,1,112.32,88,10,2.491,United Kingdom,226,112.32,88.0,0,1.0,0.0,0.0,1,1,1,-2.6827498704491486,0.4012418854487214,0.20543487501609559,Hibernating / At-Risk,0
14272,2,437.96,599,33,2.2675757575757576,United Kingdom,74,218.98,299.5,180,0.3333333333333333,0.0,0.0,1,0,1,-0.5735980906016853,-0.8865331159932243,-1.0111801370945015,Loyal Regulars,0
14273,4,559.97,264,22,2.4848275862068965,United Kingdom,51,139.9925,66.0,190,0.6315789473684211,0.0,0.0,1,0,1,-0.49914005037013115,0.3657069760299417,-0.9326584103546842,Loyal Regulars,0
14276,3,1119.74,744,52,2.2271875,United Kingdom,99,373.24666666666667,248.0,191,0.47120418848167545,2.0,0.4,1,0,0,0.3392067482424631,-1.1616873816192523,-0.3637733906559329,Loyal Regulars,0
14277,3,4152.0,1974,194,3.8008144796380092,France,15,1384.0,658.0,197,0.4568527918781726,1.0,0.25,0,0,2,2.4085938632290613,-2.016867575523759,-0.22655372481988242,Loyal Regulars,0
14280,1,134.04,52,8,4.73375,United Kingdom,197,134.04,52.0,0,1.0,0.0,0.0,1,1,1,-2.6885077843546568,0.31803674527301806,0.24811681660907853,Hibernating / At-Risk,0
14282,15,3701.44,2656,70,1.5909090909090908,United Kingdom,3,246.76266666666666,177.06666666666666,364,1.2362637362637363,0.0,0.0,1,2,2,3.0687442144995387,1.5084000011235374,-0.7501118556475024,Champions (High-Value),1
14284,2,595.25,161,24,4.821875,United Kingdom,31,297.625,80.5,55,1.090909090909091,1.0,0.3333333333333333,1,1,0,-0.44670988966763736,0.2011797553264224,0.1704527985525423,Hibernating / At-Risk,0
14285,4,1910.01,541,18,4.82037037037037,United Kingdom,21,477.5025,135.25,155,0.7741935483870968,0.0,0.0,1,0,0,1.1684512728499887,-0.43784493727619733,-0.2426839151573181,Loyal Regulars,0
14286,3,4628.75,4338,220,1.5431785714285713,United Kingdom,24,1542.9166666666667,1446.0,219,0.4109589041095891,2.0,0.4,1,0,2,2.695405517818884,-2.3874503324332554,-0.0832694927196649,Loyal Regulars,0
14287,3,176.63,261,9,1.913333333333333,United Kingdom,8,58.876666666666665,87.0,190,0.4736842105263158,1.0,0.25,1,1,1,-1.1656164122232637,1.350838783524351,-2.2920993839987815,Hibernating / At-Risk,0
14288,1,426.6,188,16,3.00625,United Kingdom,213,426.6,188.0,0,1.0,1.0,0.5,1,1,1,-1.1344774738383896,-0.9186325237758943,0.9863498195050433,Hibernating / At-Risk,0
14289,6,911.26,292,33,5.346382978723404,United Kingdom,9,151.87666666666667,48.666666666666664,280,0.6428571428571428,0.0,0.0,1,0,0,0.449506658257991,0.8807079732303095,-1.5022862019987873,Loyal Regulars,0
14290,5,2314.65,915,89,3.6530693069306936,United Kingdom,11,462.93,183.0,350,0.4285714285714286,1.0,0.16666666666666666,1,0,2,1.6576830284261586,-0.7123702110271667,-1.1350543774166593,Loyal Regulars,0
14291,11,3883.25,2749,145,2.5928691983122363,United Kingdom,2,353.02272727272725,249.9090909090909,273,1.208791208791209,1.0,0.08333333333333333,1,2,2,3.1510715682092787,1.0993367151500333,-0.6094366309525121,Champions (High-Value),1
14292,9,4871.93,1663,64,3.346,United Kingdom,8,541.3255555555556,184.77777777777777,275,0.9818181818181819,5.0,0.35714285714285715,1,2,2,2.8224267793451503,0.11373389557327425,-0.2733932330260707,Champions (High-Value),1
14293,4,1046.56,709,51,2.206393442622951,United Kingdom,3,261.64,177.25,365,0.32876712328767127,0.0,0.0,1,0,0,1.06275942847428,-0.07949877668941163,-2.027879208172165,Loyal Regulars,0
14295,1,166.20000000000002,84,5,1.9300000000000002,United Kingdom,40,166.20000000000002,84.0,0,1.0,1.0,0.5,1,1,1,-1.9002227868892028,0.5053171740050216,-0.15467732252474606,Hibernating / At-Risk,0
14297,4,1305.33,865,48,2.3419354838709676,United Kingdom,18,326.3325,216.25,257,0.4669260700389105,2.0,0.3333333333333333,1,0,0,0.9777308679460681,-0.5111202131655068,-1.06581190447684,Loyal Regulars,0
14298,44,51527.3,58343,884,1.4979780085522296,United Kingdom,8,1171.075,1325.9772727272727,352,3.7500000000000004,1.0,0.022222222222222223,1,2,2,5.580940021926403,1.7252225040046196,2.523259723756568,Champions (High-Value),1
14299,9,3965.62,2149,94,3.091818181818182,United Kingdom,8,440.6244444444444,238.77777777777777,357,0.7563025210084033,9.0,0.5,1,2,2,2.6944646462755784,0.011080980929945798,-0.7443005106263134,Champions (High-Value),1
14300,1,43.2,32,3,1.383333333333333,United Kingdom,19,43.2,32.0,0,1.0,0.0,0.0,1,1,1,-3.241321214642843,2.0313489628561463,-1.1941412403199545,Hibernating / At-Risk,0
14301,1,640.14,606,13,1.3523076923076922,United Kingdom,117,640.14,606.0,0,1.0,1.0,0.5,1,0,0,-0.145414854286875,-1.2464763130460708,1.0507766176266011,Loyal Regulars,0
14304,1,383.45,139,17,4.885294117647058,United Kingdom,223,383.45,139.0,0,1.0,1.0,0.5,1,1,1,-1.3633875569407246,-0.8026179635464784,0.9315863981156283,Hibernating / At-Risk,0
14305,3,1858.96,1089,96,2.3532380952380954,United Kingdom,71,619.6533333333333,363.0,64,1.40625,2.0,0.4,1,0,0,1.1968683867962044,-0.4653021593244407,1.2838452139330423,Loyal Regulars,0
14306,2,2093.32,1075,33,4.135151515151516,United Kingdom,51,1046.66,537.5,34,1.7647058823529411,1.0,0.3333333333333333,1,0,0,1.4301744828914598,-0.6640063761845358,1.9502486148412566,Loyal Regulars,0
14307,6,2995.72,2058,150,2.4864444444444445,United Kingdom,89,499.28666666666663,343.0,284,0.6338028169014085,0.0,0.0,1,0,2,1.7582718818021956,-1.0453268461511405,-0.015067884471149382,Loyal Regulars,0
14309,9,2352.53,1633,74,2.456153846153846,United Kingdom,8,261.39222222222224,181.44444444444446,350,0.7714285714285715,1.0,0.1,1,2,2,2.103645541541649,0.5527408522175301,-1.0325924521761651,Champions (High-Value),1
14311,1,310.26,146,20,5.084,United Kingdom,243,310.26,146.0,0,1.0,1.0,0.5,1,1,1,-1.5627522233612896,-0.6288591253358742,0.8379620737122853,Hibernating / At-Risk,0
14312,6,1611.59,1012,74,3.5480459770114945,United Kingdom,47,268.5983333333333,168.66666666666666,290,0.6206896551724138,0.0,0.0,1,0,2,1.0611888439458526,-0.23610556835737176,-0.6372181595356847,Loyal Regulars,0
14314,1,120.0,296,8,0.66625,United Kingdom,107,120.0,296.0,0,1.0,0.0,0.0,1,1,1,-1.9569549230713112,0.43484260261045016,0.020417727040280633,Hibernating / At-Risk,0
14315,6,2481.13,1021,64,3.71,United Kingdom,45,413.5216666666667,170.16666666666666,221,0.8144796380090498,1.0,0.14285714285714285,1,0,2,1.511627008984606,-0.37828181913834646,-0.06488049939321405,Loyal Regulars,0
14317,1,508.58000000000004,255,24,3.0975,United Kingdom,65,508.58000000000004,255.0,0,1.0,0.0,0.0,1,0,1,-0.550342926011969,-0.7893963389305066,0.693473558186935,Loyal Regulars,0
14320,2,477.79,325,29,1.957741935483871,United Kingdom,207,238.895,162.5,126,0.47619047619047616,1.0,0.3333333333333333,1,0,1,-0.9627729225512851,-0.9630626021662921,-0.3252245671591401,Loyal Regulars,0
14321,5,1530.75,2406,111,1.41869918699187,United Kingdom,11,306.15,481.2,322,0.46583850931677023,0.0,0.0,1,0,2,1.661583403596156,-0.34649740593413564,-1.276457546756146,Loyal Regulars,0
14323,2,605.0600000000001,350,32,2.996388888888889,United Kingdom,115,302.53000000000003,175.0,123,0.48780487804878053,2.0,0.5,1,0,0,-0.5623738287678609,-1.0157107244320274,-0.3622432238915983,Loyal Regulars,0
14326,1,183.85,103,8,2.8000000000000003,United Kingdom,242,183.85,103.0,0,1.0,1.0,0.5,1,1,1,-2.1831925238121785,-0.098901397694453,0.5208576293754539,Hibernating / At-Risk,0
14327,1,311.65,139,12,2.5875,United Kingdom,163,311.65,139.0,0,1.0,0.0,0.0,1,1,1,-1.4760353454543975,-0.5192757608310129,0.7028462278610628,Hibernating / At-Risk,0
14329,7,4975.24,3087,218,2.8385658914728684,United Kingdom,17,710.7485714285714,441.0,312,0.673076923076923,7.0,0.5,1,2,2,2.8254673292800314,-0.8681156510684809,-0.30930938040745404,Champions (High-Value),1
14331,2,462.65999999999997,252,27,3.019285714285714,United Kingdom,124,231.32999999999998,126.0,10,2.0,0.0,0.0,1,1,1,-0.7424757310837907,0.8498163504296922,1.5684022838728244,Hibernating / At-Risk,0
14332,3,840.21,463,22,2.1431999999999998,United Kingdom,23,280.07,154.33333333333334,125,0.72,0.0,0.0,1,0,0,0.29985418609882125,-0.09567891758657367,-0.5734817101662999,Loyal Regulars,0
14333,1,415.2,58,15,8.063333333333334,United Kingdom,68,415.2,58.0,0,1.0,1.0,0.5,1,1,1,-1.3280386778873894,-0.4762866002979681,0.5512238990060856,Hibernating / At-Risk,0
14334,8,2552.21,1731,98,3.291543209876543,United Kingdom,17,319.02625,216.375,341,0.7038123167155425,1.0,0.1111111111111111,1,2,2,1.9980155180059416,0.035906748464364834,-0.7674295674740315,Champions (High-Value),1
14335,2,454.86,375,55,2.2431666666666668,Germany,16,227.43,187.5,80,0.75,0.0,0.0,0,0,1,-0.2580461592311254,0.1492898843402144,-0.7080411105996799,Loyal Regulars,0
14336,4,1614.91,1759,77,1.6151111111111112,United Kingdom,17,403.7275,439.75,259,0.46332046332046334,0.0,0.0,1,0,2,1.4678605622870888,-0.7683945880001508,-0.948178031635381,Loyal Regulars,0
14338,2,588.22,335,30,3.6470967741935483,United Kingdom,161,294.11,167.5,35,1.7142857142857142,2.0,0.5,1,1,1,-0.5052321848825161,0.29584718043973923,1.5101249717147078,Hibernating / At-Risk,0
14339,1,309.52,168,14,2.032857142857143,United Kingdom,243,309.52,168.0,0,1.0,3.0,0.75,1,1,1,-1.5100614695685548,-0.6391310889972288,0.8402104017626426,Hibernating / At-Risk,0
14340,1,134.7,58,6,2.9333333333333336,United Kingdom,219,134.7,58.0,0,1.0,0.0,0.0,1,1,1,-2.6687352340254913,0.2747077933607524,0.2899801101387796,Hibernating / At-Risk,0
14341,8,2166.98,1397,109,2.55390625,United Kingdom,45,270.8725,174.625,273,0.8791208791208791,1.0,0.1111111111111111,1,2,2,1.5515637794645276,0.17611405453556309,-0.25755998333895597,Champions (High-Value),1
14342,4,668.5600000000001,347,18,2.8904761904761904,United Kingdom,21,167.14000000000001,86.75,188,0.6382978723404256,2.0,0.3333333333333333,1,0,0,-0.0058785845840477954,0.4192783766570362,-1.1051825402912367,Loyal Regulars,0
14344,8,889.9300000000001,477,56,4.225633802816901,United Kingdom,127,111.24125000000001,59.625,241,0.995850622406639,0.0,0.0,1,0,1,0.059675327431397904,0.9737679601613237,-0.2770072102567067,Loyal Regulars,0
14345,1,108.97999999999999,50,6,3.49,United Kingdom,39,108.97999999999999,50.0,0,1.0,0.0,0.0,1,1,1,-2.485099017617636,0.9581631992081309,-0.4230275278673174,Hibernating / At-Risk,0
14346,2,1021.58,605,55,4.602333333333333,United Kingdom,121,510.79,302.5,176,0.34090909090909094,0.0,0.0,1,0,0,0.09433099861247879,-1.8151376381858202,-0.3301292401379642,Loyal Regulars,0
14348,1,409.57,183,18,2.962222222222222,United Kingdom,260,409.57,183.0,0,1.0,0.0,0.0,1,1,1,-1.233741111833767,-0.9320987696532602,1.0299261522357523,Hibernating / At-Risk,0
14349,1,133.5,86,31,2.3193548387096774,United Kingdom,10,133.5,86.0,0,1.0,0.0,0.0,1,1,1,-1.7566960313255415,1.0735331973966524,-0.7340304092967261,Hibernating / At-Risk,0
14350,1,282.93,183,18,2.2866666666666666,United Kingdom,274,282.93,183.0,0,1.0,1.0,0.5,1,1,1,-1.5905866897524197,-0.5942260219599039,0.8308355820886358,Hibernating / At-Risk,0
14351,1,51.0,12,1,4.25,United Kingdom,165,51.0,12.0,0,1.0,0.0,0.0,1,1,1,-4.065708964344913,1.4000328401268074,-0.4090329464999111,Hibernating / At-Risk,0
14352,4,1078.96,538,44,3.8659574468085105,United Kingdom,157,269.74,134.5,116,1.0344827586206897,0.0,0.0,1,0,1,0.172720094776496,-0.12384143112688006,0.5033843811328627,Loyal Regulars,0
14353,1,90.6,64,6,1.3666666666666665,United Kingdom,215,90.6,64.0,0,1.0,0.0,0.0,1,1,1,-2.9918988884154087,0.6464284355938728,0.05493574488295734,Hibernating / At-Risk,0
14354,2,163.62,210,9,1.2377777777777779,United Kingdom,6,81.81,105.0,24,2.0,0.0,0.0,1,1,1,-1.037957447960535,2.6459058833767255,-0.03362509613242998,Hibernating / At-Risk,0
14355,1,174.4,92,11,2.85,United Kingdom,366,174.4,92.0,0,1.0,0.0,0.0,1,1,1,-2.381690238701309,-0.1523070254874419,0.6286655315822042,Hibernating / At-Risk,0
14356,2,701.23,277,33,3.9027272727272724,United Kingdom,80,350.615,138.5,1,2.0,2.0,0.5,1,1,0,-0.2080265534647188,0.5650079088398329,1.665731201178552,Hibernating / At-Risk,0
14357,1,225.12,147,39,1.98275,United Kingdom,43,225.12,147.0,0,1.0,0.0,0.0,1,1,1,-1.4188641214819318,0.14765100454258123,0.06173054135653723,Hibernating / At-Risk,0
14359,3,912.18,371,44,3.922727272727273,United Kingdom,19,304.06,123.66666666666667,68,1.3235294117647058,3.0,0.5,1,0,1,0.429015825317396,0.5829043120807359,0.29443642738375153,Loyal Regulars,0
14360,4,2118.03,1139,104,3.1196581196581197,United Kingdom,32,529.5075,284.75,62,1.9354838709677418,0.0,0.0,1,2,0,1.6093234390321465,0.43470655768511884,1.4636051465325317,Champions (High-Value),1
14362,1,151.5,96,37,2.318108108108108,United Kingdom,22,151.5,96.0,0,1.0,0.0,0.0,1,1,1,-1.7858451469199992,0.7405854752808987,-0.40392883191756374,Hibernating / At-Risk,0
14364,8,3717.35,1967,61,3.0260869565217394,United Kingdom,109,464.66875,245.875,102,2.3529411764705883,0.0,0.0,1,2,0,2.1438380647700805,0.7131444649814231,2.0773950135706443,Champions (High-Value),1
14367,16,9227.82,4426,270,3.1652591170825333,United Kingdom,8,576.73875,276.625,267,1.797752808988764,3.0,0.15789473684210525,1,2,2,3.9907462457730047,0.9662136930466122,0.6878389945445297,Champions (High-Value),1
14368,1,155.0,36,8,6.125,United Kingdom,320,155.0,36.0,0,1.0,0.0,0.0,1,1,1,-2.819401199543601,0.07944692936403736,0.48957673920708433,Hibernating / At-Risk,0
14371,1,100.5,34,4,3.775,United Kingdom,295,100.5,34.0,0,1.0,0.0,0.0,1,1,1,-3.2207549018758974,0.5172912358830548,0.2073527709067067,Hibernating / At-Risk,0
14373,1,76.55,17,4,11.625,United Kingdom,358,76.55,17.0,0,1.0,0.0,0.0,1,1,1,-3.7826163428569735,0.7810073842770454,0.09785394424312177,Hibernating / At-Risk,0
14375,1,235.56,184,57,1.812878787878788,United Kingdom,185,235.56,184.0,0,1.0,0.0,0.0,1,1,1,-1.6582612143281088,-0.31265801965188084,0.5892619382999468,Hibernating / At-Risk,0
14377,2,617.05,219,11,9.15,United Kingdom,191,308.525,109.5,70,0.8571428571428571,0.0,0.0,1,1,0,-0.7885079880740034,-0.6249021019649912,0.4648837296645629,Hibernating / At-Risk,0
14379,2,348.1,292,39,2.1617391304347824,United Kingdom,44,174.05,146.0,251,0.2390438247011952,0.0,0.0,1,0,1,-0.9606431612129741,-0.630524136248301,-1.5564292694194997,Loyal Regulars,0
14381,1,202.68,146,56,1.627857142857143,United Kingdom,52,202.68,146.0,0,1.0,0.0,0.0,1,1,1,-1.5665364348067243,0.19681790397274632,0.0639698630612294,Hibernating / At-Risk,0
14382,1,615.49,1231,121,1.5981746031746031,United Kingdom,26,615.49,1231.0,0,1.0,0.0,0.0,1,0,0,0.4745680125644339,-0.8664075032330716,0.5396598117921437,Loyal Regulars,0
14383,3,1247.69,817,49,3.32593220338983,United Kingdom,38,415.8966666666667,272.3333333333333,125,0.72,0.0,0.0,1,0,0,0.7661686161297601,-0.6570497302045111,-0.1598582421485245,Loyal Regulars,0
14385,3,202.11,159,13,1.6164285714285715,United Kingdom,9,67.37,53.0,14,3.0,0.0,0.0,1,1,1,-0.9535199679925984,3.519260156707475,0.7578406291799271,Hibernating / At-Risk,0
14386,1,142.4,54,7,3.885714285714286,United Kingdom,297,142.4,54.0,0,1.0,0.0,0.0,1,1,1,-2.7227159840615327,0.14470832065916342,0.4248530147338105,Hibernating / At-Risk,0
14387,3,1727.6,795,125,3.393597122302158,United Kingdom,33,575.8666666666667,265.0,76,1.1842105263157896,0.0,0.0,1,0,0,1.1671831063014124,-0.38149886179264586,0.6889736046196351,Loyal Regulars,0
14388,8,3212.84,1941,124,2.7180645161290324,United Kingdom,10,401.605,242.625,362,0.6629834254143646,2.0,0.2,1,2,2,2.375735618231595,-0.11340645134281642,-0.8700968999823269,Champions (High-Value),1
14389,2,1043.46,729,33,2.1333333333333333,United Kingdom,65,521.73,364.5,125,0.48,3.0,0.6,1,0,0,0.37526173752343933,-1.4574926534320052,-0.2323958408545114,Loyal Regulars,0
14390,9,4642.57,2133,135,3.0800704225352113,United Kingdom,10,515.8411111111111,237.0,362,0.7458563535911602,4.0,0.3076923076923077,1,2,2,2.784862621906272,-0.2073965816800894,-0.6006214550716437,Champions (High-Value),1
14393,1,67.95,13,5,5.390000000000001,United Kingdom,218,67.95,13.0,0,1.0,0.0,0.0,1,1,1,-3.8644065925593205,1.0520384247711292,-0.14765093393064144,Hibernating / At-Risk,0
14395,9,3479.91,1689,181,2.7631321839080463,United Kingdom,2,386.65666666666664,187.66666666666666,369,0.7317073170731707,3.0,0.25,1,2,2,2.755248450773782,0.427704065554736,-1.2462983728353507,Champions (High-Value),1
14396,2,487.99,225,71,2.626849315068493,United Kingdom,65,243.995,112.5,306,0.19607843137254904,0.0,0.0,1,0,1,-0.8584304732121654,-1.1140147018019957,-1.3375022559474652,Loyal Regulars,0
14397,19,2612.96,1890,18,2.0789655172413792,United Kingdom,3,137.52421052631578,99.47368421052632,210,2.7142857142857144,4.0,0.17391304347826086,1,2,2,2.8063193515291407,3.3435205036294,0.3462875290774778,Champions (High-Value),1
14400,1,574.7,454,25,1.7368000000000001,United Kingdom,149,574.7,454.0,0,1.0,1.0,0.5,1,0,0,-0.4206172045483431,-1.1838220548934282,1.0622962872414874,Loyal Regulars,0
14401,13,4051.48,4507,113,1.3996153846153845,United Kingdom,4,311.6523076923077,346.6923076923077,355,1.0985915492957745,1.0,0.07142857142857142,1,2,2,3.26239131990269,0.9781005598460546,-0.6801161021208051,Champions (High-Value),1
14403,4,1475.81,519,17,6.2535,United Kingdom,130,368.9525,129.75,116,1.0344827586206897,1.0,0.2,1,0,0,0.4976727725379882,-0.36726679623142794,0.6218444876735855,Loyal Regulars,0
14404,6,1449.32,827,70,3.0565999999999995,United Kingdom,34,241.5533333333333,137.83333333333334,335,0.5373134328358209,1.0,0.14285714285714285,1,0,0,0.9477633592739253,-0.15054346062958532,-0.9691622091873068,Loyal Regulars,0
14406,1,156.75,77,8,3.795,United Kingdom,119,156.75,77.0,0,1.0,0.0,0.0,1,1,1,-2.263340937978972,0.2727683510043686,0.17769708507218052,Hibernating / At-Risk,0
14407,5,2142.73,1414,66,3.3922222222222222,United Kingdom,107,428.546,282.8,169,0.8875739644970414,3.0,0.375,1,0,0,1.2805090268062942,-0.6470647441876383,0.4084053739707608,Loyal Regulars,0
14408,7,2599.03,1610,60,1.8985849056603774,United Kingdom,11,371.29,230.0,253,0.8300395256916996,0.0,0.0,1,2,2,2.096950472750846,0.1259404175498073,-0.5822152988187606,Champions (High-Value),1
14409,6,2059.4500000000003,1230,40,2.8044444444444445,United Kingdom,71,343.24166666666673,205.0,297,0.6060606060606061,1.0,0.14285714285714285,1,0,2,1.2591514779449533,-0.619550354942469,-0.37576800738808147,Loyal Regulars,0
14410,9,1099.27,565,152,2.410904255319149,United Kingdom,92,122.14111111111112,62.77777777777778,213,1.267605633802817,6.0,0.4,1,0,1,0.45826097476921435,1.2915219780912741,0.025609080000557664,Loyal Regulars,0
14411,1,1063.0,196,14,8.175,United Kingdom,311,1063.0,196.0,0,1.0,0.0,0.0,1,0,0,-0.3658129990765746,-1.8969185932183108,1.653378854245175,Loyal Regulars,0
14412,2,770.03,786,43,2.304418604651163,United Kingdom,43,385.015,393.0,30,2.0,1.0,0.3333333333333333,1,0,0,0.44496354795759113,0.5503556980183415,1.5382851717038473,Loyal Regulars,0
14413,1,121.05,67,22,2.859090909090909,United Kingdom,362,121.05,67.0,0,1.0,0.0,0.0,1,1,1,-2.839851248383924,0.22523950087476918,0.4033094519257642,Hibernating / At-Risk,0
14414,7,1496.98,2512,79,0.9145360824742267,United Kingdom,92,213.8542857142857,358.85714285714283,267,0.7865168539325842,1.0,0.125,1,0,2,1.2273326541863119,-0.007907155092966335,-0.26190530351945746,Loyal Regulars,0
14415,13,5855.57,2996,283,2.9442832469775477,United Kingdom,1,450.42846153846153,230.46153846153845,359,1.0863509749303621,5.0,0.2777777777777778,1,2,2,3.677050078086399,0.9029585285963924,-0.8065871718754308,Champions (High-Value),1
14416,2,490.22,326,13,1.6685714285714286,United Kingdom,22,245.11,163.0,20,2.0,0.0,0.0,1,1,0,-0.15410745531985467,1.2380359523382882,1.027595268451444,Hibernating / At-Risk,0
14418,3,1937.25,1711,114,2.1406451612903226,United Kingdom,4,645.75,570.3333333333334,104,0.8653846153846153,0.0,0.0,1,0,2,2.0174340678515934,-0.3918061446411709,-0.3480243644060228,Loyal Regulars,0
14419,6,1051.79,483,112,2.522722772277228,United Kingdom,11,175.29833333333332,80.5,354,0.5084745762711864,0.0,0.0,1,0,0,0.7070502227616768,0.4542607211976295,-1.594605031844865,Loyal Regulars,0
14420,1,387.52,334,29,1.5313793103448274,United Kingdom,99,387.52,334.0,0,1.0,1.0,0.5,1,1,1,-0.8034916892812002,-0.6689879294929959,0.6836110147606945,Hibernating / At-Risk,0
14421,2,813.11,365,25,2.6351851851851853,United Kingdom,57,406.555,182.5,154,0.3896103896103896,0.0,0.0,1,0,0,-0.11485468189186179,-1.2659347094620514,-0.6274024361658183,Loyal Regulars,0
14422,6,4263.64,2906,189,2.810225225225225,United Kingdom,1,710.6066666666667,484.3333333333333,266,0.6766917293233082,0.0,0.0,1,2,2,3.2055606586183747,-0.30509269842193465,-1.0296368128844193,Champions (High-Value),1
14423,1,265.2,120,3,1.9833333333333332,United Kingdom,218,265.2,120.0,0,1.0,0.0,0.0,1,1,1,-1.75732004445905,-0.43220893276094796,0.7037168230689123,Hibernating / At-Risk,0
14424,1,322.08,48,1,6.71,United Kingdom,18,322.08,48.0,0,1.0,0.0,0.0,1,1,1,-1.306636110322015,0.1376021630608624,-0.04563601900142292,Hibernating / At-Risk,0
14426,10,4481.67,2699,183,3.2663392857142854,United Kingdom,24,448.16700000000003,269.9,289,1.0380622837370244,6.0,0.375,1,2,2,2.6960481992555017,0.07086438503169892,0.040475758488638984,Champions (High-Value),1
14427,2,363.34000000000003,228,16,1.9870588235294118,United Kingdom,50,181.67000000000002,114.0,13,2.0,0.0,0.0,1,1,1,-0.7762637086895154,1.3354941008900116,1.1163361006854318,Hibernating / At-Risk,0
14428,5,1224.06,428,108,4.2707299270073,United Kingdom,7,244.81199999999998,85.6,317,0.47318611987381703,2.0,0.2857142857142857,1,0,0,0.8802590456489496,0.1445955257389024,-1.5772071721599599,Loyal Regulars,0
14431,1,470.36,130,17,4.69,United Kingdom,303,470.36,130.0,0,1.0,1.0,0.5,1,1,1,-1.277980196009451,-1.0754307763750912,1.1546716601790945,Hibernating / At-Risk,0
14432,6,2248.5,2013,256,1.4661007957559682,United Kingdom,10,374.75,335.5,79,2.278481012658228,0.0,0.0,1,2,0,2.2367972404777943,1.3994050014553086,1.150516212769183,Champions (High-Value),1
14434,6,1372.8,368,3,4.451666666666667,United Kingdom,22,228.79999999999998,61.333333333333336,50,3.5999999999999996,0.0,0.0,1,2,0,1.0260272474470287,2.5919462140096914,2.0700977591887044,Champions (High-Value),1
14436,1,89.06,129,9,2.1177777777777775,United Kingdom,99,89.06,129.0,0,1.0,0.0,0.0,1,1,1,-2.537521451723457,0.8124245812257956,-0.2014153646047139,Hibernating / At-Risk,0
14437,1,63.0,60,5,1.05,United Kingdom,366,63.0,60.0,0,1.0,1.0,0.5,1,1,1,-3.4865905507395984,0.8485694512464701,0.024348587076591374,Hibernating / At-Risk,0
14438,1,131.9,82,9,1.5944444444444443,United Kingdom,306,131.9,82.0,0,1.0,0.0,0.0,1,1,1,-2.639141707385319,0.17212355595745665,0.4010920251915453,Hibernating / At-Risk,0
14439,1,2661.24,526,32,6.4809375,Greece,320,2661.24,526.0,0,1.0,0.0,0.0,0,0,0,0.7335166966131912,-2.635175075084251,2.080910713118592,Loyal Regulars,0
14440,5,2357.6800000000003,588,33,4.7023636363636365,United Kingdom,8,471.53600000000006,117.6,357,0.42016806722689076,0.0,0.0,1,0,2,1.5728293220836982,-0.6244252011628179,-1.2520219522299156,Loyal Regulars,0
14441,4,1712.89,446,43,5.544117647058823,United Kingdom,1,428.2225,111.5,254,0.47244094488188976,6.0,0.6,1,0,0,1.5478447085626452,-0.0817604421362365,-1.685786190329865,Loyal Regulars,0
14442,2,1589.82,482,58,6.323492063492063,Channel Islands,205,794.91,241.0,112,0.5357142857142857,3.0,0.6,0,0,0,0.32417666716283944,-2.0511127276693517,0.504281234674902,Loyal Regulars,0
14443,4,1420.2,938,84,2.5386021505376344,United Kingdom,54,355.05,234.5,314,0.38216560509554137,3.0,0.42857142857142855,1,0,0,0.7972831994089176,-1.0274450101731494,-0.8248737171271634,Loyal Regulars,0
14446,4,1005.55,856,232,1.8473550724637682,United Kingdom,1,251.3875,214.0,245,0.489795918367347,0.0,0.0,1,0,0,1.312682637926118,0.39374752535053403,-1.9466968132101152,Loyal Regulars,0
14447,5,1163.23,571,54,2.576571428571429,United Kingdom,19,232.64600000000002,114.2,261,0.574712643678161,0.0,0.0,1,0,0,0.7320806131636706,0.06696269574495009,-1.0880451361026913,Loyal Regulars,0
14448,2,375.35,104,20,2.7175000000000002,United Kingdom,9,187.675,52.0,354,0.1694915254237288,0.0,0.0,1,0,1,-0.9203417164652712,-0.27565085458155775,-2.159455518297051,Loyal Regulars,0
14449,4,885.8,741,201,1.6552,United Kingdom,19,221.45,185.25,353,0.3399433427762039,0.0,0.0,1,0,0,0.51553174743656,-0.3490344081599548,-1.5469578398524528,Loyal Regulars,0
14450,3,483.25,241,32,2.7905,United Kingdom,181,161.08333333333334,80.33333333333333,139,0.6474820143884892,0.0,0.0,1,1,1,-1.0021505288647499,-0.16763423429579455,-0.34588898880701563,Hibernating / At-Risk,0
14451,2,643.9,378,86,1.986095238095238,United Kingdom,60,321.95,189.0,134,0.44776119402985076,0.0,0.0,1,0,0,-0.31816359492116125,-0.9670959082777525,-0.6250538326511395,Loyal Regulars,0
14452,2,259.05,116,55,3.163,United Kingdom,11,129.525,58.0,83,0.7228915662650602,0.0,0.0,1,1,1,-1.155169057337374,0.84932263612173,-1.2337424106478883,Hibernating / At-Risk,0
14453,1,119.93,49,22,3.777272727272727,United Kingdom,190,119.93,49.0,0,1.0,0.0,0.0,1,1,1,-2.804999092311476,0.4386003832045973,0.1692869454125829,Hibernating / At-Risk,0
14456,9,3014.32,2848,579,1.7748253968253969,United Kingdom,5,334.9244444444445,316.44444444444446,137,1.9708029197080292,5.0,0.35714285714285715,1,2,0,2.816827263122568,1.5589577900514213,0.5148732491599158,Champions (High-Value),1
14457,1,113.64,88,4,1.2550000000000001,United Kingdom,311,113.64,88.0,0,1.0,0.0,0.0,1,1,1,-2.7534400472646365,0.3025618991623194,0.3214917696274391,Hibernating / At-Risk,0
14459,1,1837.92,760,37,3.4364864864864866,United Kingdom,155,1837.92,760.0,0,1.0,0.0,0.0,1,0,0,0.8533268633508673,-2.350121322474211,1.7726374656694106,Loyal Regulars,0
14460,3,434.34,881,14,0.6643749999999999,United Kingdom,110,144.78,293.6666666666667,200,0.44999999999999996,1.0,0.25,1,0,0,-0.5047834021260794,-0.33798459156856736,-0.9213330014660492,Loyal Regulars,0
14461,3,2102.67,765,172,3.7404469273743013,United Kingdom,148,700.89,255.0,113,0.7964601769911505,0.0,0.0,1,0,0,0.8958173544691339,-1.4187125626965567,0.7338235093591953,Loyal Regulars,0
14462,11,1975.57,954,149,2.8758189655172415,United Kingdom,66,179.59727272727272,86.72727272727273,273,1.208791208791209,4.0,0.26666666666666666,1,2,0,1.3111032213775524,0.9819313957892676,0.03352482498751867,Champions (High-Value),1
14463,3,529.62,179,6,5.976666666666667,United Kingdom,98,176.54,59.666666666666664,107,0.8411214953271028,0.0,0.0,1,1,1,-0.8433189396070411,0.1934286402597531,-0.18100611274037187,Hibernating / At-Risk,0
14465,3,1038.44,398,107,2.8251219512195123,United Kingdom,247,346.1466666666667,132.66666666666666,56,1.6071428571428572,0.0,0.0,1,0,1,-0.03223097619548674,0.022510129303021563,1.577164498040258,Loyal Regulars,0
14466,7,2272.4,1006,35,3.7937499999999997,United Kingdom,29,324.62857142857143,143.71428571428572,343,0.6122448979591837,0.0,0.0,1,0,2,1.5131581610604927,-0.2455911990887682,-0.7327702500345024,Loyal Regulars,0
14467,4,596.26,276,67,2.775505617977528,United Kingdom,18,149.065,69.0,295,0.4067796610169491,0.0,0.0,1,0,0,-0.21146807414838056,0.24100182361471567,-1.6783423559359933,Loyal Regulars,0
14470,2,461.19,193,43,4.8388372093023255,United Kingdom,12,230.595,96.5,275,0.2181818181818182,0.0,0.0,1,0,1,-0.5491600961983424,-0.5575604639198617,-1.879093500191924,Loyal Regulars,0
14472,8,1852.67,1135,153,2.6709811320754713,United Kingdom,104,231.58375,141.875,251,0.9561752988047808,0.0,0.0,1,0,2,1.1252896563460129,0.20831077194281494,0.04727413813987153,Loyal Regulars,0
14473,2,234.34000000000003,88,7,4.107142857142857,United Kingdom,74,117.17000000000002,44.0,208,0.28846153846153844,0.0,0.0,1,1,1,-1.9150330648845606,-0.1993188924675842,-1.5279713532860044,Hibernating / At-Risk,0
14474,1,547.66,140,29,6.527931034482759,United Kingdom,46,547.66,140.0,0,1.0,1.0,0.5,1,0,1,-0.6293680956435568,-0.7127938859851393,0.6047410583496754,Loyal Regulars,0
14475,3,925.85,447,35,3.125238095238095,United Kingdom,72,308.6166666666667,149.0,233,0.38626609442060084,3.0,0.5,1,0,0,0.024477146011780564,-0.9839112721430677,-0.7723532941310243,Loyal Regulars,0
14476,1,193.0,110,17,3.5323529411764705,United Kingdom,257,193.0,110.0,0,1.0,0.0,0.0,1,1,1,-2.127899688385601,-0.16740714518327074,0.5715660020858551,Hibernating / At-Risk,0
14477,4,1309.6,720,7,1.8920000000000001,United Kingdom,20,327.4,180.0,277,0.43321299638989175,1.0,0.2,1,0,0,0.8757873385094128,-0.5784055821826537,-1.1029696139094,Loyal Regulars,0
14479,2,316.25,117,18,4.016666666666667,United Kingdom,254,158.125,58.5,111,0.5405405405405405,0.0,0.0,1,1,1,-1.7845837604484664,-0.4381555493354771,-0.3974681319086813,Hibernating / At-Risk,0
14480,1,279.05,143,13,3.0015384615384617,United Kingdom,11,279.05,143.0,0,1.0,0.0,0.0,1,1,1,-0.897620854505219,0.3037446206887244,-0.25937725461358696,Hibernating / At-Risk,0
14481,2,636.51,489,25,1.994,United Kingdom,165,318.255,244.5,122,0.49180327868852464,0.0,0.0,1,0,0,-0.47493564900646973,-1.1865767630359174,-0.19276314392677577,Loyal Regulars,0
14482,6,2022.81,1627,110,2.427372262773723,United Kingdom,18,337.135,271.1666666666667,220,0.8181818181818182,0.0,0.0,1,0,2,1.7321882445627383,0.022659399085229796,-0.47025807846479506,Loyal Regulars,0
14483,1,137.1,97,9,1.8522222222222224,United Kingdom,282,137.1,97.0,0,1.0,1.0,0.5,1,1,1,-2.517143599945798,0.14294593719618814,0.4000657983247084,Hibernating / At-Risk,0
14484,1,321.92,210,14,2.0957142857142856,United Kingdom,50,321.92,210.0,0,1.0,0.0,0.0,1,1,1,-0.9852220499558596,-0.2652689894841857,0.33141129613164577,Hibernating / At-Risk,0
14485,1,162.8,70,44,2.6771739130434784,United Kingdom,39,162.8,70.0,0,1.0,0.0,0.0,1,1,1,-1.98388347336444,0.547931115456925,-0.1799570727796029,Hibernating / At-Risk,0
14487,6,1165.48,712,112,2.5145714285714287,United Kingdom,27,194.24666666666667,118.66666666666667,341,0.5278592375366569,1.0,0.14285714285714285,1,0,0,0.7417383467008055,0.11759966334110704,-1.1956466008740942,Loyal Regulars,0
14488,1,1064.28,799,46,2.131304347826087,United Kingdom,68,1064.28,799.0,0,1.0,1.0,0.5,1,0,0,0.5735673818165063,-1.6084507445756822,1.1724920362122682,Loyal Regulars,0
14489,1,463.38,299,30,1.7770000000000001,United Kingdom,207,463.38,299.0,0,1.0,0.0,0.0,1,1,1,-0.8684490263876016,-1.0311717561379328,1.0372283044543387,Hibernating / At-Risk,0
14491,2,340.93,139,17,4.54235294117647,United Kingdom,175,170.465,69.5,197,0.30456852791878175,0.0,0.0,1,1,1,-1.6041110584642342,-0.8023697306615822,-0.9673314085807942,Hibernating / At-Risk,0
14493,5,2383.2400000000002,1285,95,3.024583333333333,United Kingdom,7,476.648,257.0,147,1.0204081632653061,2.0,0.2857142857142857,1,2,2,2.0295821012083812,0.13241268818614302,-0.2247537886641459,Champions (High-Value),1
14494,1,139.56,92,7,1.6614285714285713,United Kingdom,26,139.56,92.0,0,1.0,0.0,0.0,1,1,1,-1.9194235068629077,0.7780729414308009,-0.39793540577846237,Hibernating / At-Risk,0
14495,2,123.8,62,6,2.0083333333333333,United Kingdom,51,61.9,31.0,70,0.8571428571428571,0.0,0.0,1,1,1,-2.4329264171447655,1.3700517993836974,-0.9545200170022752,Hibernating / At-Risk,0
14496,2,538.8100000000001,159,16,5.65421052631579,United Kingdom,312,269.40500000000003,79.5,61,0.9836065573770493,0.0,0.0,1,1,1,-1.1446110110277181,-0.45139327807912405,0.7394122576481188,Hibernating / At-Risk,0
14497,1,475.37,235,29,4.478620689655172,United Kingdom,309,475.37,235.0,0,1.0,1.0,0.5,1,1,1,-1.041397601455366,-1.143862735628118,1.183007537185365,Hibernating / At-Risk,0
14498,5,1957.32,1098,162,2.807720207253886,United Kingdom,43,391.464,219.6,319,0.4702194357366771,0.0,0.0,1,0,2,1.2495270195202095,-0.8612594258349878,-0.6976269857198906,Loyal Regulars,0
14499,3,808.44,496,146,1.969578947368421,United Kingdom,26,269.48,165.33333333333334,252,0.35714285714285715,0.0,0.0,1,0,0,0.18757690847562705,-0.6386209939165672,-1.2534954999176926,Loyal Regulars,0
14500,3,356.85,117,6,6.214285714285714,United Kingdom,88,118.95,39.0,101,0.8910891089108911,0.0,0.0,1,1,1,-1.3399540879975014,0.6965939959710028,-0.38039466526757737,Hibernating / At-Risk,0
14501,2,251.21,161,9,2.175,United Kingdom,184,125.605,80.5,136,0.4411764705882353,1.0,0.3333333333333333,1,1,1,-1.8115046026027406,-0.3120528554320643,-0.8308507016286322,Hibernating / At-Risk,0
14502,11,2426.79,1464,367,2.3934102141680396,United Kingdom,20,220.61727272727273,133.0909090909091,293,1.1262798634812285,3.0,0.21428571428571427,1,2,2,1.955998610165184,0.980531032543518,-0.3456894416228125,Champions (High-Value),1
14503,6,3543.26,2004,113,2.6662195121951218,United Kingdom,3,590.5433333333334,334.0,175,1.0285714285714287,0.0,0.0,1,2,2,2.7685338469697043,0.14887828706049852,-0.34748588483303755,Champions (High-Value),1
14504,4,673.26,308,85,3.4827102803738317,United Kingdom,47,168.315,77.0,231,0.5194805194805194,0.0,0.0,1,0,0,-0.2693333905916367,0.03648810156929227,-1.0585513793903598,Loyal Regulars,0
14505,8,5859.43,2739,540,2.8970191082802548,United Kingdom,17,732.42875,342.375,344,0.6976744186046512,3.0,0.2727272727272727,1,2,2,2.9504638947459783,-0.8058567652493731,-0.27797909690127565,Champions (High-Value),1
14506,5,1960.65,704,204,3.4635254237288136,United Kingdom,17,392.13,140.8,351,0.4273504273504274,0.0,0.0,1,0,2,1.2961296183133615,-0.6442774058326584,-1.1026255598872254,Loyal Regulars,0
14507,6,1367.88,594,79,3.178842105263158,United Kingdom,24,227.98000000000002,99.0,252,0.7142857142857143,1.0,0.14285714285714285,1,0,2,0.8838716402863334,0.2756836881537086,-0.8055289875034365,Loyal Regulars,0
14508,2,268.05,129,52,3.404909090909091,United Kingdom,22,134.025,64.5,67,0.8955223880597015,0.0,0.0,1,1,1,-1.219167572119462,0.8462629020266011,-0.7056046974189899,Hibernating / At-Risk,0
14511,5,1314.81,784,53,2.501764705882353,United Kingdom,11,262.962,156.8,122,1.2295081967213115,1.0,0.16666666666666666,1,2,2,1.2089805325664227,0.8565647644412369,-0.1566673520744413,Champions (High-Value),1
14512,2,275.28,122,19,4.611739130434782,United Kingdom,188,137.64,61.0,44,1.3636363636363638,0.0,0.0,1,1,1,-1.687544208260239,0.7496926955178774,0.683653841355979,Hibernating / At-Risk,0
14513,3,455.59000000000003,361,11,2.4391666666666665,United Kingdom,101,151.86333333333334,120.33333333333333,188,0.4787234042553192,1.0,0.25,1,0,1,-0.7833792134473534,-0.23513267457832004,-0.8878236086978573,Loyal Regulars,0
14514,3,990.2,564,65,3.159855072463768,United Kingdom,61,330.06666666666666,188.0,270,0.3333333333333333,0.0,0.0,1,0,0,0.20805501646141822,-1.1126745811712977,-0.8979151918183214,Loyal Regulars,0
14515,6,2076.89,1110,68,2.8492857142857146,United Kingdom,18,346.1483333333333,185.0,200,0.8999999999999999,0.0,0.0,1,0,2,1.6199122271462327,0.13239973397702337,-0.33479510965882314,Loyal Regulars,0
14517,2,330.45,91,17,5.333333333333333,United Kingdom,33,165.225,45.5,108,0.5555555555555556,0.0,0.0,1,1,1,-1.3227072279359204,0.1197470178288894,-1.041704109027051,Hibernating / At-Risk,0
14518,1,174.37,278,16,2.699375,United Kingdom,64,174.37,278.0,0,1.0,0.0,0.0,1,1,1,-1.5059092236302671,0.22588887584703393,0.06277096239662289,Hibernating / At-Risk,0
14520,2,270.6,146,3,3.2075,United Kingdom,2,135.3,73.0,289,0.20761245674740486,0.0,0.0,1,0,1,-0.7797972223589649,0.35794257224336723,-2.727765640119838,Loyal Regulars,0
14522,4,974.54,525,15,2.531764705882353,United Kingdom,24,243.635,131.25,173,0.6936416184971098,0.0,0.0,1,0,0,0.484098132378353,0.06447809394470132,-0.731637663596956,Loyal Regulars,0
14523,1,241.09,251,12,2.72,United Kingdom,108,241.09,251.0,0,1.0,0.0,0.0,1,1,1,-1.3781653132996403,-0.2153123707450712,0.4273965953809204,Hibernating / At-Risk,0
14524,9,1843.83,669,161,4.063756345177665,United Kingdom,32,204.87,74.33333333333333,329,0.8206686930091185,0.0,0.0,1,0,2,1.2019889150743936,0.5694064373664849,-0.6714973687775792,Loyal Regulars,0
14525,9,4215.9,2637,217,3.204290780141844,United Kingdom,20,468.4333333333333,293.0,341,0.7917888563049853,4.0,0.3076923076923077,1,2,2,2.6210586344012268,-0.25340016785335495,-0.3529170967304563,Champions (High-Value),1
14527,55,8506.13,2086,329,5.366505154639175,United Kingdom,3,154.65690909090907,37.92727272727273,366,4.508196721311475,31.0,0.36046511627906974,1,2,2,3.8016818587291255,3.931231217412235,1.1107681302714412,Champions (High-Value),1
14528,1,364.21999999999997,278,18,1.973888888888889,United Kingdom,37,364.21999999999997,278.0,0,1.0,0.0,0.0,1,1,1,-0.6852348052315912,-0.3269104621516566,0.31009522177715076,Hibernating / At-Risk,0
14529,3,578.61,325,177,1.986619718309859,United Kingdom,60,192.87,108.33333333333333,50,1.7999999999999998,0.0,0.0,1,1,0,-0.2735749810026602,1.146580771812957,0.9579812715324233,Hibernating / At-Risk,0
14530,6,2862.11,1395,140,4.114507042253521,United Kingdom,26,477.0183333333334,232.5,270,0.6666666666666666,0.0,0.0,1,0,2,1.877426154977955,-0.5897260449696812,-0.4067549937912934,Loyal Regulars,0
14532,4,932.85,284,45,5.6234375000000005,United Kingdom,236,233.2125,71.0,115,1.0434782608695652,0.0,0.0,1,0,1,-0.31581082897329343,-0.02967755930073896,0.5536968341189531,Loyal Regulars,0
14533,7,1949.72,4019,53,1.4325806451612904,United Kingdom,25,278.5314285714286,574.1428571428571,328,0.6402439024390244,2.0,0.2222222222222222,1,2,2,1.9578041304664902,-0.14554378226541342,-0.7847072043284461,Champions (High-Value),1
14534,18,4395.65,2026,330,3.324871794871795,United Kingdom,3,244.20277777777775,112.55555555555556,315,1.7142857142857142,7.0,0.28,1,2,2,3.210656645519068,2.054585885699247,-0.23025021875348847,Champions (High-Value),1
14535,3,2854.84,1824,280,2.5209451219512196,United Kingdom,60,951.6133333333333,608.0,188,0.4787234042553192,1.0,0.25,1,0,2,1.6906723520459852,-1.9869434539132853,0.054798742349976906,Loyal Regulars,0
14536,1,170.95,39,18,5.052777777777778,United Kingdom,260,170.95,39.0,0,1.0,0.0,0.0,1,1,1,-2.6450469391171736,0.03645843831755052,0.4778312235540783,Hibernating / At-Risk,0
14537,1,355.56,120,10,2.963,United Kingdom,58,355.56,120.0,0,1.0,0.0,0.0,1,1,1,-1.1491863054833935,-0.3500409264619709,0.42522557578978526,Hibernating / At-Risk,0
14538,2,388.25,155,19,3.318947368421053,United Kingdom,65,194.125,77.5,191,0.31413612565445026,0.0,0.0,1,1,1,-1.1874593267492592,-0.6487124011432841,-1.2037255550953556,Hibernating / At-Risk,0
14539,2,537.48,428,31,2.0790625,United Kingdom,16,268.74,214.0,28,2.0,0.0,0.0,1,1,0,0.11566930573279098,1.209304193916579,0.984833505814365,Hibernating / At-Risk,0
14540,3,952.66,411,64,3.870140845070422,United Kingdom,10,317.55333333333334,137.0,299,0.3010033444816054,0.0,0.0,1,0,0,0.4831861866370778,-0.6271265721277259,-1.5952796486020115,Loyal Regulars,0
14541,8,1453.35,641,71,2.5258095238095235,United Kingdom,59,181.66875,80.125,260,0.9230769230769231,0.0,0.0,1,0,1,0.813268515639757,0.6056848117197614,-0.35246828368900096,Loyal Regulars,0
14542,1,103.25,19,5,5.41,United Kingdom,186,103.25,19.0,0,1.0,0.0,0.0,1,1,1,-3.298533448210636,0.6686133843619809,0.05070329889242384,Hibernating / At-Risk,0
14543,16,3560.08,671,41,5.963676470588235,United Kingdom,29,222.505,41.9375,336,1.4285714285714286,5.0,0.23809523809523808,1,2,2,2.0107918188307847,1.3883313332267277,0.07518673240841922,Champions (High-Value),1
14544,2,2004.3,1536,97,2.3600900900900905,United Kingdom,24,1002.15,768.0,337,0.17804154302670624,0.0,0.0,1,0,2,1.4584080617723212,-2.365579801115796,-0.7911641930246446,Loyal Regulars,0
14546,5,2573.93,1313,250,2.6873803526448365,United Kingdom,5,514.786,262.6,243,0.617283950617284,4.0,0.4444444444444444,1,0,2,2.1144543220051095,-0.3718024190708328,-0.9349556326969454,Loyal Regulars,0
14547,8,3974.75,2639,198,2.8969577464788734,United Kingdom,4,496.84375,329.875,50,4.8,1.0,0.1111111111111111,1,2,0,3.225303693316539,2.298422697359874,2.128362794252711,Champions (High-Value),1
14548,2,652.8,256,2,2.55,United Kingdom,151,326.4,128.0,167,0.3592814371257485,0.0,0.0,1,0,0,-0.7117502688305658,-1.3407330939920927,-0.49978720969054524,Loyal Regulars,0
14549,1,289.24,136,56,3.2125,United Kingdom,311,289.24,136.0,0,1.0,0.0,0.0,1,1,1,-1.7185768919949609,-0.6234628763179548,0.8794100023554456,Hibernating / At-Risk,0
14550,2,757.37,389,38,2.195744680851064,United Kingdom,11,378.685,194.5,33,1.8181818181818181,0.0,0.0,1,0,0,0.46663015117102113,0.8444850606409627,0.8793050601108615,Loyal Regulars,0
14551,2,186.23,106,9,4.702,United Kingdom,18,93.115,53.0,185,0.3243243243243243,0.0,0.0,1,1,1,-1.6947216501345694,0.442550616679449,-2.047678937261856,Hibernating / At-Risk,0
14552,1,164.22,90,57,1.8931578947368422,United Kingdom,152,164.22,90.0,0,1.0,0.0,0.0,1,1,1,-2.221801962027153,0.1477841102232219,0.29240131483324233,Hibernating / At-Risk,0
14553,5,859.27,493,103,3.723628318584071,United Kingdom,19,171.85399999999998,98.6,319,0.4702194357366771,0.0,0.0,1,0,0,0.3719383475096225,0.21133405817901701,-1.4720275546456527,Loyal Regulars,0
14554,4,2279.4900000000002,1443,147,2.6990640394088667,United Kingdom,10,569.8725000000001,360.75,42,2.857142857142857,0.0,0.0,1,2,0,2.136679100060922,1.2695010898634012,1.9419025015456068,Champions (High-Value),1
14555,2,312.54,122,18,3.1752631578947366,United Kingdom,57,156.27,61.0,244,0.24590163934426232,0.0,0.0,1,1,1,-1.4655545840419535,-0.5074226700536225,-1.538720069969942,Hibernating / At-Risk,0
14557,1,788.38,510,16,1.59,United Kingdom,85,788.38,510.0,0,1.0,1.0,0.5,1,0,0,0.061541082410869925,-1.3425095707862773,1.0600205650572312,Loyal Regulars,0
14560,22,2237.77,1260,39,4.907027027027027,United Kingdom,7,101.71681818181818,57.27272727272727,350,1.885714285714286,2.0,0.08333333333333333,1,2,2,2.27196125023006,2.9553465390003715,-0.37948045742182257,Champions (High-Value),1
14561,3,1080.76,1014,67,1.9856521739130433,United Kingdom,76,360.25333333333333,338.0,108,0.8333333333333333,0.0,0.0,1,0,0,0.5631006756046886,-0.5813024849375078,0.18354330774352828,Loyal Regulars,0
14562,18,5006.77,1815,187,3.4860859188544153,United Kingdom,4,278.1538888888889,100.83333333333333,300,1.8,4.0,0.18181818181818182,1,2,2,3.2408113659003632,1.9500844712157697,0.011657353006915776,Champions (High-Value),1
14565,4,2949.12,1537,110,2.796693548387097,United Kingdom,96,737.28,384.25,265,0.45283018867924524,2.0,0.3333333333333333,1,0,2,1.541224809714281,-1.8109188370243845,-0.040657101314175034,Loyal Regulars,0
14566,1,1432.0,800,4,1.79,Channel Islands,111,1432.0,800.0,0,1.0,0.0,0.0,0,0,0,0.7261178182640996,-2.0252303278878023,1.5133982662728778,Loyal Regulars,0
14567,2,1530.3600000000001,412,33,3.7118181818181815,United Kingdom,57,765.1800000000001,206.0,73,0.8219178082191781,1.0,0.3333333333333333,1,0,0,0.6046516594427067,-1.2613095208773213,0.5470840951209495,Loyal Regulars,0
14569,1,227.39,79,10,3.92,United Kingdom,1,227.39,79.0,0,1.0,0.0,0.0,1,1,1,-0.8599326374565323,1.04498149748364,-1.01016845669298,Hibernating / At-Risk,0
14570,2,217.21,94,28,3.462142857142857,United Kingdom,281,108.605,47.0,0,2.0,0.0,0.0,1,1,1,-2.037205430241367,1.4315963901022883,1.380000963771738,Hibernating / At-Risk,0
14572,7,2804.54,1420,190,2.9711068702290078,United Kingdom,3,400.6485714285714,202.85714285714286,320,0.65625,3.0,0.3,1,2,2,2.368844072800465,0.13953549163926576,-1.2128062984392327,Champions (High-Value),1
14573,9,1639.82,534,127,4.540484581497798,United Kingdom,180,182.20222222222222,59.333333333333336,192,1.40625,4.0,0.3076923076923077,1,0,0,0.6548646249680709,0.8689762122569338,0.6619797174062697,Loyal Regulars,0
14576,1,35.400000000000006,12,1,2.95,United Kingdom,372,35.400000000000006,12.0,0,1.0,0.0,0.0,1,1,1,-4.345883900579321,1.3091460062837332,-0.2157074110864244,Hibernating / At-Risk,0
14577,4,859.71,353,86,2.643333333333333,United Kingdom,13,214.9275,88.25,350,0.34285714285714286,0.0,0.0,1,0,0,0.28845831202382877,-0.15081204728484426,-1.699931297351315,Loyal Regulars,0
14578,1,168.63,240,24,2.45125,United Kingdom,3,168.63,240.0,0,1.0,0.0,0.0,1,1,1,-0.8803226173626747,1.038919753122043,-0.9182701341898005,Hibernating / At-Risk,0
14581,1,138.6,217,16,1.5829411764705883,United Kingdom,17,138.6,217.0,0,1.0,0.0,0.0,1,1,1,-1.4865498728497215,0.8196872254784258,-0.5189442831008397,Hibernating / At-Risk,0
14582,1,114.11,73,6,3.39,United Kingdom,41,114.11,73.0,0,1.0,0.0,0.0,1,1,1,-2.3085928725232847,0.8676944932632841,-0.3697022283597279,Hibernating / At-Risk,0
14583,5,986.96,751,243,1.9859271523178808,United Kingdom,6,197.392,150.2,200,0.75,0.0,0.0,1,0,2,0.9888134236781048,0.7288280760030946,-1.2260950014200647,Loyal Regulars,0
14584,4,1033.06,381,68,3.491938775510204,United Kingdom,169,258.265,95.25,29,4.0,1.0,0.2,1,1,0,0.24440656367584634,1.893051774328173,3.034912831067282,Hibernating / At-Risk,0
14585,1,157.05,91,29,1.9896551724137932,United Kingdom,50,157.05,91.0,0,1.0,0.0,0.0,1,1,1,-1.977386036381438,0.49182670792925653,-0.11076154891735718,Hibernating / At-Risk,0
14586,1,237.36,444,19,0.6984210526315789,United Kingdom,277,237.36,444.0,0,1.0,2.0,0.6666666666666666,1,1,1,-1.4085945683157113,-0.5095616134904417,0.7547194630287432,Hibernating / At-Risk,0
14587,9,1580.29,749,170,2.4101078167115904,United Kingdom,19,175.58777777777777,83.22222222222223,312,0.8653846153846153,1.0,0.1,1,2,2,1.238996292190106,0.899229184820012,-0.8592223987839668,Champions (High-Value),1
14589,1,39.75,5,3,7.95,United Kingdom,372,39.75,5.0,0,1.0,0.0,0.0,1,1,1,-4.345883900579321,1.3091460062837332,-0.2157074110864244,Hibernating / At-Risk,0
14591,4,1320.21,1228,138,2.7223295454545453,United Kingdom,15,330.0525,307.0,197,0.6091370558375635,0.0,0.0,1,0,0,1.198753543930246,-0.2947948614433568,-0.8358005859415379,Loyal Regulars,0
14592,3,557.94,407,132,2.047974683544304,United Kingdom,35,185.98000000000002,135.66666666666666,28,3.0,0.0,0.0,1,1,0,0.026508979166913332,2.1206387336409325,1.8146361927120596,Hibernating / At-Risk,0
14593,3,617.15,330,127,2.074039735099338,United Kingdom,22,205.71666666666667,110.0,177,0.5084745762711864,0.0,0.0,1,0,0,-0.14934775796437066,-0.05964393388830622,-1.1652795235188949,Loyal Regulars,0
14594,2,363.33,183,48,3.255,United Kingdom,7,181.665,91.5,365,0.16438356164383564,0.0,0.0,1,0,1,-0.6725099743060792,-0.23371176485178277,-2.240475308030359,Loyal Regulars,0
14595,6,1740.6,978,94,2.9027450980392153,United Kingdom,20,290.09999999999997,163.0,293,0.614334470989761,0.0,0.0,1,0,2,1.3298586433884445,-0.08758162375474443,-0.8884864222510783,Loyal Regulars,0
14597,2,866.24,566,45,1.4217021276595743,United Kingdom,11,433.12,283.0,180,0.3333333333333333,0.0,0.0,1,0,0,0.5071173727762788,-1.0259867518286931,-1.2420128791998664,Loyal Regulars,0
14598,1,221.97,189,49,1.5216,United Kingdom,44,221.97,189.0,0,1.0,0.0,0.0,1,1,1,-1.3393349143599218,0.13238777681452174,0.06773009890743556,Hibernating / At-Risk,0
14600,1,393.33000000000004,125,25,5.3628,United Kingdom,306,393.33000000000004,125.0,0,1.0,0.0,0.0,1,1,1,-1.4619824538935076,-0.9042091735518751,1.0520240796620182,Hibernating / At-Risk,0
14601,1,213.96,168,7,1.4342857142857142,United Kingdom,11,213.96,168.0,0,1.0,0.0,0.0,1,1,1,-1.0809251617057445,0.541989769366918,-0.4108474194405785,Hibernating / At-Risk,0
14603,1,660.0,400,2,1.65,United Kingdom,275,660.0,400.0,0,1.0,0.0,0.0,1,0,1,-0.49789018680070696,-1.4724050296152302,1.349733761866797,Loyal Regulars,0
14606,90,11926.15,6177,816,2.8011181750186984,United Kingdom,1,132.51277777777779,68.63333333333334,372,7.258064516129032,35.0,0.28,1,2,2,4.479088141465063,4.122015554269406,0.8348118996593374,Champions (High-Value),1
14607,12,15021.5,10734,37,2.1616666666666666,United Kingdom,16,1251.7916666666667,894.5,245,1.469387755102041,3.0,0.2,1,2,2,4.548344157950402,-0.4214171894913313,1.077020709510323,Champions (High-Value),1
14608,4,1785.15,437,8,4.225,United Kingdom,4,446.2875,109.25,358,0.33519553072625696,0.0,0.0,1,0,2,1.3132466924047848,-0.5951419798937229,-1.6362563591286423,Loyal Regulars,0
14609,4,601.56,7026,2,0.1225,United Kingdom,72,150.39,1756.5,224,0.5357142857142857,0.0,0.0,1,0,0,0.7520940149355193,-0.22884301958396508,-0.8673023486258318,Loyal Regulars,0
14616,3,406.08000000000004,104,2,3.44,United Kingdom,243,135.36,34.666666666666664,74,1.2162162162162162,0.0,0.0,1,1,1,-1.4754478206514623,0.6689612248463139,0.50690862513615,Hibernating / At-Risk,0
14618,3,553.44,264,10,4.274375,United Kingdom,9,184.48000000000002,88.0,328,0.27439024390243905,1.0,0.25,1,0,0,-0.1768498393467812,-0.09164348004036196,-2.018932863224054,Loyal Regulars,0
14619,1,394.44,152,20,4.706,United Kingdom,246,394.44,152.0,0,1.0,1.0,0.5,1,1,1,-1.3272200479799503,-0.8644522788472425,0.9840673347158779,Hibernating / At-Risk,0
14620,2,412.78000000000003,214,26,3.4223076923076925,United Kingdom,206,206.39000000000001,107.0,78,0.7692307692307692,1.0,0.3333333333333333,1,1,1,-1.2050960142459557,-0.3717362923373252,0.11123874072615855,Hibernating / At-Risk,0
14621,5,1788.3600000000001,993,80,3.0166304347826083,United Kingdom,1,357.672,198.6,357,0.42016806722689076,1.0,0.16666666666666666,1,0,0,1.907165930108809,0.006237276570456115,-1.9172053794422002,Loyal Regulars,0
14622,1,320.58000000000004,146,21,3.212380952380953,United Kingdom,185,320.58000000000004,146.0,0,1.0,0.0,0.0,1,1,1,-1.4628475817974893,-0.585240747868588,0.7639312747478674,Hibernating / At-Risk,0
14623,5,882.02,406,107,3.0512121212121213,United Kingdom,32,176.404,81.2,203,0.7389162561576355,1.0,0.16666666666666666,1,0,1,0.24359613413618128,0.44922517424297986,-0.7941582981143642,Loyal Regulars,0
14624,2,225.85,162,13,2.0707692307692307,United Kingdom,57,112.925,81.0,1,2.0,0.0,0.0,1,1,1,-1.3834629905383236,1.7817615660167527,0.8736974795371192,Hibernating / At-Risk,0
14625,2,899.63,335,51,4.738490566037736,United Kingdom,196,449.815,167.5,164,0.36585365853658536,3.0,0.6,1,0,0,-0.3730978218494805,-1.7308309236745447,-0.2012059547167549,Loyal Regulars,0
14626,4,2791.27,1403,108,3.4078688524590164,United Kingdom,24,697.8175,350.75,209,0.5741626794258373,3.0,0.42857142857142855,1,0,2,1.8263060329542802,-1.1935921747913196,-0.3042106588673506,Loyal Regulars,0
14628,2,671.96,272,22,4.545416666666667,United Kingdom,91,335.98,136.0,151,0.3973509933774835,0.0,0.0,1,0,0,-0.5239250432152812,-1.1723295466544823,-0.5721221222250921,Loyal Regulars,0
14629,2,955.26,378,133,3.7636666666666665,United Kingdom,4,477.63,189.0,43,1.3953488372093024,1.0,0.3333333333333333,1,0,0,0.8450928030602572,0.4958397684750177,0.2341246326671766,Loyal Regulars,0
14631,3,1006.98,622,38,2.38390243902439,United Kingdom,51,335.66,207.33333333333334,248,0.36290322580645157,0.0,0.0,1,0,0,0.31399173334577807,-1.0389311429117276,-0.8811394747055874,Loyal Regulars,0
14632,1,114.56,96,8,2.54,United Kingdom,263,114.56,96.0,0,1.0,0.0,0.0,1,1,1,-2.669315322389397,0.33320559702891833,0.2710693975157128,Hibernating / At-Risk,0
14633,1,344.90000000000003,96,20,5.4025,United Kingdom,266,344.90000000000003,96.0,0,1.0,0.0,0.0,1,1,1,-1.6512301470647253,-0.7170650179600115,0.920120528631994,Hibernating / At-Risk,0
14636,2,609.85,241,27,3.038214285714286,United Kingdom,36,304.925,120.5,232,0.25862068965517243,0.0,0.0,1,0,0,-0.46051366998996673,-1.0569406946116189,-1.2537930503382992,Loyal Regulars,0
14638,1,443.6,166,16,4.159375,United Kingdom,51,443.6,166.0,0,1.0,0.0,0.0,1,1,1,-0.7844833526621011,-0.5550013870584276,0.5201358164292235,Hibernating / At-Risk,0
14639,6,2984.49,1431,138,4.691860465116279,United Kingdom,52,497.41499999999996,238.5,309,0.5825242718446602,2.0,0.25,1,0,2,1.7375821421269733,-0.9360178255372517,-0.3028134671755544,Loyal Regulars,0
14640,6,2107.38,880,87,3.9506666666666668,United Kingdom,24,351.23,146.66666666666666,203,0.8866995073891626,2.0,0.25,1,0,2,1.469662767153514,0.04773883163359649,-0.25879339219324404,Loyal Regulars,0
14641,1,110.46,90,7,1.2900000000000003,United Kingdom,22,110.46,90.0,0,1.0,0.0,0.0,1,1,1,-2.1029275076810348,1.0457588295274913,-0.5900827330244764,Hibernating / At-Risk,0
14642,1,96.12,76,2,3.005,United Kingdom,59,96.12,76.0,0,1.0,0.0,0.0,1,1,1,-2.5425725249955313,0.9281757463983028,-0.3461595656457451,Hibernating / At-Risk,0
14643,2,693.8100000000001,815,30,1.586774193548387,United Kingdom,170,346.90500000000003,407.5,187,0.32085561497326204,1.0,0.3333333333333333,1,0,0,-0.23933702271627777,-1.600612682673944,-0.4780298438490159,Loyal Regulars,0
14644,2,830.76,258,26,4.341538461538462,United Kingdom,68,415.38,129.0,230,0.2608695652173913,2.0,0.5,1,0,0,-0.30561931113223817,-1.525117969588152,-0.8512779101114232,Loyal Regulars,0
14645,2,597.09,381,28,3.622,United Kingdom,157,298.545,190.5,118,0.5084745762711864,0.0,0.0,1,0,0,-0.6162563932687618,-1.0643222197483493,-0.22093179742460506,Loyal Regulars,0
14646,72,279138.02,196844,699,2.3947038834951457,Netherlands,2,3876.9169444444447,2733.9444444444443,353,6.118980169971671,3.0,0.04,0,2,2,6.135618530539109,1.589078028923651,2.4780270920754166,Champions (High-Value),1
14647,1,236.04000000000002,91,24,2.413214285714286,United Kingdom,201,236.04000000000002,91.0,0,1.0,0.0,0.0,1,1,1,-1.9525364605078068,-0.2744890415133328,0.6005207797394184,Hibernating / At-Risk,0
14649,4,1402.59,1004,148,2.6493010752688173,United Kingdom,5,350.6475,251.0,207,0.5797101449275363,0.0,0.0,1,0,0,1.4213411480334577,-0.10629097773414668,-1.1969293291329681,Loyal Regulars,0
14651,2,653.75,343,95,2.9171287128712873,United Kingdom,67,326.875,171.5,143,0.4195804195804196,0.0,0.0,1,0,0,-0.3761196862878924,-1.04764729017605,-0.639413641785856,Loyal Regulars,0
14652,1,114.18,53,29,2.986206896551724,United Kingdom,77,114.18,53.0,0,1.0,0.0,0.0,1,1,1,-2.59065113299075,0.7249208586595317,-0.16496678548368301,Hibernating / At-Risk,0
14653,7,1916.7,944,153,3.2624463519313305,United Kingdom,1,273.81428571428575,134.85714285714286,337,0.6231454005934719,0.0,0.0,1,2,2,2.0257310873755627,0.6836319403422212,-1.7445342680483684,Champions (High-Value),1
14655,4,1932.23,1089,35,2.686938775510204,United Kingdom,8,483.0575,272.25,214,0.5607476635514018,1.0,0.2,1,0,2,1.6435583653740888,-0.5581583814909618,-0.9031127488551883,Loyal Regulars,0
14656,2,291.05,120,73,2.7685,United Kingdom,169,145.525,60.0,114,0.5263157894736842,0.0,0.0,1,1,1,-1.7506451391400513,-0.2710765693075202,-0.6120269391622953,Hibernating / At-Risk,0
14657,4,848.22,466,103,2.7334920634920636,United Kingdom,18,212.055,116.5,308,0.3896103896103896,1.0,0.2,1,0,0,0.3173982785560149,-0.16892113610073856,-1.4946179221550404,Loyal Regulars,0
14658,2,247.15,47,27,5.588275862068966,United Kingdom,5,123.575,23.5,111,0.5405405405405405,0.0,0.0,1,1,1,-1.4065404773539876,0.9095690343080423,-1.852934306127942,Hibernating / At-Risk,0
14659,9,2529.93,1195,147,2.9375098814229252,United Kingdom,9,281.1033333333333,132.77777777777777,306,0.8823529411764707,3.0,0.25,1,2,2,2.0401617707783646,0.6212569529117523,-0.7825864411972443,Champions (High-Value),1
14660,2,285.74,228,24,2.3586666666666667,United Kingdom,87,142.87,114.0,14,2.0,0.0,0.0,1,1,1,-1.1386853718383376,1.4133440645534248,1.1631581656142977,Hibernating / At-Risk,0
14661,1,107.95,35,4,3.95,United Kingdom,27,107.95,35.0,0,1.0,0.0,0.0,1,1,1,-2.5396200704629233,1.0967399500838515,-0.5601851150311371,Hibernating / At-Risk,0
14662,4,741.37,578,143,2.39343949044586,United Kingdom,29,185.3425,144.5,287,0.4181184668989547,0.0,0.0,1,0,0,0.16633668365168536,-0.13971794724041908,-1.3510026947064386,Loyal Regulars,0
14664,2,636.24,465,78,1.9861224489795917,United Kingdom,20,318.12,232.5,13,2.0,0.0,0.0,1,0,0,0.2507851018449834,0.9830571145710355,1.1585166619721328,Loyal Regulars,0
14665,5,1835.7,740,63,4.328333333333333,United Kingdom,61,367.14,148.0,250,0.6,2.0,0.2857142857142857,1,0,2,0.9730426442596243,-0.6660092044779821,-0.37801666581935267,Loyal Regulars,0
14666,1,179.95,155,13,1.8038461538461539,United Kingdom,24,179.95,155.0,0,1.0,0.0,0.0,1,1,1,-1.4608465726154363,0.5114948533770505,-0.2621972318697165,Hibernating / At-Risk,0
14667,25,9170.79,5318,353,3.115636042402827,United Kingdom,11,366.83160000000004,212.72,357,2.100840336134454,2.0,0.07407407407407407,1,2,2,4.088342546157425,1.7091384466344104,0.7328452879505619,Champions (High-Value),1
14669,3,1259.24,770,158,2.7163855421686747,United Kingdom,242,419.74666666666667,256.6666666666667,90,1.0,0.0,0.0,1,0,0,0.3294686887669963,-0.8201360125983129,0.9177433161760301,Loyal Regulars,0
14670,2,392.86,326,107,1.6123577235772357,United Kingdom,280,196.43,163.0,0,2.0,0.0,0.0,1,1,1,-1.0007215631263378,0.7590914315537654,1.757534304138626,Hibernating / At-Risk,0
14672,2,765.55,454,58,2.921639344262295,United Kingdom,235,382.775,227.0,101,0.594059405940594,0.0,0.0,1,0,0,-0.4021930398460387,-1.3012929553470804,0.23024557620494487,Loyal Regulars,0
14673,5,1736.4,1004,39,2.395,United Kingdom,3,347.28000000000003,200.8,364,0.4120879120879121,0.0,0.0,1,0,0,1.7047610921593617,-0.17064299993216742,-1.712995617311963,Loyal Regulars,0
14675,1,596.36,336,93,2.258556701030928,United Kingdom,16,596.36,336.0,0,1.0,0.0,0.0,1,0,0,0.05336894777221797,-0.5922473551627807,0.32829562041744187,Loyal Regulars,0
14676,6,2548.2400000000002,2500,29,1.7133333333333336,United Kingdom,31,424.7066666666667,416.6666666666667,251,0.7171314741035856,2.0,0.25,1,0,2,1.9646700299351478,-0.5101525119906614,-0.3132738718905717,Loyal Regulars,0
14680,16,28754.11,13476,73,2.4156976744186047,United Kingdom,25,1797.131875,842.25,346,1.3872832369942196,7.0,0.30434782608695654,1,2,2,4.893684433486404,-0.8108808826282168,1.2544487825378585,Champions (High-Value),1
14681,3,498.95,76,6,7.207142857142857,United Kingdom,71,166.31666666666666,25.333333333333332,140,0.6428571428571428,0.0,0.0,1,1,1,-1.1866513162342929,0.15405843999402524,-0.6839591964987705,Hibernating / At-Risk,0
14682,2,52.0,80,1,0.65,United Kingdom,188,26.0,40.0,13,2.0,0.0,0.0,1,1,1,-3.058649904379528,2.464814597543367,0.6850763830945601,Hibernating / At-Risk,0
14684,5,1201.51,821,231,1.7434102564102563,United Kingdom,26,240.302,164.2,336,0.44642857142857145,0.0,0.0,1,0,0,0.801726451533373,-0.273156818321784,-1.2074235931424704,Loyal Regulars,0
14687,1,628.38,470,15,2.27,United Kingdom,107,628.38,470.0,0,1.0,0.0,0.0,1,0,0,-0.239839444883555,-1.1815809650974956,1.0028299964058853,Loyal Regulars,0
14688,21,5579.1,3584,148,2.1364814814814816,United Kingdom,8,265.6714285714286,170.66666666666666,366,1.7213114754098362,6.0,0.2222222222222222,1,2,2,3.474970365165607,1.7651110431472794,0.08691715442958624,Champions (High-Value),1
14689,1,112.8,76,13,2.180769230769231,United Kingdom,209,112.8,76.0,0,1.0,0.0,0.0,1,1,1,-2.7158923654253972,0.43167709115440006,0.17739625012195034,Hibernating / At-Risk,0
14690,2,355.05,167,40,2.761875,United Kingdom,44,177.525,83.5,107,0.5607476635514018,1.0,0.3333333333333333,1,1,1,-1.089836227190275,-0.07223434467113463,-0.8778150081057107,Hibernating / At-Risk,0
14691,5,2114.33,707,50,3.6664788732394364,United Kingdom,31,422.866,141.4,182,0.8241758241758242,0.0,0.0,1,0,2,1.2965157527532436,-0.3149694779311901,-0.136224304489419,Loyal Regulars,0
14692,4,591.55,265,53,2.932352941176471,United Kingdom,137,147.8875,66.25,185,0.6486486486486486,1.0,0.2,1,1,1,-0.6935952642359796,0.06818910623979468,-0.5345207621766838,Hibernating / At-Risk,0
14693,1,172.9,34,8,3.475,United Kingdom,265,172.9,34.0,0,1.0,0.0,0.0,1,1,1,-2.691977476463562,0.032471824325380046,0.48749106917409246,Hibernating / At-Risk,0
14696,7,2078.95,1630,117,2.4591538461538462,United Kingdom,4,296.99285714285713,232.85714285714286,368,0.5706521739130435,2.0,0.2222222222222222,1,2,2,2.0712086749760013,0.22968825208063745,-1.4649493415605908,Champions (High-Value),1
14697,2,188.60999999999999,181,22,3.2372727272727273,United Kingdom,218,94.30499999999999,90.5,0,2.0,0.0,0.0,1,1,1,-1.8469735109478507,1.5763628885772707,1.2278681688599915,Hibernating / At-Risk,0
14698,5,1217.27,602,148,2.8583499999999997,United Kingdom,2,243.454,120.4,49,3.061224489795918,0.0,0.0,1,2,0,1.574300263991562,2.7048396346918686,1.0859355397605417,Champions (High-Value),1
14699,1,109.13000000000001,77,8,2.21125,United Kingdom,214,109.13000000000001,77.0,0,1.0,0.0,0.0,1,1,1,-2.7473672755153884,0.45534400991600965,0.16652537267183867,Hibernating / At-Risk,0
14700,3,2195.1,1314,80,2.3915178571428575,United Kingdom,32,731.6999999999999,438.0,206,0.4368932038834952,0.0,0.0,1,0,2,1.4656200348324135,-1.6030197796855215,-0.40399469546994554,Loyal Regulars,0
14701,9,2526.09,921,268,3.1573088685015294,United Kingdom,11,280.6766666666667,102.33333333333333,305,0.8852459016393444,3.0,0.25,1,2,2,1.890083573088093,0.5993879730969781,-0.7231283510694407,Champions (High-Value),1
14702,17,3251.79,1439,196,3.7766374269005847,United Kingdom,1,191.28176470588235,84.6470588235294,364,1.4010989010989012,1.0,0.05555555555555555,1,2,2,2.9265191475573404,2.2067607510464904,-0.9701484503983381,Champions (High-Value),1
14703,1,318.17,183,22,2.0513636363636363,United Kingdom,15,318.17,183.0,0,1.0,0.0,0.0,1,1,1,-0.7530462372122443,0.07755554144682542,-0.07720831541959122,Hibernating / At-Risk,0
14704,7,1461.6200000000001,1035,286,2.201589743589744,United Kingdom,20,208.80285714285716,147.85714285714286,160,1.3125,0.0,0.0,1,2,2,1.3173592365928204,1.0937021775419347,-0.04818296648836468,Champions (High-Value),1
14705,1,179.0,100,1,1.79,United Kingdom,199,179.0,100.0,0,1.0,0.0,0.0,1,1,1,-2.1695887795362974,-0.017224893649836755,0.4375569623426366,Hibernating / At-Risk,0
14708,3,1126.37,621,25,3.0003571428571427,United Kingdom,3,375.45666666666665,207.0,365,0.24657534246575344,1.0,0.25,1,0,0,1.0469383851103793,-0.6426273063948329,-1.9598528858213913,Loyal Regulars,0
14709,13,4921.04,2484,71,2.75515306122449,United Kingdom,15,378.54153846153844,191.07692307692307,343,1.1370262390670554,1.0,0.07142857142857142,1,2,2,2.9163406981757554,0.5674601537959505,-0.12848744638324214,Champions (High-Value),1
14710,4,599.48,375,124,2.0731617647058824,United Kingdom,14,149.87,93.75,45,2.6666666666666665,0.0,0.0,1,1,0,0.2709373072947615,2.4608572065994627,1.0804023040034778,Hibernating / At-Risk,0
14711,11,2839.62,966,221,4.836927536231884,United Kingdom,10,258.1472727272727,87.81818181818181,252,1.3095238095238095,1.0,0.08333333333333333,1,2,2,2.1296378626021095,1.2353035302172068,-0.24245770709739095,Champions (High-Value),1
14712,3,917.07,315,21,3.3080000000000003,United Kingdom,29,305.69,105.0,82,1.0975609756097562,0.0,0.0,1,0,1,0.23421219919552103,0.24718318456144647,0.1304547812498753,Loyal Regulars,0
14713,11,2662.2,1613,146,2.4751479289940828,United Kingdom,9,242.0181818181818,146.63636363636363,355,0.9295774647887324,1.0,0.08333333333333333,1,2,2,2.24014803647481,0.8664822660296339,-0.8303673278563317,Champions (High-Value),1
14714,1,160.19,229,10,3.287,United Kingdom,24,160.19,229.0,0,1.0,0.0,0.0,1,1,1,-1.4156906676151373,0.5870204128666172,-0.32008801923084185,Hibernating / At-Risk,0
14715,4,867.38,521,60,3.3422535211267608,United Kingdom,25,216.845,130.25,306,0.3921568627450981,0.0,0.0,1,0,0,0.3021884177751186,-0.28240718471884957,-1.3654791520604852,Loyal Regulars,0
14716,2,307.51,495,46,1.4615686274509805,United Kingdom,43,153.755,247.5,105,0.5714285714285714,0.0,0.0,1,1,1,-0.7889979076221706,-0.01133922850689484,-0.9211732348078981,Hibernating / At-Risk,0
14719,5,1581.84,1025,177,2.3554893617021273,United Kingdom,2,316.368,205.0,247,0.6072874493927126,1.0,0.16666666666666666,1,0,2,1.740026605307422,0.2911800926705551,-1.4836368724852491,Loyal Regulars,0
14720,3,663.81,219,34,5.744594594594595,United Kingdom,6,221.26999999999998,73.0,120,0.75,0.0,0.0,1,0,1,0.10819443617543863,0.5746070474910524,-1.1033021870637794,Loyal Regulars,0
14722,1,180.42000000000002,118,28,3.0035714285714286,United Kingdom,147,180.42000000000002,118.0,0,1.0,0.0,0.0,1,1,1,-2.0205702020531473,0.04346692963341626,0.34305145779435253,Hibernating / At-Risk,0
14723,6,1120.66,671,192,2.296356589147287,United Kingdom,10,186.77666666666667,111.83333333333333,361,0.4986149584487535,0.0,0.0,1,0,0,0.9153767971343734,0.3734639337024922,-1.5981361420481472,Loyal Regulars,0
14725,1,655.58,588,45,3.5340425531914894,United Kingdom,25,655.58,588.0,0,1.0,0.0,0.0,1,0,0,0.25237099517842954,-0.8498031928007365,0.5444634972128922,Loyal Regulars,0
14727,1,268.58,62,10,7.0840000000000005,United Kingdom,274,268.58,62.0,0,1.0,0.0,0.0,1,1,1,-2.0608480213536486,-0.4482791557493345,0.7722733533967476,Hibernating / At-Risk,0
14729,1,313.49,197,69,2.159154929577465,United Kingdom,374,313.49,197.0,0,1.0,0.0,0.0,1,1,1,-1.5425334942985618,-0.7802042870399878,0.9948284660620504,Hibernating / At-Risk,0
14730,8,1897.57,1078,317,2.5628138528138527,United Kingdom,1,237.19625,134.75,275,0.8727272727272728,0.0,0.0,1,2,2,2.128404739706586,1.1817590222979262,-1.4291899434991293,Champions (High-Value),1
14731,3,380.02,256,38,2.102222222222222,United Kingdom,47,126.67333333333333,85.33333333333333,165,0.5454545454545454,0.0,0.0,1,1,1,-0.8795591659309816,0.27619066107441786,-1.1313551586697959,Hibernating / At-Risk,0
14732,8,2702.4900000000002,1405,105,3.386326530612245,United Kingdom,8,337.81125000000003,175.625,330,0.7272727272727273,2.0,0.2,1,2,2,2.150899200767628,0.2223448404682522,-0.9370056167401792,Champions (High-Value),1
14733,12,9585.91,3764,102,3.932920792079208,United Kingdom,16,798.8258333333333,313.6666666666667,351,1.0256410256410258,3.0,0.2,1,2,2,3.6564598189678437,-0.3508097123209082,0.20060400752297447,Champions (High-Value),1
14735,31,6050.69,2263,98,3.692538860103627,United Kingdom,4,195.18354838709675,73.0,354,2.6271186440677963,2.0,0.06060606060606061,1,2,2,3.65384419591032,3.054065510983414,0.46419789903085934,Champions (High-Value),1
14737,3,1164.55,345,15,3.614117647058823,United Kingdom,4,388.18333333333334,115.0,349,0.25787965616045844,0.0,0.0,1,0,0,0.7926541204161377,-0.6624914115167053,-1.852330363044084,Loyal Regulars,0
14738,7,1314.45,601,39,3.318703703703704,United Kingdom,43,187.77857142857144,85.85714285714286,273,0.7692307692307693,2.0,0.2222222222222222,1,0,1,0.7327264132038593,0.42824247800626297,-0.6612265313613972,Loyal Regulars,0
14739,7,3902.28,3820,47,2.065166666666667,United Kingdom,4,557.4685714285714,545.7142857142857,363,0.578512396694215,1.0,0.125,1,2,2,2.9934470076924145,-0.4355667458267245,-1.0582366262613667,Champions (High-Value),1
14740,3,1448.21,735,85,2.8922471910112364,United Kingdom,197,482.7366666666667,245.0,86,1.0465116279069768,1.0,0.25,1,0,0,0.5007650678411169,-0.8403174351547782,0.9961789051989087,Loyal Regulars,0
14741,6,1400.34,841,35,2.6030508474576273,United Kingdom,12,233.39,140.16666666666666,361,0.4986149584487535,0.0,0.0,1,0,2,1.1682464923971274,0.09528602421795287,-1.4043317900888053,Loyal Regulars,0
14744,7,1099.98,627,21,3.009230769230769,United Kingdom,16,157.14000000000001,89.57142857142857,350,0.6,2.0,0.2222222222222222,1,0,0,0.7965532735121386,0.6260892338167036,-1.3878947610376715,Loyal Regulars,0
14745,5,1220.26,1038,46,1.6594202898550725,United Kingdom,113,244.052,207.6,172,0.872093023255814,1.0,0.16666666666666666,1,0,1,0.6192223139046358,-0.11676809764406026,0.06422660684277427,Loyal Regulars,0
14747,1,328.2,84,18,5.800000000000001,United Kingdom,249,328.2,84.0,0,1.0,1.0,0.5,1,1,1,-1.7324508857999503,-0.6397988497704095,0.8649493687840324,Hibernating / At-Risk,0
14748,5,1415.75,1223,87,1.8602247191011236,United Kingdom,29,283.15,244.6,339,0.44247787610619466,1.0,0.16666666666666666,1,0,0,1.0830705808207362,-0.5004084963613923,-1.0726837151856243,Loyal Regulars,0
14752,1,389.64,260,5,2.504,United Kingdom,44,389.64,260.0,0,1.0,0.0,0.0,1,1,1,-0.6921426871719902,-0.43175606526496435,0.4060187798697129,Hibernating / At-Risk,0
14753,1,563.15,211,30,3.5983333333333336,United Kingdom,87,563.15,211.0,0,1.0,0.0,0.0,1,0,1,-0.6035469297778162,-0.9488516000749355,0.847216004730868,Loyal Regulars,0
14754,2,638.05,486,38,2.238048780487805,United Kingdom,45,319.025,243.0,250,0.24,0.0,0.0,1,0,0,-0.20358620106919245,-1.2569031966764623,-1.1782075641120775,Loyal Regulars,0
14755,11,5010.28,2219,128,3.9911489361702124,United Kingdom,10,455.47999999999996,201.72727272727272,324,1.0185185185185184,1.0,0.08333333333333333,1,2,2,2.9430238630049845,0.3121476718435366,-0.28516589483151317,Champions (High-Value),1
14756,1,738.96,416,38,3.4794736842105265,United Kingdom,15,738.96,416.0,0,1.0,0.0,0.0,1,0,0,0.35211514234736574,-0.7991754771409587,0.4390224175459291,Loyal Regulars,0
14757,1,420.5,160,19,3.9242105263157896,United Kingdom,75,420.5,160.0,0,1.0,0.0,0.0,1,1,1,-0.9457883695071262,-0.6052926678774159,0.6181241701676167,Hibernating / At-Risk,0
14758,4,1484.06,419,54,6.657605633802817,United Kingdom,145,371.015,104.75,114,1.0526315789473684,0.0,0.0,1,0,0,0.3937498344679858,-0.3629534683558553,0.6829886239587547,Loyal Regulars,0
14759,3,1625.97,569,92,5.394117647058824,United Kingdom,5,541.99,189.66666666666666,228,0.39473684210526316,0.0,0.0,1,0,2,1.2848079579122902,-0.8399524144989652,-1.2756730368094418,Loyal Regulars,0
14760,1,89.2,40,5,2.87,United Kingdom,297,89.2,40.0,0,1.0,1.0,0.5,1,1,1,-3.2701019433342107,0.6139358691157503,0.14434930212881603,Hibernating / At-Risk,0
14761,2,255.9,118,11,2.272727272727273,United Kingdom,59,127.95,59.0,276,0.2173913043478261,0.0,0.0,1,1,1,-1.6796172017119388,-0.3769446938089841,-1.7131653372773308,Hibernating / At-Risk,0
14762,1,300.52,341,21,1.3342857142857143,United Kingdom,264,300.52,341.0,0,1.0,0.0,0.0,1,1,1,-1.2810792705056924,-0.6971924845889766,0.8697034489020058,Hibernating / At-Risk,0
14764,1,278.3,190,6,1.4916666666666665,United Kingdom,47,278.3,190.0,0,1.0,1.0,0.5,1,1,1,-1.144038703498773,-0.10100433816244897,0.2225859410516232,Hibernating / At-Risk,0
14765,3,254.11,135,38,2.9766666666666666,United Kingdom,29,84.70333333333333,45.0,147,0.6122448979591836,0.0,0.0,1,1,1,-1.3689262698881537,0.9404745266552261,-1.4191827916900892,Hibernating / At-Risk,0
14766,6,2473.37,1349,111,2.6556296296296296,United Kingdom,8,412.2283333333333,224.83333333333334,358,0.5027932960893855,2.0,0.25,1,0,2,1.9778696032038952,-0.3812413100593632,-1.1763175004771182,Loyal Regulars,0
14768,2,192.60000000000002,52,4,3.91,United Kingdom,17,96.30000000000001,26.0,109,0.5504587155963303,1.0,0.3333333333333333,1,1,1,-1.8775860379156337,0.8487903548418998,-1.599521396584657,Hibernating / At-Risk,0
14769,8,10415.33,7238,717,2.7102921771913286,United Kingdom,3,1301.91625,904.75,354,0.6779661016949152,2.0,0.2,1,2,2,4.249982032776381,-1.0544545535676397,-0.46547074170686714,Champions (High-Value),1
14770,2,876.42,490,49,3.4444230769230773,United Kingdom,232,438.21,245.0,90,0.6666666666666666,0.0,0.0,1,0,0,-0.22943173639925113,-1.33179971062451,0.4387745073371861,Loyal Regulars,0
14772,1,139.26,82,9,3.508888888888889,United Kingdom,112,139.26,82.0,0,1.0,0.0,0.0,1,1,1,-2.332917179708432,0.39597700457518425,0.0895260599256286,Hibernating / At-Risk,0
14775,3,1011.9,1174,57,1.0518333333333334,United Kingdom,58,337.3,391.3333333333333,313,0.28753993610223644,0.0,0.0,1,0,0,0.51835146329275,-1.2653200929554935,-0.986271103929768,Loyal Regulars,0
14776,11,2538.3,3134,44,0.9858119658119658,United Kingdom,51,230.75454545454548,284.90909090909093,261,1.264367816091954,2.0,0.15384615384615385,1,2,2,2.08444878243178,0.763239737432696,0.19777631358095932,Champions (High-Value),1
14778,2,730.86,306,34,3.1414285714285715,United Kingdom,127,365.43,153.0,181,0.3314917127071823,0.0,0.0,1,0,0,-0.49918123473022835,-1.4641330327447364,-0.5488730168994278,Loyal Regulars,0
14779,3,386.15,84,40,6.824390243902439,United Kingdom,281,128.71666666666667,28.0,43,2.0930232558139537,0.0,0.0,1,1,1,-1.5391475716671905,1.4569506640852328,1.5060229121292057,Hibernating / At-Risk,0
14780,2,447.68,310,26,2.7666666666666666,United Kingdom,55,223.84,155.0,24,2.0,0.0,0.0,1,1,1,-0.486070398530336,1.083759342466652,1.278721709058051,Hibernating / At-Risk,0
14782,1,200.10000000000002,114,6,2.516666666666667,United Kingdom,320,200.10000000000002,114.0,0,1.0,0.0,0.0,1,1,1,-2.136457228312738,-0.26511090933255116,0.6686860717997347,Hibernating / At-Risk,0
14784,2,289.99,237,15,3.860666666666667,United Kingdom,26,144.995,118.5,297,0.20202020202020202,0.0,0.0,1,0,1,-1.0902976735696333,-0.3669536016179081,-1.9337355825785139,Loyal Regulars,0
14785,2,77.4,84,2,0.9433333333333334,United Kingdom,10,38.7,42.0,4,2.0,0.0,0.0,1,1,1,-2.1411193445965067,3.2051564157804573,-0.2714790712648009,Hibernating / At-Risk,0
14788,2,679.4399999999999,421,26,2.5886666666666667,United Kingdom,7,339.71999999999997,210.5,19,2.0,0.0,0.0,1,0,0,0.5199953470278723,1.1952786392948112,0.8629908018584109,Loyal Regulars,0
14789,1,197.64,116,6,2.0566666666666666,United Kingdom,29,197.64,116.0,0,1.0,0.0,0.0,1,1,1,-1.5339506213196594,0.3980585406422401,-0.15221400874917235,Hibernating / At-Risk,0
14790,4,745.06,699,30,1.4782608695652173,United Kingdom,17,186.265,174.75,236,0.5084745762711864,0.0,0.0,1,0,0,0.395637286670048,0.12024998439442339,-1.3361907747484738,Loyal Regulars,0
14792,1,6.2,2,2,3.1,United Kingdom,64,6.2,2.0,0,1.0,1.0,0.5,1,1,1,-3.900378192686138,1.7882448461864906,-0.8130419740673156,Hibernating / At-Risk,0
14793,1,228.99,91,14,3.257857142857143,United Kingdom,21,228.99,91.0,0,1.0,1.0,0.5,1,1,1,-1.4126715739801945,0.3651594740953847,-0.1787977740039359,Hibernating / At-Risk,0
14794,7,1319.91,673,68,3.903,United Kingdom,3,188.55857142857144,96.14285714285714,331,0.6344410876132931,2.0,0.2222222222222222,1,0,2,1.370784463148635,0.8937863287361584,-1.7134464053946987,Loyal Regulars,0
14795,1,131.45000000000002,17,6,7.333333333333333,United Kingdom,166,131.45000000000002,17.0,0,1.0,0.0,0.0,1,1,1,-3.088084634664804,0.4805831820695653,0.14998157066688342,Hibernating / At-Risk,0
14796,17,7973.93,5991,402,1.9628470380194518,United Kingdom,1,469.05470588235295,352.4117647058824,365,1.3972602739726028,10.0,0.37037037037037035,1,2,2,4.321050690262329,1.220792273624936,-0.4114045477406143,Champions (High-Value),1
14798,3,173.74,150,11,1.46,United Kingdom,53,57.913333333333334,50.0,257,0.3501945525291829,0.0,0.0,1,1,1,-1.8838370097913963,0.7224921394952027,-1.9590811522060727,Hibernating / At-Risk,0
14799,1,157.7,146,13,4.889230769230769,United Kingdom,51,157.7,146.0,0,1.0,0.0,0.0,1,1,1,-1.7940346918235328,0.4404013602807464,-0.08941510348797696,Hibernating / At-Risk,0
14800,12,4331.79,3644,246,2.1981201044386425,United Kingdom,48,360.9825,303.6666666666667,322,1.1180124223602486,4.0,0.25,1,2,2,2.6474317143283472,0.21964825932491092,0.22842840153697877,Champions (High-Value),1
14801,1,189.34,173,56,2.483157894736842,United Kingdom,61,189.34,173.0,0,1.0,0.0,0.0,1,1,1,-1.603409090285806,0.20314041181560588,0.08239088839599365,Hibernating / At-Risk,0
14803,3,845.55,370,35,2.886590909090909,United Kingdom,162,281.84999999999997,123.33333333333333,130,0.6923076923076924,0.0,0.0,1,0,1,-0.27808795890350924,-0.6463934760158533,0.03443760558081601,Loyal Regulars,0
14804,1,353.27,121,12,4.240833333333334,United Kingdom,9,353.27,121.0,0,1.0,0.0,0.0,1,1,1,-0.6972602779271636,0.1443440134171973,-0.18799405252498905,Hibernating / At-Risk,0
14805,4,546.4,114,30,5.755000000000001,United Kingdom,15,136.6,28.5,298,0.40268456375838924,0.0,0.0,1,0,1,-0.5953959933642446,0.44363544499755647,-1.820029306761954,Loyal Regulars,0
14806,1,193.39000000000001,330,11,1.8445454545454545,United Kingdom,75,193.39000000000001,330.0,0,1.0,0.0,0.0,1,1,1,-1.3827858608767662,0.06909699609518608,0.18153621588711805,Hibernating / At-Risk,0
14808,8,2718.6,2120,176,3.491038961038961,United Kingdom,40,339.825,265.0,132,1.8181818181818181,7.0,0.4666666666666667,1,2,0,2.081394157309179,0.8797447715503423,1.0436334313563012,Champions (High-Value),1
14810,11,2085.33,1015,106,2.327204724409449,United Kingdom,41,189.57545454545453,92.27272727272727,328,1.0060975609756098,0.0,0.0,1,2,2,1.475516892595202,0.8338527427647598,-0.37782987297700354,Champions (High-Value),1
14813,2,152.88,66,25,2.8358620689655174,United Kingdom,370,76.44,33.0,0,2.0,0.0,0.0,1,1,1,-2.568583369750545,1.7201666155382533,1.2596358468481506,Hibernating / At-Risk,0
14815,2,778.5,744,53,1.6549056603773586,United Kingdom,37,389.25,372.0,31,1.9354838709677418,0.0,0.0,1,0,0,0.4643641746927863,0.5356145389132134,1.4287224978676638,Loyal Regulars,0
14816,1,271.85,5,4,66.475,United Kingdom,197,271.85,5.0,0,1.0,0.0,0.0,1,1,1,-2.5771661543957705,-0.22953463074010572,0.6258848715409886,Hibernating / At-Risk,0
14817,2,1010.34,653,51,2.0078688524590165,United Kingdom,200,505.17,326.5,76,0.7894736842105263,0.0,0.0,1,0,0,0.07548487431900794,-1.2900980610123718,0.6889776296296343,Loyal Regulars,0
14818,3,657.8,324,41,3.7514583333333333,United Kingdom,74,219.26666666666665,108.0,179,0.5027932960893855,0.0,0.0,1,0,0,-0.40129488631743204,-0.4528950662176544,-0.7335492907652001,Loyal Regulars,0
14819,2,272.07,109,13,4.13,United Kingdom,64,136.035,54.5,127,0.47244094488188976,0.0,0.0,1,1,1,-1.6154698051606815,-0.015721479091086163,-1.0902643251658797,Hibernating / At-Risk,0
14820,4,507.29,253,24,3.222758620689655,United Kingdom,21,126.8225,63.25,152,0.7894736842105263,0.0,0.0,1,0,1,-0.3584432636819902,0.9111246456242639,-1.0141888780990809,Loyal Regulars,0
14821,1,48.800000000000004,20,2,2.5250000000000004,United Kingdom,367,48.800000000000004,20.0,0,1.0,0.0,0.0,1,1,1,-4.111763867274674,1.176749904763662,-0.14701482032283436,Hibernating / At-Risk,0
14823,3,321.43,88,56,4.234714285714285,United Kingdom,180,107.14333333333333,29.333333333333332,14,3.0,0.0,0.0,1,1,1,-1.497694713744112,2.3359358885304795,2.0071559855769903,Hibernating / At-Risk,0
14824,4,1127.71,525,19,2.3944827586206894,United Kingdom,10,281.9275,131.25,81,1.4814814814814814,0.0,0.0,1,0,0,0.9482590062425144,1.0238608301829097,0.19989972442972703,Loyal Regulars,0
14825,12,2221.01,989,82,2.742166666666667,United Kingdom,4,185.08416666666668,82.41666666666667,364,0.989010989010989,0.0,0.0,1,2,2,2.0788037082915336,1.4579468903556818,-1.1668456972341954,Champions (High-Value),1
14828,3,2139.76,2172,17,2.853529411764706,United Kingdom,197,713.2533333333334,724.0,140,0.6428571428571428,0.0,0.0,1,0,0,1.2220826495455424,-1.8115921486750626,0.6051047336148563,Loyal Regulars,0
14829,4,697.55,452,39,2.1797619047619046,United Kingdom,29,174.3875,113.0,343,0.3498542274052478,2.0,0.3333333333333333,1,0,0,-0.002086111742566705,-0.172391843238535,-1.53876841003182,Loyal Regulars,0
14830,1,188.03,163,38,1.749736842105263,United Kingdom,53,188.03,163.0,0,1.0,0.0,0.0,1,1,1,-1.5977532469363325,0.25311914221665116,0.029327649335778607,Hibernating / At-Risk,0
14834,6,1720.3,734,43,3.6280597014925373,United Kingdom,18,286.71666666666664,122.33333333333333,222,0.8108108108108107,2.0,0.25,1,0,2,1.26729132078689,0.23918402685714912,-0.5981004700191417,Loyal Regulars,0
14836,3,102.44999999999999,45,5,2.7916666666666665,United Kingdom,10,34.15,15.0,20,3.0,0.0,0.0,1,1,1,-1.9742565096624398,4.036536958942364,0.49532612870555465,Hibernating / At-Risk,0
14837,4,1649.5,1436,96,1.757037037037037,United Kingdom,90,412.375,359.0,111,1.081081081081081,1.0,0.2,1,0,0,1.1016448973864852,-0.4126478355912022,0.6554899773212934,Loyal Regulars,0
14840,1,62.85,31,4,3.05,United Kingdom,268,62.85,31.0,0,1.0,0.0,0.0,1,1,1,-3.6631857528652136,0.994422074316815,-0.10061102473347167,Hibernating / At-Risk,0
14841,6,3295.76,1778,103,3.1945652173913044,United Kingdom,53,549.2933333333334,296.3333333333333,305,0.5901639344262295,0.0,0.0,1,0,2,1.9119883406120957,-1.044279602161739,-0.21821877287669889,Loyal Regulars,0
14842,4,2824.69,1166,128,5.326275862068966,United Kingdom,44,706.1725,291.5,264,0.45454545454545453,4.0,0.5,1,0,2,1.5895525055510726,-1.5306871918301832,-0.33353204055335345,Loyal Regulars,0
14844,4,3189.81,1833,87,3.123153846153846,United Kingdom,64,797.4525,458.25,177,0.6779661016949152,0.0,0.0,1,0,2,1.8306690490959094,-1.4623636696216555,0.29797746874609,Loyal Regulars,0
14847,1,309.4,120,13,3.753076923076923,United Kingdom,149,309.4,120.0,0,1.0,0.0,0.0,1,1,1,-1.5173245801537356,-0.47467573805774355,0.6641316438099307,Hibernating / At-Risk,0
14849,25,7930.54,5694,159,2.4403092783505156,United Kingdom,22,317.2216,227.76,351,2.1367521367521367,3.0,0.10714285714285714,1,2,2,3.817043025016244,1.6884754436948515,0.906816293215122,Champions (High-Value),1
14850,1,325.75,293,21,1.4904761904761905,United Kingdom,312,325.75,293.0,0,1.0,1.0,0.5,1,1,1,-1.3084296233858659,-0.8062022477242484,0.970213761682774,Hibernating / At-Risk,0
14851,2,511.35,325,28,2.317142857142857,United Kingdom,23,255.675,162.5,232,0.25862068965517243,0.0,0.0,1,0,0,-0.39592057486522825,-0.7968125459600346,-1.4979814039177137,Loyal Regulars,0
14852,6,2836.69,1747,96,3.056643356643357,United Kingdom,58,472.7816666666667,291.1666666666667,193,0.9326424870466321,0.0,0.0,1,0,0,1.8032439124634492,-0.4787265981216764,0.2995897203120297,Loyal Regulars,0
14853,2,475.8,82,8,5.677777777777778,United Kingdom,24,237.9,41.0,187,0.32085561497326204,1.0,0.3333333333333333,1,0,1,-0.9969320199159477,-0.5062394842075006,-1.4194778524980372,Loyal Regulars,0
14854,7,2740.03,1820,110,2.962539682539682,United Kingdom,78,391.4328571428572,260.0,196,1.0714285714285714,1.0,0.125,1,2,0,1.7499077429293206,-0.1716821047504697,0.4651516337388178,Champions (High-Value),1
14855,2,645.65,267,13,4.67,United Kingdom,119,322.825,133.5,15,2.0,0.0,0.0,1,1,1,-0.3998605478398713,0.538677111274014,1.7513146840445226,Hibernating / At-Risk,0
14856,3,1290.53,711,65,3.074153846153846,United Kingdom,36,430.1766666666667,237.0,20,3.0,0.0,0.0,1,2,0,1.0176630617614568,1.2647813356775501,2.330387061949227,Champions (High-Value),1
14857,2,1173.12,464,58,4.384166666666667,United Kingdom,60,586.56,232.0,88,0.6818181818181819,1.0,0.3333333333333333,1,0,0,0.36637637340060397,-1.2150182899169355,0.17502528638615286,Loyal Regulars,0
14859,4,1353.74,671,47,3.126551724137931,United Kingdom,13,338.435,167.75,191,0.6282722513089005,1.0,0.2,1,0,0,1.0222564491645372,-0.20060189537613232,-0.8478351489478647,Loyal Regulars,0
14860,1,170.32,232,11,0.9027272727272727,United Kingdom,19,170.32,232.0,0,1.0,1.0,0.5,1,1,1,-1.2966676749483532,0.5891131178618845,-0.36052552743458927,Hibernating / At-Risk,0
14861,1,125.79,117,6,2.735,United Kingdom,52,125.79,117.0,0,1.0,0.0,0.0,1,1,1,-2.094477412154548,0.6693300482919726,-0.2207229569431363,Hibernating / At-Risk,0
14862,2,841.1999999999999,772,47,2.1545833333333335,United Kingdom,26,420.59999999999997,386.0,122,0.49180327868852464,0.0,0.0,1,0,0,0.4288953350970949,-0.9928890894631027,-0.6409780029057194,Loyal Regulars,0
14863,1,266.76,132,11,2.020909090909091,United Kingdom,29,266.76,132.0,0,1.0,0.0,0.0,1,1,1,-1.2054215397032186,0.10133220555833558,0.026853621906834334,Hibernating / At-Risk,0
14865,2,52.2,108,4,0.6525,United Kingdom,7,26.1,54.0,364,0.16483516483516483,0.0,0.0,1,1,1,-2.4162872703788993,1.2100577244744193,-3.108145444722214,Hibernating / At-Risk,0
14866,11,14353.4,6751,29,2.9840816326530613,United Kingdom,11,1304.8545454545454,613.7272727272727,355,0.9295774647887324,1.0,0.08333333333333333,1,2,2,4.324076790067378,-0.9187992823434927,0.2593394454303554,Champions (High-Value),1
14867,3,710.28,328,31,3.7750000000000004,United Kingdom,186,236.76,109.33333333333333,150,0.6,1.0,0.25,1,0,1,-0.5398502115471991,-0.63558748405438,-0.18936429699985305,Loyal Regulars,0
14868,8,2953.59,1405,96,2.8812499999999996,United Kingdom,3,369.19875,175.625,230,1.0434782608695652,1.0,0.1111111111111111,1,2,2,2.493275466243978,0.7449415342324679,-0.666982612968629,Champions (High-Value),1
14869,2,721.45,549,66,2.9802857142857144,United Kingdom,9,360.725,274.5,94,0.6382978723404256,1.0,0.3333333333333333,1,0,1,0.43560539981196983,-0.32844953516784126,-0.8045802435386334,Loyal Regulars,0
14870,1,327.25,119,13,3.0461538461538464,United Kingdom,262,327.25,119.0,0,1.0,0.0,0.0,1,1,1,-1.6123655105436283,-0.6820232010909972,0.8896828125003127,Hibernating / At-Risk,0
14871,4,501.28000000000003,179,68,3.1539784946236558,United Kingdom,3,125.32000000000001,44.75,357,0.3361344537815126,0.0,0.0,1,0,1,-0.158799302007207,0.7559955566235322,-2.4783458582070867,Loyal Regulars,0
14873,1,519.68,168,28,4.994285714285715,United Kingdom,210,519.68,168.0,0,1.0,0.0,0.0,1,1,1,-0.9914888666630023,-1.0927910994904226,1.0944711305557107,Hibernating / At-Risk,0
14875,2,1465.3200000000002,558,46,4.418936170212766,United Kingdom,108,732.6600000000001,279.0,155,0.3870967741935484,3.0,0.6,1,0,0,0.43739445241860764,-2.043511609512521,-0.05900268422401737,Loyal Regulars,0
14878,9,1476.09,799,62,2.60155737704918,United Kingdom,13,164.01,88.77777777777777,345,0.782608695652174,0.0,0.0,1,2,2,1.278417483878989,0.9528496715142968,-1.1539925769889827,Champions (High-Value),1
14880,3,690.59,365,45,3.7769565217391308,United Kingdom,77,230.1966666666667,121.66666666666667,211,0.4265402843601896,0.0,0.0,1,0,0,-0.335524587565345,-0.6395557408491913,-0.8422295792235418,Loyal Regulars,0
14881,1,255.4,316,17,1.3729411764705883,United Kingdom,20,255.4,316.0,0,1.0,0.0,0.0,1,1,1,-0.8124781337955379,0.1628683016842428,-0.09843991635085975,Hibernating / At-Risk,0
14882,2,589.7,158,6,3.95,United Kingdom,27,294.85,79.0,7,2.0,0.0,0.0,1,1,0,-0.31680766403434324,1.0728592122220098,1.184631434091721,Hibernating / At-Risk,0
14883,6,761.59,790,39,1.220943396226415,United Kingdom,19,126.93166666666667,131.66666666666666,193,0.9326424870466321,1.0,0.14285714285714285,1,0,1,0.5468670080587194,1.1415915257471934,-0.863406928312022,Loyal Regulars,0
14885,1,765.3199999999999,724,15,1.2686666666666668,United Kingdom,132,765.3199999999999,724.0,0,1.0,0.0,0.0,1,0,0,0.05995778252533475,-1.4657694839704356,1.2014797335134195,Loyal Regulars,0
14886,1,364.8,160,18,3.1277777777777778,United Kingdom,253,364.8,160.0,0,1.0,0.0,0.0,1,1,1,-1.3868690562200927,-0.8023197192445868,0.9491507026605042,Hibernating / At-Risk,0
14887,1,1862.0,1100,6,1.6116666666666666,United Kingdom,79,1862.0,1100.0,0,1.0,0.0,0.0,1,0,0,1.1819267841364693,-2.2117940530587745,1.560577195214013,Loyal Regulars,0
14888,1,369.2,184,20,2.21,United Kingdom,207,369.2,184.0,0,1.0,0.0,0.0,1,1,1,-1.2698483516834314,-0.7711982223293372,0.8911983024734789,Hibernating / At-Risk,0
14889,1,135.9,90,10,2.2600000000000002,United Kingdom,336,135.9,90.0,0,1.0,0.0,0.0,1,1,1,-2.5991831045183313,0.10983838220149655,0.4529733700711816,Hibernating / At-Risk,0
14890,1,125.65,51,7,2.9071428571428575,United Kingdom,254,125.65,51.0,0,1.0,0.0,0.0,1,1,1,-2.8205500604266276,0.31131869311258253,0.29676888185605343,Hibernating / At-Risk,0
14891,2,554.38,505,30,1.6524242424242424,United Kingdom,148,277.19,252.5,39,1.5384615384615383,0.0,0.0,1,1,1,-0.3983753115343612,0.18555423788305617,1.2595999475204112,Hibernating / At-Risk,0
14893,2,1237.8500000000001,799,72,3.1345205479452054,United Kingdom,10,618.9250000000001,399.5,2,2.0,0.0,0.0,1,2,0,1.2479039662211475,0.47827246806990636,1.3413561208479063,Champions (High-Value),1
14894,1,655.75,265,23,2.8395652173913044,United Kingdom,85,655.75,265.0,0,1.0,0.0,0.0,1,0,0,-0.3667903404070286,-1.108092208208735,0.934693647549776,Loyal Regulars,0
14895,20,11138.710000000001,4851,273,4.1638755020080325,United Kingdom,8,556.9355,242.55,282,2.127659574468085,4.0,0.16666666666666666,1,2,2,4.272082735962098,1.331476247434361,0.9508812314279388,Champions (High-Value),1
14896,2,468.77000000000004,279,43,2.397906976744186,United Kingdom,205,234.38500000000002,139.5,160,0.375,0.0,0.0,1,0,1,-1.059855990260272,-1.0907251029310083,-0.5533798514613147,Loyal Regulars,0
14897,4,1366.38,468,43,5.067454545454545,United Kingdom,8,341.595,117.0,289,0.4152249134948097,0.0,0.0,1,0,0,0.9590728396238138,-0.3755708641106272,-1.4176320173506638,Loyal Regulars,0
14898,6,1269.31,1001,86,2.9577981651376146,United Kingdom,23,211.55166666666665,166.83333333333334,347,0.5187319884726225,2.0,0.25,1,0,0,0.9925715460508893,0.034631119649627874,-1.207392443577833,Loyal Regulars,0
14901,9,1421.29,661,73,3.1441666666666666,United Kingdom,11,157.92111111111112,73.44444444444444,361,0.7479224376731302,1.0,0.1,1,0,2,1.2021739954640533,1.0034133144469228,-1.2920520231512358,Loyal Regulars,0
14902,1,332.66,218,20,2.773,United Kingdom,26,332.66,218.0,0,1.0,1.0,0.5,1,1,1,-0.7771828595969127,-0.12466122792788281,0.13319508242845848,Hibernating / At-Risk,0
14903,5,2795.33,1531,227,2.7584,United Kingdom,21,559.066,306.2,257,0.5836575875486382,5.0,0.5,1,0,2,1.9123008793552694,-0.8701947439492276,-0.49824377456476154,Loyal Regulars,0
14904,2,1025.44,1985,66,0.7394202898550725,United Kingdom,2,512.72,992.5,23,2.0,0.0,0.0,1,2,0,1.7636408516554023,0.9339164642985097,0.8082886357160469,Champions (High-Value),1
14905,2,616.15,287,14,2.3841176470588237,United Kingdom,158,308.075,143.5,76,0.7894736842105263,1.0,0.3333333333333333,1,0,0,-0.6470075704486173,-0.6805356287016602,0.2966951638534215,Loyal Regulars,0
14907,7,3501.1,1691,125,3.4733939393939393,United Kingdom,3,500.15714285714284,241.57142857142858,364,0.576923076923077,3.0,0.3,1,2,2,2.628680608266843,-0.19968152987677912,-1.2228946921623653,Champions (High-Value),1
14908,1,277.8,132,9,3.6277777777777778,United Kingdom,74,277.8,132.0,0,1.0,0.0,0.0,1,1,1,-1.4025201793849342,-0.18968177985450974,0.36534839546132375,Hibernating / At-Risk,0
14910,4,434.35,238,25,2.884333333333333,United Kingdom,3,108.5875,59.5,51,2.3529411764705883,3.0,0.42857142857142855,1,1,1,0.10490522268670661,2.967048495596002,0.16222110535913492,Hibernating / At-Risk,0
14911,198,136161.83,80154,1785,3.3311264326647563,EIRE,1,687.6860101010101,404.8181818181818,372,15.96774193548387,47.0,0.19183673469387755,0,2,2,5.708134624902649,2.6230188315498615,1.7568777344403852,Champions (High-Value),1
14912,2,867.85,971,21,2.0225925925925927,Italy,17,433.925,485.5,229,0.26200873362445415,1.0,0.3333333333333333,0,0,0,0.6001586725496525,-1.3134686712785597,-1.2498961373712054,Loyal Regulars,0
14913,4,1227.43,1743,76,1.2129885057471264,United Kingdom,36,306.8575,435.75,323,0.37151702786377705,0.0,0.0,1,0,2,1.0046041038241218,-0.8526493848384522,-1.0532686975794,Loyal Regulars,0
14915,2,307.48,112,12,3.5516666666666663,United Kingdom,91,153.74,56.0,186,0.3225806451612903,1.0,0.3333333333333333,1,1,1,-1.6137575742005987,-0.47502354992324797,-1.2156649146207334,Hibernating / At-Risk,0
14916,4,1268.98,1136,72,1.8205194805194806,United Kingdom,71,317.245,284.0,253,0.4743083003952569,1.0,0.2,1,0,0,0.7189522977272902,-0.8642590016162403,-0.6028564086770752,Loyal Regulars,0
14918,2,1610.15,675,39,3.492666666666667,United Kingdom,116,805.075,337.5,38,1.5789473684210527,0.0,0.0,1,0,0,0.7737368818760902,-0.7540143589745918,1.8569706116481413,Loyal Regulars,0
14920,2,977.77,509,57,3.765438596491228,United Kingdom,213,488.885,254.5,0,2.0,0.0,0.0,1,0,0,0.09099913931187818,-0.0740060007671017,2.210472782494112,Loyal Regulars,0
14921,2,1316.07,953,78,1.975128205128205,United Kingdom,30,658.035,476.5,171,0.3508771929824561,0.0,0.0,1,0,0,0.8618081954146994,-1.7031597416862203,-0.6181407960315589,Loyal Regulars,0
14923,1,749.1,418,44,3.445681818181818,United Kingdom,51,749.1,418.0,0,1.0,0.0,0.0,1,0,0,0.06473985064819882,-1.1373062558638745,0.8519898160969862,Loyal Regulars,0
14924,1,310.05,64,10,15.665000000000001,United Kingdom,246,310.05,64.0,0,1.0,0.0,0.0,1,1,1,-1.8877855261391583,-0.5581751695869419,0.8204109171015008,Hibernating / At-Risk,0
14929,1,223.88,136,11,2.2572727272727273,United Kingdom,32,223.88,136.0,0,1.0,0.0,0.0,1,1,1,-1.380695755952645,0.23910218345275797,-0.04233631942119967,Hibernating / At-Risk,0
14930,3,2362.96,1160,116,4.1827559055118115,Channel Islands,109,787.6533333333333,386.6666666666667,165,0.5454545454545454,0.0,0.0,0,0,2,1.1992698893582314,-1.827483488473148,0.26465578279724405,Loyal Regulars,0
14931,4,864.6800000000001,414,28,2.7647368421052634,Channel Islands,5,216.17000000000002,103.5,236,0.5084745762711864,1.0,0.2,0,0,2,0.6094532222186648,0.328365722594109,-1.6399985545504743,Loyal Regulars,0
14932,1,313.53,79,16,6.915,Channel Islands,366,313.53,79.0,0,1.0,0.0,0.0,0,1,1,-1.8971134639485758,-0.6965638904097116,0.9683959293956371,Hibernating / At-Risk,0
14934,2,1890.94,1042,68,3.5809195402298855,Channel Islands,82,945.47,521.0,200,0.3,1.0,0.3333333333333333,0,0,0,0.9699282422451331,-2.4158908257812945,-0.17788588154780413,Loyal Regulars,0
14935,1,1784.71,935,10,2.622,Channel Islands,297,1784.71,935.0,0,1.0,0.0,0.0,0,0,0,0.74167001410787,-2.518999041005372,1.9830811092400356,Loyal Regulars,0
14936,8,8137.02,4085,210,3.679093406593407,Channel Islands,34,1017.1275,510.625,241,0.995850622406639,1.0,0.1111111111111111,0,2,2,3.2931188612231397,-0.9688377255426986,0.6317104530716411,Champions (High-Value),1
14937,3,1621.88,484,33,3.4,Channel Islands,57,540.6266666666667,161.33333333333334,73,1.2328767123287672,1.0,0.25,0,0,0,0.7833994008541701,-0.373534937547202,0.8874252425193022,Loyal Regulars,0
14944,12,5900.25,2815,101,3.006705882352941,United Kingdom,30,491.6875,234.58333333333334,266,1.3533834586466165,2.0,0.14285714285714285,1,2,2,2.9831239175001034,0.31507627568167895,0.5570313612341287,Champions (High-Value),1
14946,1,100.9,22,3,4.683333333333334,United Kingdom,14,100.9,22.0,0,1.0,0.0,0.0,1,1,1,-2.618415243742321,1.3728807125717137,-0.825652471083317,Hibernating / At-Risk,0
14947,2,290.82,179,14,3.084285714285714,United Kingdom,72,145.41,89.5,58,1.0344827586206897,0.0,0.0,1,1,1,-1.2895023900388531,0.5830039416470488,-0.04383571758677741,Hibernating / At-Risk,0
14948,6,1101.97,673,56,2.8057142857142856,United Kingdom,23,183.66166666666666,112.16666666666667,196,0.9183673469387755,1.0,0.14285714285714285,1,0,2,0.7775253199672018,0.7380770052136157,-0.610782426140204,Loyal Regulars,0
14950,1,371.2,136,19,5.193157894736842,United Kingdom,19,371.2,136.0,0,1.0,1.0,0.5,1,1,1,-0.7831918946920933,-0.10419431347557384,0.08216913919288557,Hibernating / At-Risk,0
14951,1,311.69,311,20,1.895,United Kingdom,79,311.69,311.0,0,1.0,0.0,0.0,1,1,1,-0.9765355250373241,-0.3937293222594238,0.47733191066004294,Hibernating / At-Risk,0
14952,11,8099.49,3355,117,3.3994202898550725,United Kingdom,60,736.3172727272727,305.0,304,1.0855263157894737,4.0,0.26666666666666666,1,2,2,3.123855866960832,-0.5803889943059443,0.6926274975420256,Champions (High-Value),1
14953,1,285.67,224,54,2.314814814814815,United Kingdom,25,285.67,224.0,0,1.0,0.0,0.0,1,1,1,-0.8982283225416091,0.028283088018383393,0.031615931289414756,Hibernating / At-Risk,0
14954,1,294.85,117,75,2.9894805194805194,United Kingdom,12,294.85,117.0,0,1.0,0.0,0.0,1,1,1,-0.9454107057073143,0.2471850332240764,-0.20479743487738752,Hibernating / At-Risk,0
14957,1,58.49,34,12,1.7408333333333335,United Kingdom,253,58.49,34.0,0,1.0,0.0,0.0,1,1,1,-3.679072991372372,1.0697218985081258,-0.15959492215237972,Hibernating / At-Risk,0
14958,3,483.72999999999996,128,33,5.604390243902439,United Kingdom,147,161.2433333333333,42.666666666666664,98,0.9183673469387755,0.0,0.0,1,1,1,-1.1488169865623754,0.2925584581221563,0.016708705802629557,Hibernating / At-Risk,0
14959,4,695.42,494,37,1.46,United Kingdom,64,173.855,123.5,232,0.5172413793103449,1.0,0.2,1,0,0,-0.13189575392443054,-0.12355482661425812,-0.9274882618997906,Loyal Regulars,0
14960,2,221.27,221,23,1.8037037037037038,United Kingdom,8,110.635,110.5,162,0.37037037037037035,0.0,0.0,1,1,1,-1.0460428807104427,0.49764405340022777,-2.083801506798752,Hibernating / At-Risk,0
14961,9,7044.68,3708,193,2.8973076923076926,United Kingdom,11,782.7422222222223,412.0,349,0.7736389684813754,3.0,0.25,1,2,2,3.373058119102088,-0.6427596210979606,-0.26461929818920077,Champions (High-Value),1
14962,1,126.7,44,5,6.540000000000001,United Kingdom,271,126.7,44.0,0,1.0,0.0,0.0,1,1,1,-2.8863152029613954,0.29865901976477843,0.32001168052473083,Hibernating / At-Risk,0
14963,5,1472.34,1159,149,2.303125,United Kingdom,10,294.46799999999996,231.8,173,0.8670520231213873,0.0,0.0,1,0,2,1.4352278668985106,0.3325817679335298,-0.6338672726793807,Loyal Regulars,0
14964,1,206.21,143,13,3.4046153846153846,United Kingdom,247,206.21,143.0,0,1.0,0.0,0.0,1,1,1,-1.9539551290916333,-0.24284860412912057,0.6035634000783532,Hibernating / At-Risk,0
14965,2,596.09,363,80,2.390740740740741,United Kingdom,96,298.045,181.5,0,2.0,0.0,0.0,1,1,0,-0.2990078864144587,0.6458035057428259,1.63938792071359,Hibernating / At-Risk,0
14966,1,183.02,179,35,1.9672222222222224,United Kingdom,15,183.02,179.0,0,1.0,0.0,0.0,1,1,1,-1.274516796520991,0.6054988314984423,-0.4018392876132437,Hibernating / At-Risk,0
14967,1,463.8,140,6,2.9250000000000003,United Kingdom,50,463.8,140.0,0,1.0,0.0,0.0,1,1,1,-0.8047586353688031,-0.5768670904216642,0.5351852206484217,Hibernating / At-Risk,0
14968,1,147.59,127,37,1.9402702702702705,United Kingdom,30,147.59,127.0,0,1.0,0.0,0.0,1,1,1,-1.777317716081874,0.6582177809224232,-0.3094341665054635,Hibernating / At-Risk,0
14970,4,1592.06,250,24,6.174411764705883,United Kingdom,68,398.015,62.5,248,0.48387096774193544,0.0,0.0,1,0,0,0.3479364788687437,-0.9179557544737759,-0.504788499182475,Loyal Regulars,0
14971,3,1097.98,639,144,3.082193548387097,United Kingdom,35,365.99333333333334,213.0,8,3.0,0.0,0.0,1,2,0,0.8324983999167358,1.4358873657777345,2.2233282272233343,Champions (High-Value),1
14972,1,114.77,28,18,4.947222222222222,United Kingdom,128,114.77,28.0,0,1.0,0.0,0.0,1,1,1,-2.9595287324885238,0.637366511974653,-0.005425016799878173,Hibernating / At-Risk,0
14973,3,1314.45,369,29,21.259687500000002,United Kingdom,107,438.15000000000003,123.0,118,0.7627118644067797,0.0,0.0,1,0,0,0.24895682849907227,-0.8599545225788437,0.2722696950935761,Loyal Regulars,0
14974,1,89.94,37,17,3.135882352941177,United Kingdom,37,89.94,37.0,0,1.0,0.0,0.0,1,1,1,-2.764828826752103,1.1803288364387965,-0.5602102954359015,Hibernating / At-Risk,0
14975,1,279.94,380,11,1.0154545454545454,United Kingdom,57,279.94,380.0,0,1.0,0.0,0.0,1,1,1,-0.9152064928816602,-0.22084435193662227,0.309097322139868,Hibernating / At-Risk,0
14976,6,774.86,232,45,3.8398571428571433,United Kingdom,57,129.14333333333335,38.666666666666664,269,0.6691449814126395,1.0,0.14285714285714285,1,0,1,-0.2364413481200621,0.6071691924670536,-0.9524205639825266,Loyal Regulars,0
14978,5,1921.3700000000001,523,136,4.512943925233645,United Kingdom,72,384.274,104.6,258,0.5813953488372093,0.0,0.0,1,0,0,0.833570087883991,-0.7499980273709171,-0.3387475387242265,Loyal Regulars,0
14981,1,102.12,97,8,1.46,United Kingdom,246,102.12,97.0,0,1.0,0.0,0.0,1,1,1,-2.754292213001997,0.4594045370287869,0.1814519225142829,Hibernating / At-Risk,0
14984,2,202.37,58,37,4.283846153846154,United Kingdom,19,101.185,29.0,161,0.3726708074534162,0.0,0.0,1,1,1,-1.8543299130914113,0.4852198651253153,-1.8913263366519797,Hibernating / At-Risk,0
14985,2,292.01,256,78,1.943132530120482,United Kingdom,198,146.005,128.0,159,0.37735849056603776,0.0,0.0,1,1,1,-1.5231652341812678,-0.6198205319334117,-0.8395223572037113,Hibernating / At-Risk,0
14987,2,326.4,128,2,2.55,United Kingdom,16,163.2,64.0,349,0.17191977077363899,0.0,0.0,1,0,1,-1.1047900059511744,-0.30760254008210436,-2.0535957459075385,Loyal Regulars,0
14988,1,334.54,141,40,2.5467500000000003,United Kingdom,212,334.54,141.0,0,1.0,0.0,0.0,1,1,1,-1.4716209755258298,-0.6600562694703168,0.8345884386027227,Hibernating / At-Risk,0
14995,2,231.98000000000002,102,53,2.6255,United Kingdom,39,115.99000000000001,51.0,241,0.24896265560165975,0.0,0.0,1,1,1,-1.7154904471817436,-0.10079008216533467,-1.837904531180165,Hibernating / At-Risk,0
14997,3,546.1999999999999,1120,25,0.6265384615384615,United Kingdom,46,182.06666666666663,373.3333333333333,131,0.6870229007633588,1.0,0.25,1,0,0,0.06913624186005919,0.005260460712315103,-0.6290914697445938,Loyal Regulars,0
14998,2,414.87,258,70,2.4686486486486485,United Kingdom,170,207.435,129.0,71,0.8450704225352113,0.0,0.0,1,1,1,-1.0651723719805586,-0.24481871609319678,0.17738650251982166,Hibernating / At-Risk,0
15000,1,490.52,218,76,2.8345454545454545,United Kingdom,48,490.52,218.0,0,1.0,0.0,0.0,1,0,1,-0.569108862652162,-0.6588406272254881,0.5658575580948914,Loyal Regulars,0
15002,4,1641.76,862,93,2.5394782608695654,United Kingdom,116,410.44,215.5,251,0.4780876494023904,0.0,0.0,1,0,0,0.7262349326607249,-1.21272866851436,-0.28458470723960966,Loyal Regulars,0
15004,1,1220.38,622,153,3.1060784313725494,United Kingdom,147,1220.38,622.0,0,1.0,0.0,0.0,1,0,0,0.4069761765869279,-1.9267871162222334,1.5085223690092207,Loyal Regulars,0
15005,28,6293.67,4228,359,2.3264176417641766,United Kingdom,16,224.77392857142857,151.0,350,2.4,7.0,0.2,1,2,2,3.6069205412550933,2.3549344812923656,0.8062464428158327,Champions (High-Value),1
15006,1,475.43,285,120,1.9430534351145037,United Kingdom,51,475.43,285.0,0,1.0,0.0,0.0,1,0,1,-0.508283586763828,-0.6694386654302216,0.5749020796547183,Loyal Regulars,0
15007,1,156.91,69,12,3.160833333333333,United Kingdom,159,156.91,69.0,0,1.0,0.0,0.0,1,1,1,-2.378695153081828,0.20228238696192408,0.27427255134856177,Hibernating / At-Risk,0
15009,3,1259.43,639,148,2.4771666666666667,United Kingdom,12,419.81,213.0,12,3.0,0.0,0.0,1,2,0,1.2209548131754253,1.585767108266928,1.954015537897699,Champions (High-Value),1
15010,1,308.94,184,20,3.1685000000000003,United Kingdom,36,308.94,184.0,0,1.0,0.0,0.0,1,1,1,-0.9929929660128402,-0.12585022012319944,0.19360604643061255,Hibernating / At-Risk,0
15012,2,405.04,225,110,2.594508196721311,United Kingdom,54,202.52,112.5,319,0.18808777429467086,0.0,0.0,1,0,1,-0.984629648260989,-0.8865964334256294,-1.5092894657493523,Loyal Regulars,0
15014,2,257.67,149,29,1.7624242424242424,United Kingdom,43,128.835,74.5,133,0.45112781954887216,0.0,0.0,1,1,1,-1.4482704249026501,0.0821512611750432,-1.290995475547709,Hibernating / At-Risk,0
15016,1,170.04,76,20,4.573,United Kingdom,173,170.04,76.0,0,1.0,0.0,0.0,1,1,1,-2.288278997237549,0.09431320407304669,0.35257911225802463,Hibernating / At-Risk,0
15017,1,125.58,63,20,3.2625,United Kingdom,34,125.58,63.0,0,1.0,0.0,0.0,1,1,1,-2.2305900673420327,0.8402572012400255,-0.38022666043136594,Hibernating / At-Risk,0
15018,3,496.21000000000004,189,30,6.507419354838709,United Kingdom,39,165.40333333333334,63.0,329,0.2735562310030395,1.0,0.25,1,0,1,-0.7644136053716061,-0.3414093158157237,-1.617307947443982,Loyal Regulars,0
15019,1,252.81,150,64,2.1930303030303033,United Kingdom,267,252.81,150.0,0,1.0,0.0,0.0,1,1,1,-1.7662296016569319,-0.4622340361199231,0.7508164003218041,Hibernating / At-Risk,0
15021,9,1871.77,819,287,2.680540540540541,United Kingdom,9,207.97444444444443,91.0,357,0.7563025210084033,4.0,0.3076923076923077,1,2,2,1.590194996585087,0.783656224390036,-1.1737606225223525,Champions (High-Value),1
15022,4,852.39,527,96,2.9139669421487606,United Kingdom,12,213.0975,131.75,35,3.4285714285714284,0.0,0.0,1,2,0,0.8262958297010263,2.566356177708522,1.8036619489258843,Champions (High-Value),1
15023,11,6701.51,2818,346,3.836442831215971,United Kingdom,3,609.2281818181818,256.1818181818182,366,0.9016393442622951,1.0,0.08333333333333333,1,2,2,3.548293117741141,0.1558374895940703,-0.6316531222738945,Champions (High-Value),1
15024,10,1636.43,902,105,2.8549342105263156,United Kingdom,10,163.643,90.2,357,0.8403361344537815,0.0,0.0,1,2,2,1.507419972094139,1.1214671470813964,-1.1622714134614172,Champions (High-Value),1
15025,1,361.96,184,66,2.6628358208955225,United Kingdom,33,361.96,184.0,0,1.0,0.0,0.0,1,1,1,-0.8242755189281181,-0.2533830960595409,0.25749000048116505,Hibernating / At-Risk,0
15026,3,464.2,225,56,2.2145,United Kingdom,80,154.73333333333332,75.0,197,0.4568527918781726,0.0,0.0,1,1,1,-0.8970559193213999,-0.18104585637628792,-1.0123777162623586,Hibernating / At-Risk,0
15027,4,1066.1499999999999,565,30,3.7800000000000002,United Kingdom,31,266.53749999999997,141.25,207,0.5797101449275363,2.0,0.3333333333333333,1,0,0,0.5116127363731865,-0.2546300155370742,-0.7978917999542406,Loyal Regulars,0
15028,4,627.13,459,35,1.9868750000000002,United Kingdom,8,156.7825,114.75,360,0.3333333333333333,0.0,0.0,1,0,0,0.20984052600066216,0.23086776591340158,-2.0505308357530945,Loyal Regulars,0
15030,2,518.28,372,7,2.9728571428571433,United Kingdom,72,259.14,186.0,196,0.30612244897959184,0.0,0.0,1,0,1,-0.6038929190774742,-1.0436006172335937,-0.9950939799686139,Loyal Regulars,0
15031,4,653.19,400,74,3.058,United Kingdom,4,163.2975,100.0,277,0.43321299638989175,0.0,0.0,1,0,0,0.366495961356195,0.5314131037039509,-2.0188843892286306,Loyal Regulars,0
15032,3,4959.1,2968,29,1.9057692307692307,United Kingdom,256,1653.0333333333335,989.3333333333334,110,0.8181818181818182,2.0,0.4,1,0,0,2.0917717701721563,-2.482094201159734,1.496453557390566,Loyal Regulars,0
15033,10,2553.88,1670,314,2.10004,United Kingdom,5,255.388,167.0,324,0.9259259259259258,1.0,0.09090909090909091,1,2,2,2.3323891244164874,0.9136485769383741,-0.9593897777291754,Champions (High-Value),1
15034,8,4274.16,2413,299,2.9217179487179488,United Kingdom,16,534.27,301.625,338,0.7100591715976331,3.0,0.2727272727272727,1,2,2,2.623987325113672,-0.4612508419958903,-0.46482649104987195,Champions (High-Value),1
15035,1,252.73000000000002,245,26,2.1285185185185185,United Kingdom,90,252.73000000000002,245.0,0,1.0,0.0,0.0,1,1,1,-1.2976847610023114,-0.2082766777078282,0.39240873087871014,Hibernating / At-Risk,0
15036,3,429.56,316,107,2.0629411764705883,United Kingdom,72,143.18666666666667,105.33333333333333,107,0.8411214953271028,0.0,0.0,1,1,1,-0.7366267178641903,0.42528516858390636,-0.393335167289413,Hibernating / At-Risk,0
15038,6,685.74,212,105,4.19208,United Kingdom,59,114.29,35.333333333333336,311,0.5787781350482315,1.0,0.14285714285714285,1,0,1,-0.41090680705739374,0.5946451201462707,-1.1788365408442878,Loyal Regulars,0
15039,47,19766.59,9131,408,3.1825118483412322,United Kingdom,10,420.5657446808511,194.27659574468086,359,3.927576601671309,5.0,0.09615384615384616,1,2,2,4.960337236503853,2.588940139141943,2.0729806736895275,Champions (High-Value),1
15041,1,179.93,103,66,2.0543939393939397,United Kingdom,170,179.93,103.0,0,1.0,0.0,0.0,1,1,1,-2.113136393554679,0.01837569468989007,0.3875494517788367,Hibernating / At-Risk,0
15042,1,135.93,30,5,5.586,United Kingdom,199,135.93,30.0,0,1.0,0.0,0.0,1,1,1,-2.8892805822574648,0.35023522599543866,0.24571575329623882,Hibernating / At-Risk,0
15043,1,537.0,300,3,1.79,United Kingdom,31,537.0,300.0,0,1.0,0.0,0.0,1,0,0,-0.2506054367090657,-0.6563706355102914,0.48100284211222916,Loyal Regulars,0
15044,17,7634.7300000000005,2785,233,4.597162162162163,United Kingdom,19,449.1017647058824,163.8235294117647,342,1.4912280701754386,5.0,0.22727272727272727,1,2,2,3.4011722713070456,0.784582276029552,0.4474343930273876,Champions (High-Value),1
15045,2,735.66,114,11,6.9191666666666665,United Kingdom,152,367.83,57.0,105,0.5714285714285714,1.0,0.3333333333333333,1,0,0,-0.8740874228877963,-1.052886096138775,-0.02019690421885352,Loyal Regulars,0
15046,15,5071.47,3371,146,2.7216500000000003,United Kingdom,9,338.098,224.73333333333332,329,1.3677811550151975,1.0,0.0625,1,2,2,3.238219343990563,1.0651856507160697,-0.07569004176617383,Champions (High-Value),1
15047,1,343.62,222,22,2.27,United Kingdom,270,343.62,222.0,0,1.0,0.0,0.0,1,1,1,-1.33075474262932,-0.7925029432045432,0.9448270789425158,Hibernating / At-Risk,0
15048,4,381.0,192,86,2.582340425531915,United Kingdom,65,95.25,48.0,303,0.39603960396039606,1.0,0.2,1,1,1,-1.0898957529816686,0.3374381613914772,-1.5442184392560345,Hibernating / At-Risk,0
15049,1,121.17000000000002,63,3,1.83,United Kingdom,274,121.17000000000002,63.0,0,1.0,0.0,0.0,1,1,1,-2.791683460002285,0.3062373998184729,0.3069432998386077,Hibernating / At-Risk,0
15050,3,1737.69,1216,68,2.514473684210526,United Kingdom,25,579.23,405.3333333333333,46,1.9565217391304346,2.0,0.4,1,2,0,1.5021848971493228,0.3399441922647731,1.5053710613314397,Champions (High-Value),1
15051,3,1383.3600000000001,1010,130,2.2064788732394365,United Kingdom,23,461.12000000000006,336.6666666666667,127,0.7086614173228346,0.0,0.0,1,0,0,1.067864765954947,-0.6558367801800743,-0.2799921535886662,Loyal Regulars,0
15052,1,207.73000000000002,79,27,3.565714285714286,United Kingdom,319,207.73000000000002,79.0,0,1.0,0.0,0.0,1,1,1,-2.243853796202021,-0.2671749413746524,0.6800332581059273,Hibernating / At-Risk,0
15053,3,693.95,984,49,1.5671014492753623,United Kingdom,5,231.3166666666667,328.0,277,0.3249097472924188,0.0,0.0,1,0,0,0.6929237934944041,-0.1953762782454281,-1.9127063430165223,Loyal Regulars,0
15054,2,302.1,198,105,1.7128070175438597,United Kingdom,12,151.05,99.0,28,2.0,0.0,0.0,1,1,1,-0.6524953172434637,1.89997112858061,0.535186911869695,Hibernating / At-Risk,0
15057,2,1489.5,668,25,3.5916,United Kingdom,275,744.75,334.0,40,1.5,0.0,0.0,1,0,0,0.46770401259947686,-0.9861938838607807,2.0138901035338765,Loyal Regulars,0
15058,11,2102.54,1054,199,2.91093984962406,United Kingdom,25,191.14,95.81818181818181,286,1.153846153846154,0.0,0.0,1,2,2,1.6428273509252087,1.117024622099973,-0.32690773912967763,Champions (High-Value),1
15059,9,1337.72,604,161,3.1344725738396626,United Kingdom,41,148.63555555555556,67.11111111111111,293,0.9215017064846416,2.0,0.18181818181818182,1,0,1,0.8188990657928916,0.9401129986107704,-0.6199913271275066,Loyal Regulars,0
15060,4,293.0,256,80,1.7459649122807017,United Kingdom,8,73.25,64.0,0,4.0,0.0,0.0,1,1,1,-0.32648726668076894,3.933257246550602,1.2790501765440943,Hibernating / At-Risk,0
15061,48,54534.14,28920,70,2.5737468982630274,United Kingdom,4,1136.1279166666666,602.5,368,3.913043478260869,7.0,0.12727272727272726,1,2,2,5.720490928214113,1.9417487934627897,2.3421750900467653,Champions (High-Value),1
15062,4,987.86,763,47,2.061754385964912,United Kingdom,71,246.965,190.75,288,0.4166666666666667,0.0,0.0,1,0,0,0.3174091000247687,-0.6811552437692701,-0.877900876738489,Loyal Regulars,0
15063,1,370.79999999999995,56,5,8.57,United Kingdom,213,370.79999999999995,56.0,0,1.0,0.0,0.0,1,1,1,-1.736618075312901,-0.6772493894055098,0.8727004154597353,Hibernating / At-Risk,0
15065,4,3158.13,1383,148,5.0849677419354835,United Kingdom,38,789.5325,345.75,253,0.4743083003952569,2.0,0.3333333333333333,1,0,2,1.8013494086011606,-1.5822344990353667,-0.27279093090608636,Loyal Regulars,0
15066,1,893.59,317,42,4.46047619047619,United Kingdom,53,893.59,317.0,0,1.0,1.0,0.5,1,0,0,0.11052992265310993,-1.2911456800772974,0.9613993795172945,Loyal Regulars,0
15067,3,1744.76,954,82,3.1621951219512194,United Kingdom,78,581.5866666666667,318.0,204,0.4411764705882353,0.0,0.0,1,0,0,0.9033874893074103,-1.5889373529526662,-0.23866806162788415,Loyal Regulars,0
15068,2,553.36,364,96,2.555769230769231,United Kingdom,46,276.68,182.0,210,0.2857142857142857,0.0,0.0,1,0,0,-0.4436934401372651,-1.0186426087279188,-1.1549951826534175,Loyal Regulars,0
15069,1,1109.53,520,70,4.523428571428571,United Kingdom,179,1109.53,520.0,0,1.0,0.0,0.0,1,0,0,0.1978387203753865,-1.8737542060609937,1.5150877651615537,Loyal Regulars,0
15070,1,106.2,36,1,2.95,United Kingdom,373,106.2,36.0,0,1.0,0.0,0.0,1,1,1,-3.2051585975595382,0.39863459400432644,0.31760215452945895,Hibernating / At-Risk,0
15071,2,982.07,269,25,4.647692307692308,United Kingdom,94,491.035,134.5,182,0.32967032967032966,0.0,0.0,1,0,0,-0.1991581518123217,-1.6551195543990114,-0.4852192963594745,Loyal Regulars,0
15073,3,1043.41,491,31,2.6588888888888893,United Kingdom,10,347.80333333333334,163.66666666666666,177,0.5084745762711864,1.0,0.25,1,0,0,0.6834142483005012,-0.3919135786351369,-1.1003267700727766,Loyal Regulars,0
15074,1,735.67,431,41,2.2509756097560976,United Kingdom,105,735.67,431.0,0,1.0,0.0,0.0,1,0,0,-0.12249684297986548,-1.3189975701440635,1.0867756856743256,Loyal Regulars,0
15075,1,773.03,447,27,3.312962962962963,United Kingdom,78,773.03,447.0,0,1.0,0.0,0.0,1,0,0,0.013201370563804524,-1.2885294974769648,1.015861714222777,Loyal Regulars,0
15076,1,880.85,571,49,3.0477551020408162,United Kingdom,173,880.85,571.0,0,1.0,0.0,0.0,1,0,0,0.028572312201537848,-1.6525922792969878,1.3702041250750132,Loyal Regulars,0
15078,32,9743.11,5105,97,2.369431818181818,United Kingdom,7,304.4721875,159.53125,361,2.6592797783933517,6.0,0.15789473684210525,1,2,2,4.283425493929533,2.4452998768762715,0.9351927695322214,Champions (High-Value),1
15079,4,895.61,389,46,4.605957446808511,United Kingdom,213,223.9025,97.25,153,0.7843137254901962,1.0,0.2,1,0,1,-0.24598810734380985,-0.300671614481128,0.10249767905354158,Loyal Regulars,0
15081,5,504.8,190,26,4.805151515151515,United Kingdom,22,100.96000000000001,38.0,345,0.43478260869565216,1.0,0.16666666666666666,1,0,1,-0.5385254774247917,0.70710369144045,-1.8317213165539208,Loyal Regulars,0
15083,1,88.2,38,5,6.67,United Kingdom,257,88.2,38.0,0,1.0,0.0,0.0,1,1,1,-3.2632502798926066,0.6687891411031002,0.08697466138716684,Hibernating / At-Risk,0
15087,1,306.94,470,15,2.036,United Kingdom,282,306.94,470.0,0,1.0,0.0,0.0,1,1,1,-1.15229222899015,-0.7642088408518183,0.9130472728719975,Hibernating / At-Risk,0
15088,2,1160.07,460,53,5.27,United Kingdom,21,580.035,230.0,45,1.3333333333333333,1.0,0.3333333333333333,1,0,0,0.7151768169984336,-0.17503040574854536,0.7847820717017134,Loyal Regulars,0
15089,6,2420.84,1359,139,3.3199310344827584,United Kingdom,10,403.47333333333336,226.5,118,1.5254237288135595,0.0,0.0,1,2,0,2.0700966015200986,0.7684822275942128,0.4129830796942036,Champions (High-Value),1
15090,1,381.32,208,23,3.5617391304347827,United Kingdom,308,381.32,208.0,0,1.0,0.0,0.0,1,1,1,-1.2932182857405319,-0.9219769088698797,1.0492935720950067,Hibernating / At-Risk,0
15091,1,480.71,346,30,1.9540000000000002,United Kingdom,68,480.71,346.0,0,1.0,1.0,0.5,1,0,1,-0.49436571577548216,-0.7752806257858509,0.6836012116629686,Loyal Regulars,0
15092,2,457.81,135,23,5.378076923076923,United Kingdom,215,228.905,67.5,68,0.8823529411764706,0.0,0.0,1,1,1,-1.2810363417349835,-0.29921494831740986,0.35754800442454165,Hibernating / At-Risk,0
15093,6,4597.02,3760,52,2.7425,United Kingdom,18,766.1700000000001,626.6666666666666,353,0.509915014164306,3.0,0.3333333333333333,1,2,2,2.76787227498251,-1.259491403832561,-0.5147695589059206,Champions (High-Value),1
15095,4,1370.6,1079,30,2.5157446808510637,United Kingdom,104,342.65,269.75,99,1.2121212121212122,1.0,0.2,1,0,0,0.7992597398679819,-0.11047463797414779,0.7687575912550165,Loyal Regulars,0
15096,1,219.39000000000001,120,11,3.1118181818181814,United Kingdom,43,219.39000000000001,120.0,0,1.0,0.0,0.0,1,1,1,-1.5220655914787145,0.19028475527068037,0.04135626350057415,Hibernating / At-Risk,0
15097,1,248.08,170,25,2.266,United Kingdom,4,248.08,170.0,0,1.0,0.0,0.0,1,1,1,-0.7148333034416887,0.6413985662243427,-0.6245430611100304,Hibernating / At-Risk,0
15098,3,39916.5,121,1,434.65000000000003,United Kingdom,182,13305.5,40.333333333333336,0,3.0,2.0,0.4,1,2,0,1.8481866959337063,-0.6068371495211116,3.798575978656974,Champions (High-Value),1
15099,1,410.48,343,23,2.073478260869565,United Kingdom,84,410.48,343.0,0,1.0,0.0,0.0,1,1,1,-0.6979540504794062,-0.6814403777038448,0.6622714429303702,Hibernating / At-Risk,0
15100,3,876.0,80,1,10.949999999999998,United Kingdom,334,292.0,26.666666666666668,40,2.25,3.0,0.5,1,1,1,-0.8268597013989882,0.7483375103663402,2.1897343940831853,Hibernating / At-Risk,0
15101,2,317.53,241,8,2.805,United Kingdom,9,158.765,120.5,350,0.17142857142857143,1.0,0.3333333333333333,1,0,1,-0.7467112571354403,-0.19185373742014142,-2.2355072108804133,Loyal Regulars,0
15103,2,703.36,329,35,5.646857142857144,United Kingdom,31,351.68,164.5,55,1.090909090909091,0.0,0.0,1,0,1,-0.01154977467764326,-0.021753330663535006,0.2869856708059503,Loyal Regulars,0
15104,2,993.54,635,66,5.081940298507463,United Kingdom,197,496.77,317.5,85,0.7058823529411764,1.0,0.3333333333333333,1,0,0,0.03794916568311436,-1.3766896055556501,0.5319712274733339,Loyal Regulars,0
15105,7,2298.93,1211,90,2.410792079207921,United Kingdom,18,328.4185714285714,173.0,116,1.8103448275862069,0.0,0.0,1,2,0,1.8859221003525655,1.1212857812762262,0.7628573171329249,Champions (High-Value),1
15106,5,1422.52,1181,90,2.4882,United Kingdom,18,284.504,236.2,251,0.597609561752988,2.0,0.2857142857142857,1,0,0,1.2223843229850395,-0.14275183735235164,-0.9260576696349039,Loyal Regulars,0
15107,6,319.5,169,12,5.584375,United Kingdom,311,53.25,28.166666666666668,61,2.9508196721311477,2.0,0.25,1,1,1,-1.3436887209863866,2.975974735876456,1.6461001790244152,Hibernating / At-Risk,0
15108,3,1159.25,490,49,4.242105263157895,European Community,142,386.4166666666667,163.33333333333334,85,1.0588235294117647,1.0,0.25,0,0,0,0.2196975995435867,-0.488452255350719,0.7608467989087357,Loyal Regulars,0
15109,1,484.95,131,28,5.880357142857143,United Kingdom,246,484.95,131.0,0,1.0,1.0,0.5,1,1,1,-1.1934080317002762,-1.0480290487755008,1.1014912322486698,Hibernating / At-Risk,0
15110,4,996.1,246,17,7.377142857142857,United Kingdom,24,249.025,61.5,294,0.4081632653061224,3.0,0.42857142857142855,1,0,0,0.14967849826592217,-0.3098285682614764,-1.283672532417335,Loyal Regulars,0
15111,3,1567.48,710,70,3.682380952380952,United Kingdom,29,522.4933333333333,236.66666666666666,343,0.26239067055393583,0.0,0.0,1,0,0,0.8946073745348371,-1.4959190566674707,-1.0330130356647524,Loyal Regulars,0
15113,3,3509.04,2343,76,2.115625,United Kingdom,10,1169.68,781.0,44,2.0454545454545454,1.0,0.25,1,2,0,2.643681424645888,-0.08484989684615546,1.7276622239018642,Champions (High-Value),1
15114,10,2760.56,3096,136,1.5530964467005075,United Kingdom,30,276.056,309.6,271,1.1070110701107012,0.0,0.0,1,2,2,2.254749345113034,0.5368474072200274,-0.06819885390179845,Champions (High-Value),1
15115,1,340.11,157,21,3.7304761904761907,United Kingdom,18,340.11,157.0,0,1.0,0.0,0.0,1,1,1,-0.7951345868534108,-0.019580577306511495,0.016953112543670847,Hibernating / At-Risk,0
15116,4,1352.75,648,37,2.7622222222222224,United Kingdom,18,338.1875,162.0,187,0.6417112299465241,0.0,0.0,1,0,0,0.9321812333085437,-0.262132451614859,-0.7200145632845736,Loyal Regulars,0
15117,5,1551.78,1948,63,2.230632911392405,United Kingdom,15,310.356,389.6,200,0.75,1.0,0.16666666666666666,1,0,2,1.5723247420649802,-0.015187061410010914,-0.6519497353947713,Loyal Regulars,0
15118,1,244.8,1440,1,0.17,United Kingdom,134,244.8,1440.0,0,1.0,0.0,0.0,1,1,1,-0.732328875997159,-0.44561984901336016,0.555445598267768,Hibernating / At-Risk,0
15119,1,266.4,88,14,7.728571428571429,United Kingdom,246,266.4,88.0,0,1.0,0.0,0.0,1,1,1,-1.9048783916866785,-0.4420206992120622,0.7396523078408298,Hibernating / At-Risk,0
15120,1,358.82,296,21,4.91952380952381,United Kingdom,134,358.82,296.0,0,1.0,1.0,0.5,1,1,1,-0.9992337665019405,-0.6675349891715159,0.7383785959852437,Hibernating / At-Risk,0
15121,2,457.72,199,28,4.226785714285714,United Kingdom,50,228.86,99.5,238,0.25210084033613445,0.0,0.0,1,0,1,-0.8858265620317576,-0.8669627215178167,-1.3321452219649068,Loyal Regulars,0
15122,3,1633.78,800,65,3.2530487804878048,United Kingdom,114,544.5933333333334,266.6666666666667,183,0.49180327868852464,3.0,0.5,1,0,0,0.6875290646000402,-1.5350592248556214,-0.050960414772186054,Loyal Regulars,0
15123,2,2199.31,1195,93,3.053490566037736,United Kingdom,7,1099.655,597.5,198,0.30303030303030304,0.0,0.0,1,0,2,1.7643951881751987,-1.9225760735171964,-0.8821276648401737,Loyal Regulars,0
15124,2,184.19,233,14,2.2046666666666668,United Kingdom,23,92.095,116.5,169,0.35502958579881655,0.0,0.0,1,1,1,-1.4495795854488296,0.37055439984595584,-1.8856986660579478,Hibernating / At-Risk,0
15125,15,11528.48,6193,102,3.3869291338582674,United Kingdom,25,768.5653333333333,412.8666666666667,245,1.836734693877551,8.0,0.34782608695652173,1,2,2,4.052649054923174,0.37693617334005647,1.2843393060206683,Champions (High-Value),1
15127,1,406.53,251,16,1.838125,United Kingdom,66,406.53,251.0,0,1.0,0.0,0.0,1,1,1,-0.7685027227455102,-0.5786790316100439,0.5667208083303074,Hibernating / At-Risk,0
15128,4,1471.0,1343,74,2.071470588235294,United Kingdom,60,367.75,335.75,159,0.7547169811320755,4.0,0.5,1,0,2,1.0184837693442037,-0.5767893138711075,-0.05457948286043443,Loyal Regulars,0
15129,11,3447.4,1794,54,2.905238095238095,United Kingdom,50,313.40000000000003,163.0909090909091,241,1.3692946058091287,0.0,0.0,1,2,2,2.168381974921774,0.6307704324008122,0.4897973326691224,Champions (High-Value),1
15130,1,330.11,197,22,2.42,United Kingdom,170,330.11,197.0,0,1.0,0.0,0.0,1,1,1,-1.2968553634428301,-0.6167619843649632,0.7600295753864265,Hibernating / At-Risk,0
15132,5,977.9300000000001,679,49,2.062692307692308,United Kingdom,18,195.586,135.8,244,0.6147540983606558,0.0,0.0,1,0,0,0.6599678866999807,0.28788949534056213,-1.1286552795102631,Loyal Regulars,0
15133,3,982.42,680,27,2.2120689655172416,United Kingdom,128,327.4733333333333,226.66666666666666,174,0.5172413793103449,0.0,0.0,1,0,0,0.12655255700421134,-1.0287742911869915,-0.26445897495873605,Loyal Regulars,0
15134,8,1387.99,887,44,2.300821917808219,United Kingdom,15,173.49875,110.875,225,1.0666666666666667,0.0,0.0,1,2,2,1.2591507391725896,1.1487742476534757,-0.6122642561421868,Champions (High-Value),1
15135,1,139.05,43,9,3.5944444444444446,United Kingdom,239,139.05,43.0,0,1.0,1.0,0.5,1,1,1,-2.777131326370113,0.24698816221700767,0.3307585130456788,Hibernating / At-Risk,0
15136,4,1286.7,776,61,2.0561764705882353,United Kingdom,3,321.675,194.0,93,1.2903225806451613,1.0,0.2,1,2,2,1.458740178549788,0.9588238173410926,-0.29668606372619705,Champions (High-Value),1
15139,2,178.96,208,13,1.3546153846153846,United Kingdom,240,89.48,104.0,96,0.625,0.0,0.0,1,1,1,-2.0553344096506034,0.1873115163706235,-0.5766398904957891,Hibernating / At-Risk,0
15140,7,2354.25,1572,74,2.65775,United Kingdom,52,336.32142857142856,224.57142857142858,211,0.9952606635071091,1.0,0.125,1,2,2,1.641842248837995,0.010481660310350204,0.12452760030813191,Champions (High-Value),1
15142,1,498.74,365,26,2.419230769230769,United Kingdom,46,498.74,365.0,0,1.0,0.0,0.0,1,0,0,-0.3408011021539067,-0.7093979268297078,0.5747410964029233,Loyal Regulars,0
15143,1,259.45,150,14,2.8335714285714286,United Kingdom,226,259.45,150.0,0,1.0,0.0,0.0,1,1,1,-1.69964689615145,-0.44115946770451675,0.7089847329852319,Hibernating / At-Risk,0
15144,17,6580.44,3050,132,2.9005990783410134,United Kingdom,8,387.0847058823529,179.41176470588235,304,1.6776315789473686,1.0,0.05555555555555555,1,2,2,3.525629596528676,1.30276972835955,0.3013617099197593,Champions (High-Value),1
15145,4,1194.73,756,54,3.413731343283582,United Kingdom,4,298.6825,189.0,244,0.49180327868852464,0.0,0.0,1,0,0,1.1896823572811952,-0.008537611544230647,-1.5301518067247364,Loyal Regulars,0
15146,2,1327.16,1473,90,1.5287912087912088,United Kingdom,165,663.58,736.5,126,0.47619047619047616,1.0,0.3333333333333333,1,0,0,0.6385111489772624,-2.0100106334586334,0.23646785152199218,Loyal Regulars,0
15147,1,623.5,366,28,2.9839285714285713,United Kingdom,240,623.5,366.0,0,1.0,1.0,0.5,1,0,1,-0.5509312343823293,-1.372825143369998,1.2674133727249606,Loyal Regulars,0
15148,1,301.29,187,20,2.5355,United Kingdom,11,301.29,187.0,0,1.0,0.0,0.0,1,1,1,-0.7214855052961456,0.20677138092994002,-0.20743135033694712,Hibernating / At-Risk,0
15149,1,520.8000000000001,128,23,5.95,United Kingdom,134,520.8000000000001,128.0,0,1.0,0.0,0.0,1,1,1,-0.9814196437798547,-0.9475216575332989,0.9352808561238855,Hibernating / At-Risk,0
15150,10,5291.33,3642,282,2.9364222873900294,United Kingdom,17,529.133,364.2,251,1.195219123505976,1.0,0.09090909090909091,1,2,2,3.075602153048451,0.14569727314224593,0.25237169764443407,Champions (High-Value),1
15152,13,4745.69,2704,196,3.474981549815498,United Kingdom,10,365.0530769230769,208.0,177,2.2033898305084745,3.0,0.1875,1,2,0,3.1372937277637436,1.6218800991723212,0.9190436594714866,Champions (High-Value),1
15153,1,329.25,198,22,4.66590909090909,United Kingdom,31,329.25,198.0,0,1.0,0.0,0.0,1,1,1,-0.8679749456493432,-0.15303963575628884,0.18299962638905592,Hibernating / At-Risk,0
15154,1,254.28,89,66,2.964647887323944,United Kingdom,75,254.28,89.0,0,1.0,1.0,0.5,1,1,1,-1.64174137833311,-0.07402194254428879,0.30781590062526215,Hibernating / At-Risk,0
15156,3,961.49,597,51,2.841090909090909,United Kingdom,1,320.49666666666667,199.0,32,2.8125,0.0,0.0,1,2,0,1.4079647647835603,2.2550688217315837,1.0091305111800457,Champions (High-Value),1
15157,3,1936.07,2392,125,1.84528,United Kingdom,4,645.3566666666667,797.3333333333334,354,0.2542372881355932,2.0,0.4,1,0,2,2.0258333945270346,-1.327672272583017,-1.5117325109584163,Loyal Regulars,0
15158,1,401.40000000000003,198,7,1.85,United Kingdom,45,401.40000000000003,198.0,0,1.0,0.0,0.0,1,1,1,-0.7769287598388058,-0.4417433485432336,0.42392572619332647,Hibernating / At-Risk,0
15159,30,18641.010000000002,11441,363,2.844718309859155,United Kingdom,2,621.3670000000001,381.3666666666667,359,2.5069637883008355,4.0,0.11764705882352941,1,2,2,5.454823278901789,1.876860373702295,0.908295649713367,Champions (High-Value),1
15160,1,158.16,84,4,1.7475,United Kingdom,357,158.16,84.0,0,1.0,0.0,0.0,1,1,1,-2.5012211430607887,-0.04457712609569859,0.5606093377707465,Hibernating / At-Risk,0
15163,2,304.47,186,29,2.437241379310345,United Kingdom,18,152.235,93.0,173,0.3468208092485549,0.0,0.0,1,1,1,-1.0148712412979615,-0.0349929117402121,-1.6963810401383572,Hibernating / At-Risk,0
15164,3,824.58,351,79,2.937920792079208,United Kingdom,69,274.86,117.0,270,0.3333333333333333,0.0,0.0,1,0,0,-0.1793896087180413,-0.9292624912937852,-0.9759834828182772,Loyal Regulars,0
15165,1,487.75,160,27,4.987037037037037,United Kingdom,373,487.75,160.0,0,1.0,0.0,0.0,1,1,1,-1.2133897671449003,-1.1827086743795716,1.2488698552821769,Hibernating / At-Risk,0
15167,1,158.8,65,39,2.703846153846154,United Kingdom,321,158.8,65.0,0,1.0,0.0,0.0,1,1,1,-2.569938872654788,0.003543945341582162,0.5199499303350354,Hibernating / At-Risk,0
15168,1,106.56,52,5,3.338,United Kingdom,26,106.56,52.0,0,1.0,0.0,0.0,1,1,1,-2.3899899788230115,1.0842312317086535,-0.5701127148226539,Hibernating / At-Risk,0
15171,1,1289.5,290,5,3.7700000000000005,United Kingdom,331,1289.5,290.0,0,1.0,1.0,0.5,1,0,0,-0.048415322877279926,-2.133460579983418,1.79849701239804,Loyal Regulars,0
15172,5,1624.05,1611,106,2.087909090909091,United Kingdom,9,324.81,322.2,227,0.6607929515418502,0.0,0.0,1,0,2,1.644096089772139,-0.03144665672281986,-0.9461365379963478,Loyal Regulars,0
15174,1,135.75,145,11,1.549090909090909,United Kingdom,323,135.75,145.0,0,1.0,0.0,0.0,1,1,1,-2.4040075138905266,0.07919780277021016,0.4511854118093834,Hibernating / At-Risk,0
15175,1,224.14,454,23,0.7404347826086957,United Kingdom,72,224.14,454.0,0,1.0,0.0,0.0,1,1,1,-1.1104440028245564,-0.08869479267667202,0.26244795140105087,Hibernating / At-Risk,0
15178,1,40.5,30,3,1.3499999999999999,United Kingdom,260,40.5,30.0,0,1.0,0.0,0.0,1,1,1,-3.9239764597470708,1.3293124166191175,-0.3134746697363314,Hibernating / At-Risk,0
15179,5,2206.95,1938,91,2.6174193548387095,United Kingdom,18,441.39,387.6,300,0.5,2.0,0.2857142857142857,1,0,2,1.8059967939243815,-0.7496027619731355,-0.8415074878488076,Loyal Regulars,0
15180,1,87.5,36,6,3.266666666666667,United Kingdom,367,87.5,36.0,0,1.0,0.0,0.0,1,1,1,-3.3822839709356636,0.5832186671300208,0.20293537302513912,Hibernating / At-Risk,0
15181,3,689.4799999999999,544,11,1.475625,United Kingdom,66,229.82666666666663,181.33333333333334,203,0.4433497536945813,2.0,0.4,1,0,0,-0.13769877723733398,-0.6052150353045315,-0.8503765722011054,Loyal Regulars,0
15182,2,622.85,253,24,2.9741379310344827,United Kingdom,154,311.425,126.5,114,0.5263157894736842,0.0,0.0,1,0,0,-0.7291327007643655,-1.0357033179458257,-0.17869607962147532,Loyal Regulars,0
15184,2,402.2,199,59,3.24741935483871,United Kingdom,29,201.1,99.5,161,0.3726708074534162,0.0,0.0,1,0,1,-0.8414267627424178,-0.38790710372138576,-1.3186811128987712,Loyal Regulars,0
15185,1,310.62,666,21,2.3276190476190477,United Kingdom,70,310.62,666.0,0,1.0,0.0,0.0,1,1,1,-0.6500291946807861,-0.4259223891205086,0.45420199255764226,Hibernating / At-Risk,0
15186,2,411.41,215,17,3.38,United Kingdom,14,205.705,107.5,154,0.3896103896103896,0.0,0.0,1,0,1,-0.6087633521021755,-0.1973988037394192,-1.5052648763141556,Loyal Regulars,0
15187,15,4762.18,1886,60,2.8988888888888886,United Kingdom,2,317.4786666666667,125.73333333333333,210,2.142857142857143,2.0,0.11764705882352941,1,2,2,3.347253151583505,2.1555928736212766,0.2948584933708858,Champions (High-Value),1
15189,41,16225.39,6149,80,4.361933962264151,United Kingdom,1,395.74121951219513,149.97560975609755,331,3.716012084592145,12.0,0.22641509433962265,1,2,2,5.1427762429398864,3.1151919066022926,1.3790390485523718,Champions (High-Value),1
15192,3,1044.32,918,36,2.514705882352941,United Kingdom,120,348.1066666666666,306.0,245,0.3673469387755102,0.0,0.0,1,0,0,0.2855380430543483,-1.3338081032476776,-0.5499124294249454,Loyal Regulars,0
15193,1,499.32,144,19,6.397368421052631,United Kingdom,61,499.32,144.0,0,1.0,0.0,0.0,1,1,1,-0.7751997304626174,-0.7035237580395006,0.646334900717598,Hibernating / At-Risk,0
15194,15,7616.53,5703,209,2.4091290322580647,United Kingdom,3,507.76866666666666,380.2,365,1.2328767123287672,7.0,0.3181818181818182,1,2,2,4.0399488769245036,0.7487923364901089,-0.311090107523128,Champions (High-Value),1
15195,1,3861.0,1404,1,2.75,United Kingdom,3,3861.0,1404.0,0,1.0,0.0,0.0,1,0,0,2.4060503440951986,-1.552528149651965,0.6185914536038446,Loyal Regulars,0
15197,3,1079.6100000000001,469,30,3.0321875,United Kingdom,11,359.87000000000006,156.33333333333334,347,0.25936599423631124,2.0,0.4,1,0,0,0.6189410410553551,-0.856368416901134,-1.584586799203086,Loyal Regulars,0
15198,2,193.64,120,10,1.875,United Kingdom,92,96.82,60.0,31,1.9354838709677418,0.0,0.0,1,1,1,-1.770700615696245,1.7744978872061719,0.8741535792115664,Hibernating / At-Risk,0
15199,4,1268.7,396,5,4.6,United Kingdom,59,317.175,99.0,249,0.48192771084337344,0.0,0.0,1,0,0,0.35279534293971904,-0.7074025386799563,-0.6779167846094222,Loyal Regulars,0
15201,5,1236.54,1210,35,1.6153623188405797,United Kingdom,87,247.308,242.0,160,0.9375,6.0,0.5454545454545454,1,0,1,0.7687854528226671,0.006564038783790457,0.08849874155184301,Loyal Regulars,0
15203,6,1827.8,1753,82,1.258169014084507,United Kingdom,26,304.6333333333333,292.1666666666667,285,0.631578947368421,0.0,0.0,1,0,2,1.543772075843905,-0.23155410504268592,-0.7268585177552207,Loyal Regulars,0
15204,1,316.58,258,9,2.4044444444444446,United Kingdom,357,316.58,258.0,0,1.0,0.0,0.0,1,1,1,-1.4192507965942376,-0.8046181453455421,0.9962846605770718,Hibernating / At-Risk,0
15205,2,653.24,378,37,3.684594594594594,United Kingdom,85,326.62,189.0,42,1.4285714285714286,1.0,0.3333333333333333,1,1,1,-0.23263953490709102,0.10567260612386573,1.028844995862036,Hibernating / At-Risk,0
15206,4,420.29999999999995,162,3,2.683333333333333,United Kingdom,10,105.07499999999999,40.5,265,0.45283018867924524,0.0,0.0,1,0,1,-0.5942385361828338,0.8443717956020762,-1.9890786119183632,Loyal Regulars,0
15208,5,870.12,316,25,4.873333333333333,United Kingdom,1,174.024,63.2,352,0.42613636363636365,1.0,0.16666666666666666,1,0,0,0.78934908857011,0.8041351446318619,-2.3570535388692635,Loyal Regulars,0
15210,1,331.18,228,20,6.341,United Kingdom,225,331.18,228.0,0,1.0,0.0,0.0,1,1,1,-1.3080236190763872,-0.7097523254963064,0.8615179452029491,Hibernating / At-Risk,0
15211,2,894.4100000000001,240,52,5.4957692307692305,United Kingdom,60,447.20500000000004,120.0,304,0.19736842105263158,0.0,0.0,1,0,0,-0.24978032440484707,-1.6730348879396262,-1.0047342377228967,Loyal Regulars,0
15212,1,101.8,36,5,3.63,United Kingdom,241,101.8,36.0,0,1.0,1.0,0.5,1,1,1,-3.135427898807722,0.5556256362695738,0.14711347946425724,Hibernating / At-Risk,0
15213,2,328.35,272,22,1.55375,United Kingdom,319,164.175,136.0,11,2.0,1.0,0.3333333333333333,1,1,1,-1.2714041198686985,0.9099461798535026,1.692457616472019,Hibernating / At-Risk,0
15214,8,1661.44,1254,109,2.4215454545454547,United Kingdom,2,207.68,156.75,241,0.995850622406639,0.0,0.0,1,2,2,1.9803107818334302,1.3282625198094091,-1.1758238403311543,Champions (High-Value),1
15215,3,734.94,225,33,5.166857142857143,United Kingdom,47,244.98000000000002,75.0,49,1.836734693877551,3.0,0.5,1,1,0,-0.13036436718156205,1.0478712519133977,1.0446908171181557,Hibernating / At-Risk,0
15216,1,96.6,28,2,4.8,United Kingdom,88,96.6,28.0,0,1.0,0.0,0.0,1,1,1,-3.023434920580687,0.9026857280385214,-0.23338049277189812,Hibernating / At-Risk,0
15218,11,5756.89,3329,77,3.0930120481927714,United Kingdom,11,523.3536363636364,302.6363636363636,308,1.0714285714285714,0.0,0.0,1,2,2,3.2175782464510556,0.17835736521548592,-0.08668019021342027,Champions (High-Value),1
15219,1,305.75,45,9,9.883333333333333,United Kingdom,176,305.75,45.0,0,1.0,0.0,0.0,1,1,1,-1.9515029875359438,-0.4219764436262232,0.6887153804843295,Hibernating / At-Risk,0
15220,6,1778.96,1393,110,2.559059829059829,United Kingdom,52,296.49333333333334,232.16666666666666,229,0.7860262008733624,1.0,0.14285714285714285,1,0,2,1.2833848071126897,-0.16439041666649687,-0.2500302779386976,Loyal Regulars,0
15221,1,403.25,43,5,12.709999999999999,United Kingdom,366,403.25,43.0,0,1.0,1.0,0.5,1,1,1,-1.8987802317518663,-0.8824784185637287,1.1004317733086217,Hibernating / At-Risk,0
15222,1,585.0,440,5,1.3439999999999999,United Kingdom,319,585.0,440.0,0,1.0,0.0,0.0,1,0,1,-0.6105021595621134,-1.4066784803579189,1.332156422754422,Loyal Regulars,0
15223,2,755.75,213,14,4.0865,United Kingdom,226,377.875,106.5,23,2.0,1.0,0.3333333333333333,1,1,1,-0.5054361268410804,0.23332826881833882,2.056777308727472,Hibernating / At-Risk,0
15224,2,322.08,152,13,3.2135714285714285,United Kingdom,358,161.04,76.0,4,2.0,1.0,0.3333333333333333,1,1,1,-1.5466981126157426,0.9486592075353087,1.7055279414581312,Hibernating / At-Risk,0
15225,1,409.40000000000003,226,23,3.45,United Kingdom,234,409.40000000000003,226.0,0,1.0,0.0,0.0,1,1,1,-1.1245638910783533,-0.9216867388193823,0.9991352990229676,Hibernating / At-Risk,0
15226,1,154.41,71,8,3.8425,United Kingdom,311,154.41,71.0,0,1.0,0.0,0.0,1,1,1,-2.5535420917728366,0.0310142011853974,0.49499815394597757,Hibernating / At-Risk,0
15227,5,1219.4,750,43,4.578448275862069,United Kingdom,37,243.88000000000002,150.0,280,0.5357142857142857,0.0,0.0,1,0,0,0.7108872407925715,-0.23647670778565716,-0.9068708006292872,Loyal Regulars,0
15228,4,3386.71,2255,110,3.18552,United Kingdom,66,846.6775,563.75,228,0.5263157894736842,1.0,0.2,1,0,2,1.9308501018045983,-1.762771214155662,0.06929990386686387,Loyal Regulars,0
15230,2,429.6,351,23,1.7817391304347827,United Kingdom,239,214.8,175.5,1,2.0,0.0,0.0,1,1,1,-0.848370056181799,0.7109158005656632,1.7576563366762723,Hibernating / At-Risk,0
15232,2,612.06,686,26,1.0306451612903225,United Kingdom,113,306.03,343.0,27,2.0,0.0,0.0,1,1,0,-0.06574860998742507,0.5190066695700722,1.7269821313289435,Hibernating / At-Risk,0
15234,1,197.0,196,14,1.682857142857143,United Kingdom,277,197.0,196.0,0,1.0,0.0,0.0,1,1,1,-1.9021665056295058,-0.2590718811396628,0.6242296957139782,Hibernating / At-Risk,0
15235,12,2247.51,1324,132,2.9905594405594402,United Kingdom,218,187.29250000000002,110.33333333333333,155,2.32258064516129,0.0,0.0,1,2,0,1.39517980320333,1.5507851620986195,1.6610489550578138,Champions (High-Value),1
15236,1,321.05,269,15,1.6386666666666665,United Kingdom,299,321.05,269.0,0,1.0,0.0,0.0,1,1,1,-1.3445815310340032,-0.7730174779683229,0.9448894060358527,Hibernating / At-Risk,0
15237,4,1412.32,1071,94,2.5204040404040406,United Kingdom,2,353.08,267.75,225,0.5333333333333333,0.0,0.0,1,0,0,1.6215138209606486,0.004233286251664569,-1.5172466213777103,Loyal Regulars,0
15238,3,1071.99,692,49,4.8076,United Kingdom,29,357.33,230.66666666666666,154,0.5844155844155844,2.0,0.4,1,0,0,0.6015821277239551,-0.6127158250177597,-0.5858650072932237,Loyal Regulars,0
15239,2,780.59,594,48,1.9677551020408164,United Kingdom,10,390.295,297.0,68,0.8823529411764706,1.0,0.3333333333333333,1,0,1,0.5583594883673555,-0.11977502229881705,-0.3134912154386418,Loyal Regulars,0
15240,5,1706.57,1369,58,2.5883333333333334,United Kingdom,45,341.31399999999996,273.8,267,0.5617977528089887,2.0,0.2857142857142857,1,0,2,1.2161724623799277,-0.6247518847358432,-0.5786297849543973,Loyal Regulars,0
15241,8,1756.44,1818,82,1.8820000000000001,United Kingdom,67,219.555,227.25,216,1.1111111111111112,1.0,0.1111111111111111,1,2,2,1.3959778082591714,0.5104275212030361,0.10418794640159022,Champions (High-Value),1
15243,1,316.68,185,22,2.4499999999999997,United Kingdom,74,316.68,185.0,0,1.0,0.0,0.0,1,1,1,-1.1489012855923961,-0.34454295307209054,0.45094796499058626,Hibernating / At-Risk,0
15244,2,631.57,405,31,2.3405882352941174,United Kingdom,65,315.785,202.5,182,0.32967032967032966,0.0,0.0,1,0,0,-0.3555537175552702,-1.1708548104794216,-0.8587901062426052,Loyal Regulars,0
15245,3,2515.84,1784,55,1.8764044943820224,United Kingdom,134,838.6133333333333,594.6666666666666,127,0.7086614173228346,0.0,0.0,1,0,0,1.405561192330973,-1.7531797426261906,0.6795452375688271,Loyal Regulars,0
15246,2,514.15,247,32,2.9833333333333334,United Kingdom,238,257.075,123.5,120,0.5,0.0,0.0,1,1,1,-1.032980840889446,-1.0099871589106022,-0.19442196870929743,Hibernating / At-Risk,0
15247,1,356.0,160,6,2.0833333333333335,United Kingdom,122,356.0,160.0,0,1.0,0.0,0.0,1,1,1,-1.223785599397789,-0.5792942638828005,0.6857535625824953,Hibernating / At-Risk,0
15249,13,6688.46,3577,211,2.8037142857142854,United Kingdom,32,514.496923076923,275.15384615384613,224,1.7410714285714286,2.0,0.13333333333333333,1,2,2,3.236869644843607,0.6111343264598553,1.0449645229852331,Champions (High-Value),1
15251,11,10484.99,6171,97,3.865765765765766,United Kingdom,9,953.180909090909,561.0,232,1.4224137931034482,4.0,0.26666666666666666,1,2,2,4.1135356983321385,-0.04142674424482651,0.6813886867669657,Champions (High-Value),1
15252,2,740.78,522,44,2.062727272727273,United Kingdom,36,370.39,261.0,146,0.4109589041095891,0.0,0.0,1,0,0,0.05896147326091555,-1.0506301415785109,-0.7821296974212113,Loyal Regulars,0
15253,5,918.1999999999999,866,52,1.6766037735849058,United Kingdom,16,183.64,173.2,153,0.9803921568627452,1.0,0.16666666666666666,1,0,0,0.7887951524936918,0.8226263903827514,-0.5946891336518136,Loyal Regulars,0
15254,1,300.36,275,18,2.03,United Kingdom,127,300.36,275.0,0,1.0,0.0,0.0,1,1,1,-1.1795727314347817,-0.47692898848286946,0.6138380486263482,Hibernating / At-Risk,0
15255,1,890.85,489,47,2.7510638297872343,United Kingdom,67,890.85,489.0,0,1.0,0.0,0.0,1,0,0,0.21883687766997564,-1.3906129786986812,1.0500844873231239,Loyal Regulars,0
15256,1,98.45,55,6,1.8166666666666667,United Kingdom,149,98.45,55.0,0,1.0,0.0,0.0,1,1,1,-2.880593384433692,0.6817543225344084,-0.02582189568635532,Hibernating / At-Risk,0
15257,1,317.15,46,7,30.957142857142856,United Kingdom,283,317.15,46.0,0,1.0,1.0,0.5,1,1,1,-2.030177518488507,-0.5890189603713263,0.8731522820898653,Hibernating / At-Risk,0
15258,2,623.16,142,32,5.6376470588235295,United Kingdom,169,311.58,71.0,48,1.25,0.0,0.0,1,1,1,-0.8583756799215211,-0.12386824914700756,0.9842234816938265,Hibernating / At-Risk,0
15260,7,1810.77,885,62,3.4683116883116885,United Kingdom,100,258.68142857142857,126.42857142857143,272,0.7720588235294118,1.0,0.125,1,0,0,0.9700128872036593,-0.1364768428697866,-0.17328745575708154,Loyal Regulars,0
15261,1,254.82,270,19,1.1994736842105262,United Kingdom,135,254.82,270.0,0,1.0,0.0,0.0,1,1,1,-1.3548676761414944,-0.3355064696129516,0.5377732680634375,Hibernating / At-Risk,0
15262,1,178.95000000000002,73,10,3.2950000000000004,United Kingdom,324,178.95000000000002,73.0,0,1.0,0.0,0.0,1,1,1,-2.4166805487234706,-0.12272886639447794,0.5960124376160185,Hibernating / At-Risk,0
15263,1,156.51,89,12,2.9575,United Kingdom,107,156.51,89.0,0,1.0,0.0,0.0,1,1,1,-2.181430482139548,0.29037536774149236,0.14435704090284707,Hibernating / At-Risk,0
15264,1,393.74,265,23,2.31,United Kingdom,64,393.74,265.0,0,1.0,0.0,0.0,1,1,1,-0.7691482004426942,-0.5447376959106871,0.5389619137670375,Hibernating / At-Risk,0
15265,2,1506.1200000000001,612,76,4.574390243902439,United Kingdom,151,753.0600000000001,306.0,84,0.7142857142857143,0.0,0.0,1,0,0,0.47962386183515515,-1.6860507090943082,0.6991354344252914,Loyal Regulars,0
15266,1,119.3,18,6,6.75,United Kingdom,338,119.3,18.0,0,1.0,0.0,0.0,1,1,1,-3.3377682969561664,0.37257376519043295,0.33795516237113205,Hibernating / At-Risk,0
15267,5,1717.36,944,8,1.8354545454545452,United Kingdom,22,343.472,188.8,160,0.9375,0.0,0.0,1,0,2,1.320111100447319,0.0857876357218759,-0.1861993453181334,Loyal Regulars,0
15269,1,408.8,26,2,74.975,United Kingdom,24,408.8,26.0,0,1.0,0.0,0.0,1,1,1,-1.3901533123349585,-0.11148903327757642,0.17295043648072966,Hibernating / At-Risk,0
15270,7,2379.49,1521,22,6.593658536585365,United Kingdom,16,339.9271428571428,217.28571428571428,294,0.7142857142857142,2.0,0.2222222222222222,1,2,2,1.8830779542070082,-0.030016204118408878,-0.708810964492053,Champions (High-Value),1
15271,15,2493.34,1251,184,2.7929166666666667,United Kingdom,7,166.22266666666667,83.4,358,1.2569832402234637,1.0,0.0625,1,2,2,2.2308840294934704,1.7818761112739003,-0.7359322509772835,Champions (High-Value),1
15272,2,721.94,310,63,4.119047619047619,United Kingdom,57,360.97,155.0,28,2.0,0.0,0.0,1,1,0,-0.051256414370578596,0.6192050850840457,1.5710268308174637,Hibernating / At-Risk,0
15274,2,716.57,619,44,2.0589361702127658,United Kingdom,4,358.285,309.5,14,2.0,0.0,0.0,1,2,0,0.8412963696203699,1.2394694438375617,0.7428490062450886,Champions (High-Value),1
15275,1,615.14,498,41,3.257073170731707,United Kingdom,38,615.14,498.0,0,1.0,1.0,0.5,1,0,0,0.024021434872314434,-0.8858689353122435,0.6419811898850694,Loyal Regulars,0
15276,1,128.63,61,49,2.415714285714286,United Kingdom,66,128.63,61.0,0,1.0,0.0,0.0,1,1,1,-2.387258004458615,0.6414877587940967,-0.14401558635067782,Hibernating / At-Risk,0
15277,1,255.89999999999998,205,12,1.7708333333333333,United Kingdom,47,255.89999999999998,205.0,0,1.0,0.0,0.0,1,1,1,-1.1921258402874984,-0.02795722215903244,0.17536856096632442,Hibernating / At-Risk,0
15279,1,290.51,189,19,3.8610526315789473,United Kingdom,355,290.51,189.0,0,1.0,1.0,0.5,1,1,1,-1.6195507216891645,-0.6933955630323073,0.9358493679847648,Hibernating / At-Risk,0
15280,1,113.12,154,16,0.804375,United Kingdom,172,113.12,154.0,0,1.0,0.0,0.0,1,1,1,-2.388189984642284,0.4194553804136763,0.13078370111336782,Hibernating / At-Risk,0
15281,9,2332.15,1211,121,3.9148201438848917,United Kingdom,59,259.1277777777778,134.55555555555554,274,0.9854014598540146,3.0,0.25,1,2,2,1.5272600048246094,0.3256432053467171,-0.05717658571336657,Champions (High-Value),1
15286,1,240.55,55,3,4.45,United Kingdom,50,240.55,55.0,0,1.0,0.0,0.0,1,1,1,-1.7778299935990285,0.13135321919116116,0.12585608340349683,Hibernating / At-Risk,0
15287,2,486.69,433,17,2.559,United Kingdom,22,243.345,216.5,48,1.25,1.0,0.3333333333333333,1,0,1,-0.1384223712005685,0.5625895513775723,0.18127725631284772,Loyal Regulars,0
15288,5,2306.52,775,80,3.3252272727272727,United Kingdom,43,461.304,155.0,322,0.46583850931677023,0.0,0.0,1,0,2,1.264248034433386,-0.9932280003724239,-0.6191515535488269,Loyal Regulars,0
15289,3,939.78,1008,43,1.2341379310344827,United Kingdom,29,313.26,336.0,220,0.4090909090909091,1.0,0.25,1,0,0,0.5908601877872035,-0.7889014353274115,-0.9995607315435057,Loyal Regulars,0
15290,18,7943.22,4501,93,3.2506862745098037,United Kingdom,5,441.29,250.05555555555554,354,1.5254237288135593,3.0,0.14285714285714285,1,2,2,3.948698144952361,1.142857518242961,0.06414050954307979,Champions (High-Value),1
15291,14,4623.3,2102,61,4.702254901960784,United Kingdom,26,330.2357142857143,150.14285714285714,348,1.206896551724138,5.0,0.2631578947368421,1,2,2,2.6795845254968724,0.669694328417647,0.0461329712101781,Champions (High-Value),1
15292,1,178.39,55,24,4.7195833333333335,United Kingdom,201,178.39,55.0,0,1.0,0.0,0.0,1,1,1,-2.407489059263764,0.03632776815555906,0.4235460934008048,Hibernating / At-Risk,0
15296,6,3672.86,1766,137,3.4776288659793813,United Kingdom,51,612.1433333333333,294.3333333333333,275,0.6545454545454545,4.0,0.4,1,0,2,2.0320576105648422,-1.0459618494478997,-0.05051281462308531,Loyal Regulars,0
15297,3,641.94,292,30,2.7343589743589742,United Kingdom,10,213.98000000000002,97.33333333333333,53,1.6981132075471699,1.0,0.25,1,0,0,0.20814303310567023,1.4446933008821254,0.318217119892151,Loyal Regulars,0
15298,12,4799.9,3116,115,2.3919270833333335,United Kingdom,2,399.9916666666666,259.6666666666667,364,0.989010989010989,2.0,0.14285714285714285,1,2,2,3.3773176388056534,0.7619502033082478,-0.8603716546272151,Champions (High-Value),1
15299,6,3907.01,2947,6,3.268333333333333,United Kingdom,67,651.1683333333334,491.1666666666667,304,0.5921052631578948,4.0,0.4,1,0,2,2.210436899217965,-1.3126849023081268,-0.02225983485398151,Loyal Regulars,0
15300,1,496.44,292,28,2.862142857142857,United Kingdom,64,496.44,292.0,0,1.0,0.0,0.0,1,0,1,-0.5157388290126224,-0.7743037980721453,0.6775726570424165,Loyal Regulars,0
15301,12,5049.95,2751,167,3.013512396694215,United Kingdom,51,420.82916666666665,229.25,317,1.135646687697161,2.0,0.14285714285714285,1,2,2,2.6667787083431005,0.10131490387038045,0.3560246059628091,Champions (High-Value),1
15303,1,574.02,248,31,3.8406451612903227,United Kingdom,290,574.02,248.0,0,1.0,0.0,0.0,1,1,1,-0.8288151692462261,-1.311025547013252,1.2734414228073048,Hibernating / At-Risk,0
15304,8,694.4000000000001,104,8,7.467391304347826,United Kingdom,61,86.80000000000001,13.0,307,0.7817589576547231,2.0,0.2,1,1,1,-0.6161257902777143,1.285507316498137,-1.045331455297486,Hibernating / At-Risk,0
15306,3,1174.35,810,57,2.6510344827586207,United Kingdom,64,391.45,270.0,83,1.0843373493975903,0.0,0.0,1,0,0,0.6350847519083187,-0.3005951674515844,0.547130584252668,Loyal Regulars,0
15307,1,205.3,37,12,6.745833333333334,United Kingdom,96,205.3,37.0,0,1.0,0.0,0.0,1,1,1,-2.2420779761059433,0.139795030936786,0.2436949321481892,Hibernating / At-Risk,0
15308,1,310.47,175,19,4.0336842105263155,United Kingdom,274,310.47,175.0,0,1.0,1.0,0.5,1,1,1,-1.5218769110284327,-0.6786481821900692,0.8841499124020145,Hibernating / At-Risk,0
15311,91,60632.75,38147,567,2.5102324598478445,United Kingdom,1,666.2939560439561,419.1978021978022,373,7.319034852546917,27.0,0.2288135593220339,1,2,2,5.6925873539348855,2.650003513929416,1.739851871539634,Champions (High-Value),1
15312,4,924.85,516,42,2.3721276595744683,United Kingdom,75,231.2125,129.0,279,0.4301075268817204,1.0,0.2,1,0,0,0.09152132489223895,-0.5766503893713731,-0.8802982292649348,Loyal Regulars,0
15313,1,52.0,25,1,2.08,United Kingdom,110,52.0,25.0,0,1.0,0.0,0.0,1,1,1,-3.689965348397674,1.4344632390659726,-0.5194915859817201,Hibernating / At-Risk,0
15314,1,327.97,313,24,1.71375,United Kingdom,199,327.97,313.0,0,1.0,0.0,0.0,1,1,1,-1.1614795250451573,-0.6952042312011825,0.8220848731804464,Hibernating / At-Risk,0
15315,2,570.5,862,35,0.8824324324324324,United Kingdom,64,285.25,431.0,51,1.1764705882352942,1.0,0.3333333333333333,1,0,1,0.0033097421285774664,-0.012514420163038229,0.551139181029671,Loyal Regulars,0
15316,1,165.0,100,1,1.65,United Kingdom,327,165.0,100.0,0,1.0,0.0,0.0,1,1,1,-2.371716145228192,-0.07617051318319382,0.5598229080817068,Hibernating / At-Risk,0
15318,1,312.62,642,33,0.5857575757575758,United Kingdom,4,312.62,642.0,0,1.0,0.0,0.0,1,0,1,0.02117690954680906,0.3021896503275716,-0.4543018107561287,Loyal Regulars,0
15319,1,204.5,175,16,3.24125,United Kingdom,284,204.5,175.0,0,1.0,0.0,0.0,1,1,1,-1.9182915359237263,-0.29129364910585087,0.6517004711085732,Hibernating / At-Risk,0
15320,1,267.13,326,36,3.0636111111111113,United Kingdom,44,267.13,326.0,0,1.0,0.0,0.0,1,1,1,-0.953828809832793,-0.09260869988784218,0.19046911648501114,Hibernating / At-Risk,0
15321,3,2748.31,1181,83,3.425684210526316,United Kingdom,71,916.1033333333334,393.6666666666667,220,0.4090909090909091,1.0,0.25,1,0,2,1.4268703997847971,-2.0673892191206775,-0.06440813278828009,Loyal Regulars,0
15322,1,679.68,416,42,3.1121428571428575,United Kingdom,86,679.68,416.0,0,1.0,1.0,0.5,1,0,0,-0.15942154814967888,-1.1859017760609414,0.9714881650719783,Loyal Regulars,0
15325,1,161.74,231,47,1.1008333333333333,United Kingdom,104,161.74,231.0,0,1.0,0.0,0.0,1,1,1,-1.7709926183239868,0.1817579759272487,0.17867903238734584,Hibernating / At-Risk,0
15326,1,311.71,386,29,1.4520689655172414,United Kingdom,334,311.71,386.0,0,1.0,0.0,0.0,1,1,1,-1.2585243295245256,-0.8076901790029924,0.9748910201496414,Hibernating / At-Risk,0
15327,1,208.75,116,10,4.397,United Kingdom,53,208.75,116.0,0,1.0,0.0,0.0,1,1,1,-1.6338423121991335,0.18415276173405662,0.08169883562375099,Hibernating / At-Risk,0
15329,3,1049.7,486,51,3.6938596491228073,United Kingdom,39,349.90000000000003,162.0,132,0.6818181818181818,2.0,0.4,1,0,0,0.3879430566681691,-0.5039986579837696,-0.33244881768875245,Loyal Regulars,0
15330,2,714.96,1312,10,0.5607692307692308,United Kingdom,32,357.48,656.0,28,2.0,0.0,0.0,1,0,0,0.6512099090054118,0.6542580419299802,1.4093135978995917,Loyal Regulars,0
15332,4,1661.06,652,29,2.841142857142857,Lithuania,366,415.265,163.0,3,4.0,0.0,0.0,0,2,0,0.6997496748547023,1.180487923708976,3.591938243234797,Champions (High-Value),1
15333,1,1028.56,344,16,2.96375,United Kingdom,208,1028.56,344.0,0,1.0,0.0,0.0,1,0,0,-0.07321170826359995,-1.8055178001607723,1.5110591053414146,Loyal Regulars,0
15334,3,347.87,272,66,1.4880412371134022,United Kingdom,157,115.95666666666666,90.66666666666667,16,3.0,0.0,0.0,1,1,0,-0.9484474440898473,2.1976754303785575,2.0359303197366754,Hibernating / At-Risk,0
15335,1,170.22,79,34,2.7897142857142856,United Kingdom,54,170.22,79.0,0,1.0,0.0,0.0,1,1,1,-1.9772176263597177,0.4071516607992165,-0.04138420317478969,Hibernating / At-Risk,0
15339,2,574.07,416,77,2.373953488372093,United Kingdom,66,287.035,208.0,251,0.2390438247011952,1.0,0.3333333333333333,1,0,1,-0.4594025801456077,-1.2476938549077825,-1.1173671326939179,Loyal Regulars,0
15341,1,2020.52,812,17,2.9717647058823533,United Kingdom,81,2020.52,812.0,0,1.0,0.0,0.0,1,0,0,1.1322625082472848,-2.269315663022012,1.6091792872159014,Loyal Regulars,0
15342,1,406.09,283,24,2.368333333333333,United Kingdom,130,406.09,283.0,0,1.0,1.0,0.5,1,1,1,-0.8942059827345326,-0.7731141326873768,0.7995113631189356,Hibernating / At-Risk,0
15343,1,364.5,84,21,6.39047619047619,United Kingdom,87,364.5,84.0,0,1.0,0.0,0.0,1,1,1,-1.3675707626643268,-0.4520657666903217,0.5678777544864865,Hibernating / At-Risk,0
15344,3,563.94,116,21,7.559230769230769,United Kingdom,1,187.98000000000002,38.666666666666664,73,1.2328767123287672,2.0,0.4,1,0,0,0.10461476127802663,1.6879253411138333,-0.9260748290234291,Loyal Regulars,0
15345,1,393.54,81,20,7.730499999999999,United Kingdom,46,393.54,81.0,0,1.0,1.0,0.5,1,1,1,-1.1498536573901073,-0.34907603927910535,0.3965074641122502,Hibernating / At-Risk,0
15346,1,252.42000000000002,144,17,2.5700000000000003,United Kingdom,333,252.42000000000002,144.0,0,1.0,0.0,0.0,1,1,1,-1.8400209046764182,-0.5177669807426725,0.8244669788970351,Hibernating / At-Risk,0
15347,1,201.60000000000002,130,5,2.2700000000000005,United Kingdom,366,201.60000000000002,130.0,0,1.0,0.0,0.0,1,1,1,-2.1125580826021753,-0.32081949869989274,0.7224652177242229,Hibernating / At-Risk,0
15348,1,158.04,84,9,2.1133333333333333,United Kingdom,72,158.04,84.0,0,1.0,0.0,0.0,1,1,1,-2.094597651938379,0.39418334495681634,0.01402249133200786,Hibernating / At-Risk,0
15349,2,463.90999999999997,321,65,2.958450704225352,United Kingdom,158,231.95499999999998,160.5,29,2.0,0.0,0.0,1,1,1,-0.706658222541238,0.7592776788404048,1.6589290023162973,Hibernating / At-Risk,0
15350,1,115.65,51,5,2.6700000000000004,United Kingdom,373,115.65,51.0,0,1.0,0.0,0.0,1,1,1,-2.9925002113442263,0.2873308351632733,0.37622114139900514,Hibernating / At-Risk,0
15351,7,1934.66,742,157,2.856438356164384,United Kingdom,12,276.38,106.0,357,0.5882352941176471,3.0,0.3,1,0,2,1.453491700987302,0.13109027154326167,-1.1666505245283363,Loyal Regulars,0
15353,2,770.12,341,59,3.308360655737705,United Kingdom,255,385.06,170.5,113,0.5309734513274337,0.0,0.0,1,0,0,-0.5423948965138409,-1.3958916103579302,0.1349723327678657,Loyal Regulars,0
15355,2,277.05,45,9,6.114285714285715,United Kingdom,29,138.525,22.5,23,2.0,0.0,0.0,1,1,1,-1.5235334712172128,1.8834863116360991,0.7334890837256025,Hibernating / At-Risk,0
15356,10,2718.03,1643,215,2.0173346693386773,United Kingdom,31,271.803,164.3,336,0.8928571428571429,0.0,0.0,1,2,2,1.9496794371158297,0.3551206399539571,-0.3994676096887035,Champions (High-Value),1
15358,22,8347.2,7050,292,1.9899274047186934,United Kingdom,5,379.41818181818184,320.45454545454544,360,1.8333333333333333,7.0,0.2413793103448276,1,2,2,4.2399091194593,1.586719734647961,0.2834614634476184,Champions (High-Value),1
15360,1,427.93,223,13,2.3515384615384614,United Kingdom,40,427.93,223.0,0,1.0,0.0,0.0,1,1,1,-0.641403811444465,-0.48167053500946777,0.4250709782996973,Hibernating / At-Risk,0
15361,1,418.92,336,7,1.3442857142857143,United Kingdom,362,418.92,336.0,0,1.0,0.0,0.0,1,1,1,-1.059032360777158,-1.0989182362633996,1.1723151432297574,Hibernating / At-Risk,0
15363,1,326.0,144,16,2.9875000000000003,United Kingdom,373,326.0,144.0,0,1.0,1.0,0.5,1,1,1,-1.62885723247696,-0.7894382180746355,1.0096322229866252,Hibernating / At-Risk,0
15364,2,913.19,493,29,1.9779310344827585,United Kingdom,96,456.595,246.5,158,0.379746835443038,0.0,0.0,1,0,0,-0.022823141781797732,-1.5614739973357272,-0.3957984320433025,Loyal Regulars,0
15365,7,2314.32,1084,65,3.088421052631579,United Kingdom,26,330.6171428571429,154.85714285714286,289,0.726643598615917,2.0,0.2222222222222222,1,0,2,1.607732331531739,-0.08416470203775457,-0.5538552111285135,Loyal Regulars,0
15366,2,602.51,621,37,2.4736363636363636,United Kingdom,75,301.255,310.5,282,0.2127659574468085,0.0,0.0,1,0,0,-0.2959931773797571,-1.413363795667507,-1.0985510984189517,Loyal Regulars,0
15367,4,1877.59,1057,91,2.9531578947368424,United Kingdom,57,469.3975,264.25,218,0.5504587155963303,1.0,0.2,1,0,2,1.1258056832275736,-1.0565216405529083,-0.30031035053071936,Loyal Regulars,0
15368,1,446.94000000000005,230,4,3.56,United Kingdom,21,446.94000000000005,230.0,0,1.0,0.0,0.0,1,0,1,-0.42943301001508316,-0.35436090612977356,0.23757481891095317,Loyal Regulars,0
15370,7,2386.05,830,65,3.799255319148936,United Kingdom,41,340.86428571428576,118.57142857142857,291,0.7216494845360826,1.0,0.125,1,0,2,1.417025572882546,-0.21758005929261098,-0.39971776156049965,Loyal Regulars,0
15372,1,2007.3999999999999,2924,27,0.8248148148148148,United Kingdom,137,2007.3999999999999,2924.0,0,1.0,0.0,0.0,1,0,0,1.4969119450217403,-2.521664150891966,1.8176343313617582,Loyal Regulars,0
15373,12,2415.91,500,74,5.201363636363637,United Kingdom,8,201.32583333333332,41.666666666666664,363,0.9917355371900827,1.0,0.07692307692307693,1,2,2,1.7386101039128732,1.280448716095986,-0.9294743951135642,Champions (High-Value),1
15374,1,168.0,126,3,3.8166666666666664,United Kingdom,129,168.0,126.0,0,1.0,0.0,0.0,1,1,1,-2.027775819029777,0.141071968034365,0.2584816533948952,Hibernating / At-Risk,0
15376,3,1221.56,615,100,2.8948275862068966,United Kingdom,40,407.18666666666667,205.0,182,0.4945054945054945,0.0,0.0,1,0,0,0.5785196397753145,-0.9460115468706377,-0.5774921558110565,Loyal Regulars,0
15379,7,3703.29,2305,145,2.5399484536082473,United Kingdom,169,529.0414285714286,329.2857142857143,189,1.1111111111111112,1.0,0.125,1,2,0,1.9326024222116598,-0.6478695344369004,0.9674963329617181,Champions (High-Value),1
15380,5,1690.2600000000002,376,22,6.140555555555555,United Kingdom,9,338.052,75.2,356,0.42134831460674155,1.0,0.16666666666666666,1,0,0,1.0610070394699975,-0.29428865266037174,-1.4204347222680778,Loyal Regulars,0
15381,2,596.85,171,8,6.2,United Kingdom,214,298.425,85.5,54,1.1111111111111112,0.0,0.0,1,1,1,-0.9056330923464981,-0.30957961818367025,0.8562650551518372,Hibernating / At-Risk,0
15382,6,5955.71,4012,193,2.4367549668874173,United Kingdom,15,992.6183333333333,668.6666666666666,280,0.6428571428571428,2.0,0.25,1,2,2,3.1045199090804614,-1.2723743677159831,-0.17070870011267383,Champions (High-Value),1
15384,2,642.41,596,34,1.8617073170731706,United Kingdom,170,321.205,298.0,189,0.31746031746031744,1.0,0.3333333333333333,1,0,0,-0.43467839821968596,-1.5050704196240996,-0.5389716559394903,Loyal Regulars,0
15385,1,316.88,161,12,2.22,United Kingdom,40,316.88,161.0,0,1.0,0.0,0.0,1,1,1,-1.0480005985033276,-0.16634772129748082,0.24027650865865757,Hibernating / At-Risk,0
15386,1,394.14,446,31,1.3864516129032256,United Kingdom,186,394.14,446.0,0,1.0,0.0,0.0,1,1,1,-0.8345500202373143,-0.8835062985589418,0.9160911866263378,Hibernating / At-Risk,0
15388,1,140.54,88,10,2.0629999999999997,Canada,270,140.54,88.0,0,1.0,0.0,0.0,0,1,1,-2.521056944712984,0.14004729712066877,0.3971422429804637,Hibernating / At-Risk,0
15389,1,500.0,400,1,1.25,United Kingdom,172,500.0,400.0,0,1.0,0.0,0.0,1,0,1,-0.6363242449909502,-1.0790138294645621,1.0262036961746086,Loyal Regulars,0
15392,4,1535.53,1277,74,2.1430952380952384,United Kingdom,5,383.8825,319.25,355,0.3380281690140845,1.0,0.2,1,0,2,1.5487296064271885,-0.5933072791112897,-1.6277970248115032,Loyal Regulars,0
15393,2,231.86,150,10,1.5783333333333334,United Kingdom,16,115.93,75.0,264,0.22727272727272727,0.0,0.0,1,1,1,-1.3515890588665844,0.0610103953449142,-2.1738243624307616,Hibernating / At-Risk,0
15394,4,2183.54,910,54,3.2396470588235293,United Kingdom,10,545.885,227.5,348,0.3448275862068966,0.0,0.0,1,0,2,1.5891567493409995,-1.0538574078434804,-1.2067401958220132,Loyal Regulars,0
15395,1,107.45,17,7,6.542857142857143,United Kingdom,326,107.45,17.0,0,1.0,0.0,0.0,1,1,1,-3.4463916580915375,0.4864113087331751,0.2631383621764877,Hibernating / At-Risk,0
15396,1,288.18,122,14,3.599285714285714,United Kingdom,113,288.18,122.0,0,1.0,0.0,0.0,1,1,1,-1.5065122221856322,-0.3329128486702224,0.5286289807931598,Hibernating / At-Risk,0
15397,1,94.0,20,6,4.933333333333334,United Kingdom,290,94.0,20.0,0,1.0,0.0,0.0,1,1,1,-3.479132749877775,0.6311465888260711,0.1491901824334963,Hibernating / At-Risk,0
15398,2,1345.53,769,60,2.694794520547945,United Kingdom,16,672.765,384.5,62,0.9677419354838709,1.0,0.3333333333333333,1,0,0,1.0683769082214982,-0.6806810542524468,0.2935850557548399,Loyal Regulars,0
15399,3,815.77,611,45,1.9098,United Kingdom,1,271.92333333333335,203.66666666666666,77,1.1688311688311688,0.0,0.0,1,0,2,1.0897562034997512,1.1214802090070097,-0.7523764842760793,Loyal Regulars,0
15400,5,716.2,390,10,2.1041666666666665,United Kingdom,92,143.24,78.0,186,0.8064516129032258,1.0,0.16666666666666666,1,0,1,-0.218990958911717,0.45217196792320496,-0.44866381552370266,Loyal Regulars,0
15402,2,626.35,693,34,3.5829268292682928,United Kingdom,149,313.175,346.5,47,1.2765957446808511,0.0,0.0,1,0,1,-0.1960377217266433,-0.2095114089370515,1.0202582631510564,Loyal Regulars,0
15405,1,349.1,193,8,3.6,United Kingdom,189,349.1,193.0,0,1.0,0.0,0.0,1,1,1,-1.2799464098650666,-0.6972167324069434,0.8285014546237282,Hibernating / At-Risk,0
15406,2,510.71000000000004,254,51,3.2645283018867928,United Kingdom,31,255.35500000000002,127.0,269,0.22304832713754646,2.0,0.5,1,0,1,-0.5763586816472767,-0.9182388317675109,-1.4909912587432397,Loyal Regulars,0
15407,4,1046.74,552,142,3.9759459459459454,United Kingdom,34,261.685,138.0,271,0.44280442804428044,0.0,0.0,1,0,0,0.43437801611788557,-0.4667238231372278,-1.0461802498823305,Loyal Regulars,0
15408,1,267.18,106,34,4.476176470588236,United Kingdom,264,267.18,106.0,0,1.0,0.0,0.0,1,1,1,-1.8476691817378321,-0.48074935970090593,0.7703458257883974,Hibernating / At-Risk,0
15410,8,3450.84,1200,48,3.8858196721311473,United Kingdom,84,431.355,150.0,177,1.3559322033898304,0.0,0.0,1,2,0,1.8370209097469614,0.09373580955899846,0.8901563217847172,Champions (High-Value),1
15411,4,1348.93,529,86,4.054693877551021,United Kingdom,26,337.2325,132.25,156,0.7692307692307692,1.0,0.2,1,0,0,0.7829473926981582,-0.16722064898830102,-0.3853872624752484,Loyal Regulars,0
15412,1,190.53,108,10,3.471,United Kingdom,171,190.53,108.0,0,1.0,0.0,0.0,1,1,1,-2.0431235442849447,-0.041833718854621844,0.4242846371365521,Hibernating / At-Risk,0
15414,3,774.9000000000001,443,37,3.2115384615384617,United Kingdom,10,258.3,147.66666666666666,232,0.3879310344827586,0.0,0.0,1,0,0,0.3407927364171646,-0.289560312412583,-1.5234675799445376,Loyal Regulars,0
15415,1,559.61,551,46,1.7710638297872339,United Kingdom,313,559.61,551.0,0,1.0,0.0,0.0,1,0,1,-0.55851610150501,-1.3793523766973699,1.3054634990038703,Loyal Regulars,0
15416,4,3984.32,2090,165,3.266666666666667,United Kingdom,65,996.08,522.5,218,0.5504587155963303,1.0,0.2,1,0,2,2.06088685472781,-1.8710217710309673,0.20402252354495018,Loyal Regulars,0
15417,1,508.8,284,28,1.8735714285714287,United Kingdom,85,508.8,284.0,0,1.0,0.0,0.0,1,0,1,-0.5754984332728501,-0.8723802300918356,0.7874493203251909,Loyal Regulars,0
15419,1,135.86,230,8,1.3112499999999998,United Kingdom,25,135.86,230.0,0,1.0,0.0,0.0,1,1,1,-1.5764049945832976,0.7321076414283297,-0.40279121481811503,Hibernating / At-Risk,0
15421,4,950.36,500,40,2.674150943396226,United Kingdom,59,237.59,125.0,251,0.4780876494023904,0.0,0.0,1,0,0,0.17518422236331285,-0.45924065482479437,-0.8489220345313591,Loyal Regulars,0
15422,2,97.7,38,6,3.016666666666667,United Kingdom,323,48.85,19.0,0,2.0,0.0,0.0,1,1,1,-3.159395749916026,2.2264933061781207,0.9404921591627092,Hibernating / At-Risk,0
15423,1,43.5,101,2,3.93,United Kingdom,38,43.5,101.0,0,1.0,0.0,0.0,1,1,1,-2.968124576709457,1.7458636279607753,-0.9352362129326603,Hibernating / At-Risk,0
15424,2,383.34,554,17,1.7388235294117649,United Kingdom,254,191.67,277.0,0,2.0,0.0,0.0,1,1,1,-0.7903359561249159,0.7615688381136393,1.7236628096042106,Hibernating / At-Risk,0
15426,5,1404.07,656,217,2.7009454545454545,United Kingdom,19,280.81399999999996,131.2,350,0.4285714285714286,2.0,0.2857142857142857,1,0,0,0.9312848730019103,-0.3469731326910175,-1.2616929216097708,Loyal Regulars,0
15427,3,1430.54,967,233,2.1052054794520547,United Kingdom,33,476.84666666666664,322.3333333333333,13,3.0,0.0,0.0,1,2,0,1.2560217989301654,1.1622711510184804,2.3698657626778727,Champions (High-Value),1
15428,1,93.78,102,6,1.8633333333333333,United Kingdom,15,93.78,102.0,0,1.0,0.0,0.0,1,1,1,-2.112157432636999,1.2894234691530473,-0.806883637665753,Hibernating / At-Risk,0
15429,2,397.35,380,77,2.0679268292682926,United Kingdom,27,198.675,190.0,48,1.25,1.0,0.3333333333333333,1,1,1,-0.42830074064409873,0.7129905531486048,0.1266057952664497,Hibernating / At-Risk,0
15432,1,171.19,65,10,2.909,United Kingdom,23,171.19,65.0,0,1.0,0.0,0.0,1,1,1,-1.8352582016450252,0.6475137175064863,-0.3279259030477854,Hibernating / At-Risk,0
15433,2,533.3,534,40,1.2573170731707317,United Kingdom,214,266.65,267.0,53,1.1320754716981132,1.0,0.3333333333333333,1,1,1,-0.5603757092332383,-0.28192454623596297,0.8491083561993125,Hibernating / At-Risk,0
15434,5,1041.48,647,40,3.250181818181818,United Kingdom,8,208.296,129.4,191,0.7853403141361257,1.0,0.16666666666666666,1,0,2,0.9219422585068642,0.6675096521688516,-1.0531368897939595,Loyal Regulars,0
15435,1,149.29,54,29,3.7351724137931037,United Kingdom,22,149.29,54.0,0,1.0,0.0,0.0,1,1,1,-2.022814110618428,0.8055655711933142,-0.427364191012702,Hibernating / At-Risk,0
15436,3,1067.75,574,243,2.2354982817869415,United Kingdom,12,355.9166666666667,191.33333333333334,221,0.4072398190045249,0.0,0.0,1,0,0,0.7019216301219815,-0.6325400970513905,-1.230468794786534,Loyal Regulars,0
15437,1,200.16,79,44,2.845333333333333,United Kingdom,262,200.16,79.0,0,1.0,0.0,0.0,1,1,1,-2.228003177700681,-0.17785093371771732,0.5909172641088534,Hibernating / At-Risk,0
15438,1,156.57999999999998,59,25,3.5376,United Kingdom,131,156.57999999999998,59.0,0,1.0,0.0,0.0,1,1,1,-2.3920524145123547,0.27114222551636413,0.2029342205767386,Hibernating / At-Risk,0
15440,3,383.68,197,50,2.338709677419355,United Kingdom,55,127.89333333333333,65.66666666666667,154,0.5844155844155844,0.0,0.0,1,1,1,-1.005141805704369,0.30494474739278393,-1.006114666305864,Hibernating / At-Risk,0
15442,1,594.0,120,2,4.95,United Kingdom,249,594.0,120.0,0,1.0,0.0,0.0,1,1,1,-1.0422208835966615,-1.2368978418941783,1.2224994137999292,Hibernating / At-Risk,0
15443,7,3213.59,1639,237,3.003978494623656,United Kingdom,2,459.0842857142857,234.14285714285714,318,0.6603773584905661,1.0,0.125,1,2,2,2.6263523181271022,0.08181320268716542,-1.2205710368603953,Champions (High-Value),1
15444,2,1411.21,759,191,2.833317757009346,United Kingdom,9,705.605,379.5,31,1.9354838709677418,0.0,0.0,1,2,0,1.367314064844259,0.33449456553089646,1.3201017242043553,Champions (High-Value),1
15445,1,113.5,58,5,5.55,United Kingdom,264,113.5,58.0,0,1.0,0.0,0.0,1,1,1,-2.8746009067004237,0.3856878589144506,0.25393703109109156,Hibernating / At-Risk,0
15447,1,155.17,85,9,3.121111111111111,United Kingdom,331,155.17,85.0,0,1.0,0.0,0.0,1,1,1,-2.4949627984235834,-0.006744530449104248,0.5238582291336092,Hibernating / At-Risk,0
15448,1,494.64,232,28,3.5778571428571424,United Kingdom,313,494.64,232.0,0,1.0,0.0,0.0,1,1,1,-1.0127900324421828,-1.1841192007881436,1.2104119339128487,Hibernating / At-Risk,0
15449,3,974.52,812,47,1.901166666666667,United Kingdom,26,324.84,270.6666666666667,235,0.3829787234042553,2.0,0.4,1,0,0,0.560758610679969,-0.8177261707632677,-1.0753359413694548,Loyal Regulars,0
15450,1,429.84,376,30,2.1726666666666667,United Kingdom,30,429.84,376.0,0,1.0,0.0,0.0,1,0,0,-0.360687362192485,-0.4557224892395928,0.3452775788808321,Loyal Regulars,0
15452,3,528.48,280,47,2.52875,United Kingdom,30,176.16,93.33333333333333,234,0.38461538461538464,0.0,0.0,1,0,1,-0.46073149898488264,-0.17534090501858415,-1.410856878196594,Loyal Regulars,0
15453,7,1371.77,837,169,2.5548745519713263,United Kingdom,2,195.96714285714285,119.57142857142857,185,1.135135135135135,0.0,0.0,1,2,2,1.648723437885075,1.5269701316425701,-0.9948955797620006,Champions (High-Value),1
15454,1,179.1,86,23,2.782,United Kingdom,362,179.1,86.0,0,1.0,0.0,0.0,1,1,1,-2.3805139936240347,-0.16854536081853708,0.6387174015294327,Hibernating / At-Risk,0
15456,3,434.59000000000003,633,48,1.648103448275862,United Kingdom,283,144.86333333333334,211.0,75,1.2,0.0,0.0,1,1,1,-0.7458275184415594,0.384248972239028,0.6240709195891708,Hibernating / At-Risk,0
15457,1,237.07,132,56,1.8825862068965518,United Kingdom,262,237.07,132.0,0,1.0,0.0,0.0,1,1,1,-1.8709968506700168,-0.38447996451559185,0.703352511556324,Hibernating / At-Risk,0
15458,1,161.64,156,7,1.2242857142857144,United Kingdom,25,161.64,156.0,0,1.0,0.0,0.0,1,1,1,-1.5677247215595866,0.6020093461538936,-0.31133734035096006,Hibernating / At-Risk,0
15460,1,214.26,107,53,2.884642857142857,United Kingdom,354,214.26,107.0,0,1.0,0.0,0.0,1,1,1,-2.1236059491497556,-0.35218723545627617,0.7416641062560468,Hibernating / At-Risk,0
15462,3,234.6,172,9,1.55,United Kingdom,94,78.2,57.333333333333336,92,0.9782608695652173,0.0,0.0,1,1,1,-1.5799065599206195,1.1438588137791195,-0.459316177724467,Hibernating / At-Risk,0
15463,1,126.14,106,7,1.8557142857142856,United Kingdom,29,126.14,106.0,0,1.0,0.0,0.0,1,1,1,-1.9846520093136875,0.8322760532329034,-0.41712813646737673,Hibernating / At-Risk,0
15464,1,1044.65,348,155,4.2381290322580645,United Kingdom,338,1044.65,348.0,0,1.0,0.0,0.0,1,0,0,-0.17813207481531115,-1.954608266488526,1.686610998849107,Loyal Regulars,0
15465,18,7354.62,1257,43,6.698762886597938,United Kingdom,20,408.59,69.83333333333333,349,1.5472779369627507,6.0,0.25,1,2,2,3.056881890042677,1.0054841353921447,0.44130333019478957,Champions (High-Value),1
15466,1,334.53,246,56,1.9087719298245613,United Kingdom,85,334.53,246.0,0,1.0,0.0,0.0,1,1,1,-1.0213832402224767,-0.4599733967568801,0.5375458310257974,Hibernating / At-Risk,0
15467,3,524.88,310,41,2.2582692307692307,United Kingdom,9,174.96,103.33333333333333,142,0.6338028169014085,1.0,0.25,1,0,1,-0.08607852945678782,0.5115667379688699,-1.3121418787838177,Loyal Regulars,0
15468,2,467.51,155,24,4.485833333333333,United Kingdom,51,233.755,77.5,0,2.0,3.0,0.6,1,1,1,-0.6984845851386678,1.1250106973424518,1.2606149993111107,Hibernating / At-Risk,0
15469,2,538.55,153,24,6.004166666666666,United Kingdom,50,269.275,76.5,69,0.8695652173913044,2.0,0.5,1,1,0,-0.7136507869347755,-0.08285814039934962,-0.05989746139891733,Hibernating / At-Risk,0
15471,1,454.48,256,67,2.006027397260274,United Kingdom,2,454.48,256.0,0,1.0,0.0,0.0,1,0,1,0.1384996133759238,0.16898440595798245,-0.4341521108251229,Loyal Regulars,0
15472,1,371.56,251,76,2.2892105263157894,United Kingdom,113,371.56,251.0,0,1.0,0.0,0.0,1,1,1,-0.9882054876383074,-0.6394102833973139,0.6964822158513431,Hibernating / At-Risk,0
15473,7,1771.2,672,4,2.659090909090909,United Kingdom,14,253.02857142857144,96.0,46,4.565217391304348,3.0,0.3,1,2,0,1.6388812464725968,2.714685739758149,2.1002164398779053,Champions (High-Value),1
15475,1,454.10999999999996,319,29,1.8268965517241378,United Kingdom,77,454.10999999999996,319.0,0,1.0,0.0,0.0,1,0,1,-0.6105610622099663,-0.747515150720324,0.6901653728090215,Loyal Regulars,0
15478,2,1399.92,575,34,3.412954545454545,United Kingdom,40,699.96,287.5,16,2.0,0.0,0.0,1,0,0,0.8959853013674502,0.02802597896440598,1.8569558487703486,Loyal Regulars,0
15480,1,905.5,303,45,4.2637777777777774,Malta,116,905.5,303.0,0,1.0,0.0,0.0,0,0,0,-0.09294602274331955,-1.5127292164051969,1.2335718741613015,Loyal Regulars,0
15482,11,10839.76,5003,45,3.3798958333333338,United Kingdom,16,985.4327272727273,454.8181818181818,343,0.9620991253644314,4.0,0.26666666666666666,1,2,2,3.8607439564285957,-0.6816885287652908,0.2554013029759363,Champions (High-Value),1
15483,4,225.26,291,74,1.609047619047619,United Kingdom,161,56.315,72.75,105,1.1428571428571428,0.0,0.0,1,1,1,-1.5093476270939064,1.5268664060435808,-0.26497480607723645,Hibernating / At-Risk,0
15484,4,3590.41,3150,135,2.1766844919786097,United Kingdom,1,897.6025,787.5,77,1.5584415584415583,1.0,0.2,1,2,0,3.176192703340131,0.29822833137039434,0.4315456398524161,Champions (High-Value),1
15485,3,2564.5,1281,59,3.2141176470588233,United Kingdom,30,854.8333333333334,427.0,343,0.26239067055393583,0.0,0.0,1,0,2,1.5762654704166645,-2.0275210092064175,-0.7170414688173443,Loyal Regulars,0
15488,1,91.32000000000001,73,2,8.03,United Kingdom,93,91.32000000000001,73.0,0,1.0,0.0,0.0,1,1,1,-2.7204263990236126,0.8564836678340013,-0.22282556361358327,Hibernating / At-Risk,0
15489,3,1134.28,608,47,2.978,United Kingdom,23,378.0933333333333,202.66666666666666,188,0.4787234042553192,1.0,0.25,1,0,0,0.6390031040406472,-0.7510601554774579,-0.836592699956772,Loyal Regulars,0
15491,6,3100.09,1646,108,3.89538961038961,United Kingdom,95,516.6816666666667,274.3333333333333,140,1.2857142857142856,1.0,0.14285714285714285,1,2,0,1.7896352471076737,-0.30902168424246323,1.0128546052558327,Champions (High-Value),1
15492,2,659.4599999999999,483,32,2.5388571428571427,United Kingdom,28,329.72999999999996,241.5,46,1.3043478260869565,0.0,0.0,1,0,1,0.13465720358902386,0.25423017407020093,0.512392003734237,Loyal Regulars,0
15493,5,1953.41,551,177,4.404325259515571,United Kingdom,33,390.682,110.2,238,0.6302521008403361,2.0,0.2857142857142857,1,0,0,1.0745975092000144,-0.49046868945403393,-0.500274793368155,Loyal Regulars,0
15494,2,1280.58,1139,120,2.3878688524590164,United Kingdom,21,640.29,569.5,99,0.6060606060606061,0.0,0.0,1,0,0,1.0479209228741033,-1.2035583353231885,-0.23639870833269688,Loyal Regulars,0
15497,2,1262.2,624,13,3.5933333333333333,United Kingdom,18,631.1,312.0,302,0.19867549668874174,1.0,0.3333333333333333,1,0,0,0.7448374762723023,-1.7633311993315326,-1.1748863668247749,Loyal Regulars,0
15498,27,13316.4,6105,360,3.17880859375,United Kingdom,3,493.2,226.11111111111111,364,2.2252747252747254,8.0,0.22857142857142856,1,2,2,4.796320830598021,1.8372599141616888,0.6322204892111613,Champions (High-Value),1
15500,4,1131.56,572,64,4.561323529411765,United Kingdom,8,282.89,143.0,73,1.6438356164383563,0.0,0.0,1,2,0,1.0561438143377473,1.2129018870733428,0.322351819719529,Champions (High-Value),1
15502,10,6923.98,4232,163,3.507224880382775,United Kingdom,16,692.3979999999999,423.2,353,0.8498583569405098,11.0,0.5238095238095238,1,2,2,3.3465437803288456,-0.4993614010055221,-0.11077605271058585,Champions (High-Value),1
15503,1,141.04,70,66,2.085909090909091,United Kingdom,363,141.04,70.0,0,1.0,0.0,0.0,1,1,1,-2.6823099148464027,0.07572720494400888,0.4946411547858094,Hibernating / At-Risk,0
15504,1,52.83,33,13,2.2315384615384617,United Kingdom,81,52.83,33.0,0,1.0,0.0,0.0,1,1,1,-3.4939613343829317,1.4792864976297782,-0.6075192167602699,Hibernating / At-Risk,0
15505,5,3610.96,2390,90,2.352061855670103,United Kingdom,53,722.192,478.0,102,1.4705882352941178,2.0,0.2857142857142857,1,2,2,2.2333806574429995,-0.3863683938688699,1.2854577354022594,Champions (High-Value),1
15506,3,972.08,842,121,1.793229813664596,United Kingdom,23,324.0266666666667,280.6666666666667,116,0.7758620689655172,0.0,0.0,1,0,0,0.680271847362391,-0.21522565134591243,-0.3779588570787043,Loyal Regulars,0
15507,1,475.86,160,41,3.96,United Kingdom,172,475.86,160.0,0,1.0,0.0,0.0,1,1,1,-1.0415828287719386,-0.9497595614275395,0.973267003504292,Hibernating / At-Risk,0
15508,6,1000.27,440,78,3.392608695652174,United Kingdom,189,166.71166666666667,73.33333333333333,46,3.913043478260869,0.0,0.0,1,1,0,0.2752239128150327,2.3971632423872262,2.7464862811500024,Hibernating / At-Risk,0
15510,1,250.0,2,1,125.0,United Kingdom,331,250.0,2.0,0,1.0,0.0,0.0,1,1,1,-2.787301489622447,-0.2922002122777647,0.7542948589647674,Hibernating / At-Risk,0
15511,5,900.53,269,117,3.988860759493671,United Kingdom,12,180.106,53.8,73,2.0547945205479454,0.0,0.0,1,2,0,0.5143577909397063,2.0095486307142187,0.551096489212503,Champions (High-Value),1
15512,2,121.0,68,7,1.95,United Kingdom,156,60.5,34.0,203,0.2955665024630542,0.0,0.0,1,1,1,-2.8126889818883014,0.25678709388574056,-1.649162480896725,Hibernating / At-Risk,0
15513,19,14758.220000000001,5709,183,4.107370129870129,United Kingdom,33,776.7484210526317,300.4736842105263,340,1.676470588235294,3.0,0.13636363636363635,1,2,2,4.200949278344447,0.25786452386151987,1.1582217612600891,Champions (High-Value),1
15514,11,4023.7200000000003,2098,96,2.3234939759036144,United Kingdom,12,365.7927272727273,190.72727272727272,352,0.9375000000000001,2.0,0.15384615384615385,1,2,2,2.661561459410158,0.3866130320669452,-0.478969193742106,Champions (High-Value),1
15516,3,62.43,27,15,2.7786666666666666,United Kingdom,45,20.81,9.0,1,3.0,0.0,0.0,1,1,1,-2.7507248650955147,3.7359372930949357,0.9498362419422799,Hibernating / At-Risk,0
15517,1,267.03,293,27,1.807777777777778,United Kingdom,233,267.03,293.0,0,1.0,0.0,0.0,1,1,1,-1.4183913019269583,-0.5368625115829206,0.7537314722694614,Hibernating / At-Risk,0
15518,8,1921.55,1263,135,2.462047619047619,United Kingdom,64,240.19375,157.875,268,0.8955223880597015,5.0,0.38461538461538464,1,0,2,1.3143349799019641,0.22417335883649708,-0.18625984262762094,Loyal Regulars,0
15520,1,343.5,314,18,1.7244444444444444,United Kingdom,2,343.5,314.0,0,1.0,0.0,0.0,1,0,1,-0.04144184065936616,0.41740454714473485,-0.5931613336990629,Loyal Regulars,0
15521,8,3000.2,1836,116,3.418594594594594,United Kingdom,40,375.025,229.5,214,1.1214953271028036,5.0,0.38461538461538464,1,2,2,2.0285267715023005,0.15039217531399432,0.25919272305826324,Champions (High-Value),1
15522,2,397.99,572,47,0.9516071428571429,United Kingdom,33,198.995,286.0,54,1.1111111111111112,0.0,0.0,1,1,1,-0.3356059951704653,0.4757842835734617,0.016767729870130324,Hibernating / At-Risk,0
15523,1,412.01000000000005,132,10,3.6310000000000002,United Kingdom,84,412.01000000000005,132.0,0,1.0,0.0,0.0,1,1,1,-1.0686249302104913,-0.599503472810374,0.6395917421718282,Hibernating / At-Risk,0
15524,1,440.0,4,1,110.0,United Kingdom,25,440.0,4.0,0,1.0,0.0,0.0,1,1,1,-1.609989638915686,-0.12883071031700066,0.21111734078168537,Hibernating / At-Risk,0
15525,3,731.87,385,132,2.6207096774193546,United Kingdom,2,243.95666666666668,128.33333333333334,371,0.2425876010781671,1.0,0.25,1,0,0,0.5312136418516568,-0.11724245638003992,-2.333530426231441,Loyal Regulars,0
15526,2,148.44,24,4,5.494999999999999,United Kingdom,33,74.22,12.0,0,2.0,0.0,0.0,1,1,1,-2.372357445468244,2.494263950068334,0.3968045041296127,Hibernating / At-Risk,0
15527,8,2428.53,991,127,3.3318518518518516,United Kingdom,19,303.56625,123.875,335,0.7164179104477613,2.0,0.2,1,2,2,1.7077255679374816,0.12115002529683286,-0.7532009734721556,Champions (High-Value),1
15528,1,229.33,123,26,2.6076923076923078,United Kingdom,254,229.33,123.0,0,1.0,0.0,0.0,1,1,1,-1.9214482911296242,-0.33809892954667164,0.6714594995402495,Hibernating / At-Risk,0
15529,11,3960.05,3454,414,1.7268683812405448,United Kingdom,23,360.00454545454545,314.0,343,0.9620991253644314,1.0,0.08333333333333333,1,2,2,2.6897823798044027,0.21688656501446887,-0.22745443139225663,Champions (High-Value),1
15530,4,1497.31,938,90,2.8661682242990656,United Kingdom,22,374.3275,234.5,225,0.5333333333333333,0.0,0.0,1,0,0,1.1019006074196533,-0.6006525278480405,-0.7868047389510783,Loyal Regulars,0
15531,2,1972.39,1085,196,3.0354337899543378,United Kingdom,8,986.195,542.5,22,2.0,0.0,0.0,1,2,0,1.8530519685409892,0.06164147352341712,1.5542382211061745,Champions (High-Value),1
15532,4,1554.83,513,204,3.90164,United Kingdom,25,388.7075,128.25,332,0.3614457831325301,2.0,0.3333333333333333,1,0,0,0.8314942137007474,-0.8876144700497005,-1.0894195768023907,Loyal Regulars,0
15533,3,807.57,289,73,4.041927710843374,United Kingdom,19,269.19,96.33333333333333,69,1.3043478260869565,2.0,0.4,1,0,1,0.21525273119855698,0.7023401960754063,0.1919993753425666,Loyal Regulars,0
15535,4,502.9,135,55,4.718055555555555,United Kingdom,173,125.725,33.75,154,0.7792207792207791,3.0,0.42857142857142855,1,1,1,-1.1439676010847692,0.3927332046525383,-0.342276508645594,Hibernating / At-Risk,0
15537,1,110.92,29,24,3.862083333333333,United Kingdom,163,110.92,29.0,0,1.0,0.0,0.0,1,1,1,-3.0391717138241012,0.6004892020177867,0.058010840569503376,Hibernating / At-Risk,0
15539,1,538.46,410,41,1.343658536585366,United Kingdom,7,538.46,410.0,0,1.0,0.0,0.0,1,0,1,0.22967232105559432,-0.3050758024995706,0.014596451742048638,Loyal Regulars,0
15540,1,213.3,200,15,1.7133333333333334,United Kingdom,11,213.3,200.0,0,1.0,0.0,0.0,1,1,1,-1.0155193410416392,0.529328409160423,-0.40811993830210896,Hibernating / At-Risk,0
15541,1,85.13000000000001,49,29,2.0941379310344828,United Kingdom,114,85.13000000000001,49.0,0,1.0,0.0,0.0,1,1,1,-2.991056349316995,0.9024895384873611,-0.2046679209579574,Hibernating / At-Risk,0
15543,1,127.86,86,26,2.1992857142857143,United Kingdom,288,127.86,86.0,0,1.0,0.0,0.0,1,1,1,-2.6338813720004572,0.2140197629156166,0.36340449307715134,Hibernating / At-Risk,0
15544,9,3546.71,3109,122,1.5977992277992277,United Kingdom,9,394.0788888888889,345.44444444444446,363,0.7438016528925621,2.0,0.18181818181818182,1,2,2,2.7067774260332396,0.038939283154745125,-0.785098122208726,Champions (High-Value),1
15545,2,288.96999999999997,162,78,2.67875,United Kingdom,54,144.48499999999999,81.0,316,0.189873417721519,0.0,0.0,1,1,1,-1.4263256913197424,-0.5364766411850916,-1.715430404853093,Hibernating / At-Risk,0
15547,14,4910.6,3999,441,2.601798561151079,United Kingdom,7,350.75714285714287,285.64285714285717,354,1.1864406779661016,0.0,0.0,1,2,2,3.297472303507957,0.8682664290581315,-0.3469577622991243,Champions (High-Value),1
15549,3,1677.71,691,103,3.305132743362832,United Kingdom,77,559.2366666666667,230.33333333333334,239,0.37656903765690375,1.0,0.25,1,0,0,0.7291837911977523,-1.6238079564726717,-0.40992913738520637,Loyal Regulars,0
15550,4,575.63,295,43,2.803934426229508,United Kingdom,4,143.9075,73.75,297,0.40404040404040403,0.0,0.0,1,0,0,0.12338488522054208,0.6317768111708999,-2.161484247145978,Loyal Regulars,0
15551,1,436.06,218,29,3.9306896551724138,United Kingdom,37,436.06,218.0,0,1.0,0.0,0.0,1,1,1,-0.6133403382283639,-0.476641084675526,0.40943090854391906,Hibernating / At-Risk,0
15552,1,90.12,60,17,1.7841176470588236,United Kingdom,217,90.12,60.0,0,1.0,0.0,0.0,1,1,1,-3.0241576400082457,0.6546207866874355,0.05334783860407498,Hibernating / At-Risk,0
15553,1,428.93,449,51,2.378727272727273,United Kingdom,60,428.93,449.0,0,1.0,0.0,0.0,1,0,1,-0.4663677704489377,-0.6560964548723854,0.5811549246407268,Loyal Regulars,0
15554,1,217.2,74,14,4.810714285714285,United Kingdom,278,217.2,74.0,0,1.0,0.0,0.0,1,1,1,-2.1928195842052958,-0.26597736309210224,0.6573622410717902,Hibernating / At-Risk,0
15555,16,4791.87,4397,400,1.7103841807909606,United Kingdom,12,299.491875,274.8125,357,1.3445378151260503,4.0,0.2,1,2,2,3.2298371484879818,1.0864974210619185,-0.09264041619743686,Champions (High-Value),1
15556,1,279.77,236,31,1.7899999999999998,United Kingdom,24,279.77,236.0,0,1.0,0.0,0.0,1,1,1,-0.8870909320732514,0.05427646304216802,0.007266599703220754,Hibernating / At-Risk,0
15557,1,468.91,213,16,3.7052631578947373,United Kingdom,29,468.91,213.0,0,1.0,0.0,0.0,1,0,1,-0.4943898306753449,-0.47866057523966776,0.37028062273615403,Loyal Regulars,0
15561,4,800.59,267,27,4.274814814814815,United Kingdom,12,200.1475,66.75,203,0.5911330049261084,1.0,0.2,1,0,0,0.18424724877317633,0.3497368995407976,-1.2734587674372035,Loyal Regulars,0
15562,1,134.55,39,1,3.45,United Kingdom,352,134.55,39.0,0,1.0,0.0,0.0,1,1,1,-2.9439051582739837,0.18046506006638238,0.4415669745903535,Hibernating / At-Risk,0
15563,3,1361.44,1441,87,1.9055855855855854,United Kingdom,22,453.81333333333333,480.3333333333333,336,0.26785714285714285,3.0,0.5,1,0,0,1.1113458715496947,-1.3421182913977392,-1.1757835447172067,Loyal Regulars,0
15565,2,173.16,60,8,4.56625,United Kingdom,50,86.58,30.0,20,2.0,0.0,0.0,1,1,1,-1.982958467006405,2.1569243971040635,0.6489808837175676,Hibernating / At-Risk,0
15567,1,186.01,223,7,3.2357142857142853,United Kingdom,19,186.01,223.0,0,1.0,0.0,0.0,1,1,1,-1.2305723139051563,0.5089602294327557,-0.3099895840976063,Hibernating / At-Risk,0
15568,3,758.29,461,27,2.5564150943396227,United Kingdom,3,252.76333333333332,153.66666666666666,70,1.2857142857142856,0.0,0.0,1,0,2,0.749883011991306,1.145211399685238,-0.409503522379537,Loyal Regulars,0
15569,5,1375.71,666,27,2.165161290322581,United Kingdom,104,275.142,133.2,228,0.6578947368421053,0.0,0.0,1,0,0,0.5395729576706086,-0.44580231002746185,-0.2641083359145101,Loyal Regulars,0
15570,12,4148.82,2063,231,3.69141065830721,United Kingdom,7,345.73499999999996,171.91666666666666,362,0.994475138121547,1.0,0.07692307692307693,1,2,2,2.829076635007507,0.6739835284977438,-0.6117391950351257,Champions (High-Value),1
15571,4,650.4300000000001,264,47,2.701578947368421,United Kingdom,12,162.60750000000002,66.0,66,1.8181818181818181,0.0,0.0,1,1,0,0.1640324255421068,1.8533587653109003,0.29264308188762445,Hibernating / At-Risk,0
15572,7,2533.42,1213,166,3.6592452830188678,United Kingdom,5,361.9171428571429,173.28571428571428,273,0.7692307692307693,0.0,0.0,1,2,2,2.1288897248580505,0.2895443921614057,-0.9424870387012003,Champions (High-Value),1
15573,2,583.24,354,87,2.8503125,United Kingdom,32,291.62,177.0,53,1.1320754716981132,0.0,0.0,1,0,1,-0.15862572601233635,0.18605507898096152,0.24716480430794385,Loyal Regulars,0
15574,4,675.64,332,131,2.634144736842105,United Kingdom,178,168.91,83.0,194,0.6185567010309279,0.0,0.0,1,0,1,-0.5542212528188192,-0.1919544684818559,-0.4159367168551121,Loyal Regulars,0
15576,1,921.37,394,43,3.65,United Kingdom,38,921.37,394.0,0,1.0,0.0,0.0,1,0,0,0.30773804913450276,-1.250210413507375,0.8732956013668255,Loyal Regulars,0
15577,3,258.88,89,39,3.0605128205128205,United Kingdom,151,86.29333333333334,29.666666666666668,154,0.5844155844155844,0.0,0.0,1,1,1,-1.935350453073205,0.4732597609712374,-0.9132320055712441,Hibernating / At-Risk,0
15578,1,127.1,52,13,2.3884615384615384,United Kingdom,162,127.1,52.0,0,1.0,0.0,0.0,1,1,1,-2.6878111344635753,0.4220151351446192,0.1502587260572353,Hibernating / At-Risk,0
15579,2,327.6,117,45,3.862083333333333,United Kingdom,69,163.8,58.5,245,0.2448979591836735,0.0,0.0,1,1,1,-1.4866984450586886,-0.6020194148441886,-1.450066472896964,Hibernating / At-Risk,0
15581,10,717.4300000000001,280,133,2.780839160839161,United Kingdom,156,71.74300000000001,28.0,209,1.4354066985645932,1.0,0.09090909090909091,1,1,1,-0.31016512665203555,1.9147227598732268,0.06651577793689584,Hibernating / At-Risk,0
15582,3,682.9100000000001,453,39,2.3970454545454545,United Kingdom,25,227.63666666666668,151.0,195,0.46153846153846156,0.0,0.0,1,0,0,0.027851860000372517,-0.29030805162161305,-1.148916465907572,Loyal Regulars,0
15584,4,720.86,313,89,3.090081967213115,United Kingdom,24,180.215,78.25,138,0.8695652173913044,1.0,0.2,1,0,0,0.031655932974961935,0.6232539891178328,-0.6299599854266599,Loyal Regulars,0
15585,1,455.3,320,31,2.2641935483870967,United Kingdom,177,455.3,320.0,0,1.0,0.0,0.0,1,1,1,-0.8182585787589318,-0.9775849831399913,0.9751723361138346,Hibernating / At-Risk,0
15587,4,913.6800000000001,312,3,2.9166666666666665,United Kingdom,50,228.42000000000002,78.0,301,0.39867109634551495,0.0,0.0,1,0,0,-0.022028590292681526,-0.46080666480388605,-1.1031966344579647,Loyal Regulars,0
15589,3,478.53000000000003,243,28,3.6893103448275864,United Kingdom,256,159.51000000000002,81.0,54,1.6666666666666665,1.0,0.25,1,1,1,-0.947328388849107,0.8454683590781851,1.1891533055761578,Hibernating / At-Risk,0
15592,1,388.58,354,24,1.5645833333333334,United Kingdom,47,388.58,354.0,0,1.0,0.0,0.0,1,0,1,-0.5901056581961792,-0.47460949313179346,0.43463494021168897,Loyal Regulars,0
15593,1,199.8,60,5,3.3299999999999996,United Kingdom,71,199.8,60.0,0,1.0,0.0,0.0,1,1,1,-2.004560734722006,0.20513733080041316,0.13780707993634378,Hibernating / At-Risk,0
15594,5,1771.78,983,85,3.1589320388349513,United Kingdom,16,354.356,196.6,218,0.6880733944954128,1.0,0.16666666666666666,1,0,2,1.3998061728189888,-0.17895480886027232,-0.6775938579359929,Loyal Regulars,0
15596,5,1406.59,561,51,4.183246753246753,United Kingdom,101,281.318,112.2,264,0.5681818181818181,4.0,0.4444444444444444,1,0,0,0.4829675576011854,-0.5705639778945107,-0.4298003440599424,Loyal Regulars,0
15597,1,324.57,279,22,1.6090909090909091,United Kingdom,35,324.57,279.0,0,1.0,1.0,0.5,1,1,1,-0.7769968826001448,-0.20257266592070428,0.22399045702092812,Hibernating / At-Risk,0
15598,1,240.68,160,14,2.5564285714285715,United Kingdom,53,240.68,160.0,0,1.0,2.0,0.6666666666666666,1,1,1,-1.37620657441465,0.020097895458179246,0.17343578581858501,Hibernating / At-Risk,0
15599,2,761.74,718,50,1.8890384615384617,United Kingdom,27,380.87,359.0,177,0.3389830508474576,0.0,0.0,1,0,0,0.26538676447656273,-1.1486120861767393,-1.0077644303448046,Loyal Regulars,0
15601,14,6776.56,4983,230,2.6858536585365855,United Kingdom,11,484.04,355.92857142857144,361,1.1634349030470914,3.0,0.17647058823529413,1,2,2,3.5764386302623374,0.40568682811764983,-0.04406894116716058,Champions (High-Value),1
15602,9,1297.8700000000001,1137,30,2.409782608695652,United Kingdom,8,144.20777777777778,126.33333333333333,359,0.7520891364902507,6.0,0.4,1,2,2,1.4056252728697642,1.125613909189018,-1.4227872100794203,Champions (High-Value),1
15603,1,48.480000000000004,96,2,0.505,United Kingdom,79,48.480000000000004,96.0,0,1.0,0.0,0.0,1,1,1,-3.1215830865150593,1.4650218740875116,-0.6346117824466969,Hibernating / At-Risk,0
15604,1,216.39,159,17,1.543529411764706,United Kingdom,52,216.39,159.0,0,1.0,0.0,0.0,1,1,1,-1.4725101344797984,0.1269757880011177,0.10452137874185198,Hibernating / At-Risk,0
15605,5,1198.23,441,61,4.588358208955224,United Kingdom,36,239.64600000000002,88.2,337,0.4451038575667656,0.0,0.0,1,0,0,0.47392856629164565,-0.3036381011255603,-1.1197437885166657,Loyal Regulars,0
15606,9,2920.16,892,48,3.7179220779220774,United Kingdom,61,324.4622222222222,99.11111111111111,263,1.026615969581749,2.0,0.18181818181818182,1,2,2,1.6139387018456135,0.17691192785694995,0.13865773236978876,Champions (High-Value),1
15607,1,104.76,202,13,1.1753846153846153,United Kingdom,337,104.76,202.0,0,1.0,0.0,0.0,1,1,1,-2.5243951234689352,0.2833450003953175,0.3231136443179117,Hibernating / At-Risk,0
15608,4,1093.68,714,59,3.255666666666667,United Kingdom,28,273.42,178.5,92,1.3043478260869565,0.0,0.0,1,0,0,0.769393798647712,0.5892663099032401,0.3042375189870367,Loyal Regulars,0
15609,1,298.48,148,16,4.44625,United Kingdom,184,298.48,148.0,0,1.0,1.0,0.5,1,1,1,-1.5224497624608864,-0.51696777818695,0.7205352631096765,Hibernating / At-Risk,0
15610,1,112.46000000000001,66,6,1.8733333333333333,United Kingdom,52,112.46000000000001,66.0,0,1.0,0.0,0.0,1,1,1,-2.4207510387939117,0.8263394993913395,-0.3008995671236629,Hibernating / At-Risk,0
15611,11,1570.45,502,22,5.547317073170731,United Kingdom,10,142.76818181818183,45.63636363636363,325,1.0153846153846153,2.0,0.15384615384615385,1,2,2,1.2802173130928693,1.5460792246741208,-1.0086915932283431,Champions (High-Value),1
15612,2,195.15,52,4,6.141666666666667,United Kingdom,36,97.575,26.0,25,2.0,0.0,0.0,1,1,1,-1.8456843636298192,2.144953616321789,0.6047065987980271,Hibernating / At-Risk,0
15615,23,10399.74,5508,184,2.562931442080378,United Kingdom,10,452.1626086956522,239.47826086956522,348,1.9827586206896552,4.0,0.14814814814814814,1,2,2,4.215290197948806,1.4094240021239388,0.730257731488821,Champions (High-Value),1
15618,4,776.85,453,38,2.6088636363636364,United Kingdom,33,194.2125,113.25,103,1.1650485436893205,1.0,0.2,1,0,0,0.21288947928851332,0.7693265466027954,-0.03760682082401533,Loyal Regulars,0
15619,1,336.40000000000003,136,3,4.416666666666667,United Kingdom,11,336.40000000000003,136.0,0,1.0,0.0,0.0,1,1,1,-0.7437477896190003,0.1302869396226416,-0.1510493434826571,Hibernating / At-Risk,0
15620,3,1553.18,915,92,3.7297000000000002,United Kingdom,57,517.7266666666667,305.0,301,0.29900332225913623,3.0,0.5,1,0,0,0.825797401619975,-1.6263030462236712,-0.7209139077764589,Loyal Regulars,0
15621,4,1293.03,501,11,2.06625,United Kingdom,4,323.2575,125.25,17,4.0,2.0,0.3333333333333333,1,2,0,1.4638595849725298,2.626228116696803,1.9625210348804791,Champions (High-Value),1
15622,9,3709.56,1674,169,4.08372972972973,United Kingdom,43,412.17333333333335,186.0,239,1.1297071129707112,7.0,0.4375,1,2,2,2.1872471563697697,0.10012831251831926,0.3242847272655207,Champions (High-Value),1
15623,1,301.03,125,19,4.2905263157894735,United Kingdom,141,301.03,125.0,0,1.0,0.0,0.0,1,1,1,-1.512799142362802,-0.4371105721091696,0.6302801057736885,Hibernating / At-Risk,0
15624,4,588.13,357,26,3.6561764705882354,United Kingdom,117,147.0325,89.25,139,0.8633093525179856,0.0,0.0,1,1,1,-0.5040311452380765,0.3695746456146635,-0.22249007349438726,Hibernating / At-Risk,0
15625,4,1534.26,1188,44,1.62359375,United Kingdom,104,383.565,297.0,131,0.9160305343511451,4.0,0.5,1,0,0,0.8974884639752155,-0.5546863407872901,0.4131639085710778,Loyal Regulars,0
15626,2,675.8,766,49,1.646938775510204,United Kingdom,75,337.9,383.0,254,0.23622047244094488,0.0,0.0,1,0,0,-0.10092093657690585,-1.497793286826162,-0.9691567624747566,Loyal Regulars,0
15628,9,2870.2400000000002,1894,85,2.3046451612903227,United Kingdom,5,318.91555555555556,210.44444444444446,362,0.7458563535911602,1.0,0.1,1,2,2,2.4462086474576656,0.4285264285306315,-1.0942450101894499,Champions (High-Value),1
15630,2,1186.35,800,57,2.8271666666666664,United Kingdom,45,593.175,400.0,159,0.37735849056603776,1.0,0.3333333333333333,1,0,0,0.6013848986726578,-1.652868970572154,-0.4908078903947526,Loyal Regulars,0
15632,8,3285.31,2109,107,2.695928143712575,United Kingdom,16,410.66375,263.625,259,0.9266409266409267,2.0,0.2,1,2,2,2.3631845924652874,0.07396785287944233,-0.27075205323718765,Champions (High-Value),1
15634,1,243.55,99,15,3.7266666666666666,United Kingdom,17,243.55,99.0,0,1.0,0.0,0.0,1,1,1,-1.2712755931882866,0.3543114517899859,-0.20941822472884633,Hibernating / At-Risk,0
15636,2,724.76,284,20,3.1712000000000002,United Kingdom,90,362.38,142.0,192,0.3125,0.0,0.0,1,0,0,-0.45329490578986975,-1.3882746712405176,-0.7153412766796707,Loyal Regulars,0
15637,1,223.36,128,15,3.026666666666667,United Kingdom,53,223.36,128.0,0,1.0,0.0,0.0,1,1,1,-1.5326964512470704,0.11105618472377997,0.12387813793685984,Hibernating / At-Risk,0
15639,1,425.32,323,25,4.3084,United Kingdom,134,425.32,323.0,0,1.0,0.0,0.0,1,1,1,-0.8070512240364118,-0.8373376225069641,0.8404509117932369,Hibernating / At-Risk,0
15640,15,12416.11,6572,240,2.715966386554622,United Kingdom,4,827.7406666666667,438.1333333333333,367,1.226158038147139,2.0,0.11764705882352941,1,2,2,4.492359503609364,0.20159523409657004,0.047519928307541204,Champions (High-Value),1
15641,4,1887.2,1562,102,1.9095798319327733,United Kingdom,105,471.8,390.5,253,0.4743083003952569,0.0,0.0,1,0,0,1.1141259834702584,-1.3775963699770033,-0.2287031361535881,Loyal Regulars,0
15643,3,664.0,246,31,5.933030303030303,United Kingdom,192,221.33333333333334,82.0,90,1.0,3.0,0.5,1,1,1,-0.6542817854100537,-0.04490934056649292,0.433410875269528,Hibernating / At-Risk,0
15644,4,803.54,550,166,1.794353448275862,United Kingdom,166,200.885,137.5,94,1.2765957446808511,0.0,0.0,1,0,1,-0.07169496371353122,0.39603286219112266,0.6822703232946686,Loyal Regulars,0
15645,1,611.59,255,49,3.0023529411764707,United Kingdom,19,611.59,255.0,0,1.0,0.0,0.0,1,0,0,-0.07304763657864144,-0.6363362390646984,0.39173850170177904,Loyal Regulars,0
15646,3,447.64000000000004,394,35,2.914285714285714,United Kingdom,158,149.21333333333334,131.33333333333334,214,0.4205607476635514,1.0,0.25,1,1,1,-0.8914946971857161,-0.44018783755509416,-0.8618497856466997,Hibernating / At-Risk,0
15648,2,639.5,218,23,4.522916666666666,United Kingdom,204,319.75,109.0,62,0.9677419354838709,2.0,0.5,1,1,0,-0.7559782913603168,-0.544488863396363,0.6790487744188122,Hibernating / At-Risk,0
15649,2,816.0,192,1,4.25,United Kingdom,336,408.0,96.0,31,1.9354838709677418,0.0,0.0,1,1,1,-0.5827585245829104,0.011042855108524237,2.170623475146198,Hibernating / At-Risk,0
15651,3,646.3,479,27,2.1584375,United Kingdom,37,215.4333333333333,159.66666666666666,223,0.40358744394618834,0.0,0.0,1,0,0,-0.11111354416468078,-0.43983168542848383,-1.1688702475749844,Loyal Regulars,0
15652,1,337.74,208,21,3.8533333333333335,United Kingdom,91,337.74,208.0,0,1.0,0.0,0.0,1,1,1,-1.0955613550300523,-0.4726195511345168,0.5619421192544183,Hibernating / At-Risk,0
15653,2,877.4399999999999,1200,4,0.9066666666666666,United Kingdom,93,438.71999999999997,600.0,23,2.0,0.0,0.0,1,0,0,0.5382887581637201,0.1787808334433422,1.8867368023331463,Loyal Regulars,0
15654,2,922.53,475,15,3.070952380952381,United Kingdom,9,461.265,237.5,16,2.0,0.0,0.0,1,0,0,0.7945103183161625,0.8315498944182727,1.1223308777419625,Loyal Regulars,0
15655,1,560.67,324,34,3.0920588235294115,United Kingdom,243,560.67,324.0,0,1.0,1.0,0.5,1,0,1,-0.7006952460191717,-1.2640224868960137,1.2060835887186676,Loyal Regulars,0
15656,4,748.5,343,46,4.41127659574468,United Kingdom,45,187.125,85.75,238,0.5042016806722689,0.0,0.0,1,0,0,-0.1210178926367269,-0.08517719203435166,-1.038190125790984,Loyal Regulars,0
15657,1,30.0,24,1,1.25,United Kingdom,23,30.0,24.0,0,1.0,0.0,0.0,1,1,1,-3.3973288697113704,2.006096090326472,-1.138783241017242,Hibernating / At-Risk,0
15658,5,1024.1000000000001,242,40,6.244791666666667,United Kingdom,190,204.82000000000002,48.4,182,0.8241758241758242,3.0,0.375,1,0,1,-0.25577557348643837,-0.020742526441765875,0.02420393535341637,Loyal Regulars,0
15659,1,306.45,111,11,5.459090909090909,United Kingdom,44,306.45,111.0,0,1.0,0.0,0.0,1,1,1,-1.2482275743654683,-0.12692691109743218,0.24296104598352408,Hibernating / At-Risk,0
15660,9,1600.86,1050,55,2.3347777777777776,United Kingdom,25,177.87333333333333,116.66666666666667,340,0.7941176470588235,3.0,0.25,1,0,2,1.3045751584864538,0.6953678519095651,-0.8677348434499071,Loyal Regulars,0
15661,2,309.8,236,4,0.9099999999999999,United Kingdom,317,154.9,118.0,21,2.0,0.0,0.0,1,1,1,-1.3793679272046047,0.9796090572438092,1.6525875570896735,Hibernating / At-Risk,0
15663,1,138.14,106,9,2.51,United Kingdom,106,138.14,106.0,0,1.0,0.0,0.0,1,1,1,-2.2264125734039957,0.39581754675123904,0.07271423135218738,Hibernating / At-Risk,0
15664,1,386.43,157,17,4.165294117647059,United Kingdom,51,386.43,157.0,0,1.0,1.0,0.5,1,1,1,-0.9344700791345162,-0.41855523624624785,0.437690048724332,Hibernating / At-Risk,0
15665,2,2222.21,1654,92,2.268521739130435,United Kingdom,168,1111.105,827.0,74,0.8108108108108107,0.0,0.0,1,0,0,1.2223565907740737,-2.05064644358197,1.151940419939271,Loyal Regulars,0
15667,1,301.32,240,13,1.5553846153846154,United Kingdom,40,301.32,240.0,0,1.0,0.0,0.0,1,1,1,-0.9383612402814013,-0.15414155846108854,0.22113512883421244,Hibernating / At-Risk,0
15668,1,76.32000000000001,72,1,1.06,United Kingdom,218,76.32000000000001,72.0,0,1.0,0.0,0.0,1,1,1,-3.1075611938727286,0.7940603570738227,-0.03702205251759874,Hibernating / At-Risk,0
15669,4,684.34,342,31,3.212121212121212,United Kingdom,40,171.085,85.5,223,0.5381165919282511,1.0,0.2,1,0,0,-0.16893929223666593,0.08284922136505568,-1.0644120494633413,Loyal Regulars,0
15670,1,173.05,91,12,3.15,United Kingdom,297,173.05,91.0,0,1.0,0.0,0.0,1,1,1,-2.3397900162633154,-0.08658019550845161,0.5523019205139673,Hibernating / At-Risk,0
15671,7,2657.13,1699,52,2.4162820512820513,United Kingdom,19,379.59000000000003,242.71428571428572,252,0.8333333333333333,3.0,0.3,1,2,2,2.008375915003921,-0.036580191241109394,-0.3870671071486879,Champions (High-Value),1
15673,4,2726.23,1451,107,2.7828985507246378,United Kingdom,88,681.5575,362.75,238,0.5042016806722689,0.0,0.0,1,0,2,1.4782604117375977,-1.627726653452645,-0.015302604602716877,Loyal Regulars,0
15674,4,2111.89,1274,87,2.8691150442477875,United Kingdom,73,527.9725,318.5,181,0.6629834254143646,3.0,0.42857142857142855,1,0,2,1.2679034520616506,-1.0925552054166958,0.0642033186390726,Loyal Regulars,0
15675,3,323.69,527,20,2.8790476190476193,United Kingdom,81,107.89666666666666,175.66666666666666,198,0.4545454545454546,0.0,0.0,1,1,1,-0.9005745734706462,0.0775000727403999,-1.2012532811077796,Hibernating / At-Risk,0
15676,3,3435.76,2252,191,3.1958415841584156,United Kingdom,19,1145.2533333333333,750.6666666666666,265,0.33962264150943394,2.0,0.4,1,0,2,2.201073013823434,-2.1010111421215245,-0.5055263773836479,Loyal Regulars,0
15677,1,657.23,319,33,3.582121212121212,United Kingdom,49,657.23,319.0,0,1.0,0.0,0.0,1,0,0,-0.1530031395250389,-0.9774659716216284,0.7545818070740884,Loyal Regulars,0
15678,1,352.7,184,12,2.04,United Kingdom,53,352.7,184.0,0,1.0,0.0,0.0,1,1,1,-0.9668515067548521,-0.3561448076586245,0.4011793953714982,Hibernating / At-Risk,0
15679,4,781.28,1170,98,1.1043636363636364,United Kingdom,24,195.32,292.5,158,0.759493670886076,0.0,0.0,1,0,0,0.6057608743375182,0.2898062776185101,-0.727572547177305,Loyal Regulars,0
15680,3,1333.68,952,61,2.42,United Kingdom,9,444.56,317.3333333333333,356,0.25280898876404495,0.0,0.0,1,0,2,1.138801130380924,-1.083035540747216,-1.5200542648234514,Loyal Regulars,0
15681,5,1426.16,816,32,1.9690566037735848,United Kingdom,25,285.232,163.2,255,0.5882352941176471,1.0,0.16666666666666666,1,0,0,0.997186519077807,-0.21180775726905868,-0.8438673246964202,Loyal Regulars,0
15683,1,193.75,131,10,2.163,United Kingdom,117,193.75,131.0,0,1.0,0.0,0.0,1,1,1,-1.8556961685372482,0.028825527901379103,0.3096819455895035,Hibernating / At-Risk,0
15687,9,2993.1,1310,119,4.248253012048193,United Kingdom,9,332.56666666666666,145.55555555555554,321,0.8411214953271029,2.0,0.18181818181818182,1,2,2,2.2257119554619584,0.40233139532809176,-0.7469509775684979,Champions (High-Value),1
15689,2,254.1,84,8,3.5,United Kingdom,120,127.05,42.0,241,0.24896265560165975,0.0,0.0,1,1,1,-1.990381859515663,-0.474764068005682,-1.4095634405996993,Hibernating / At-Risk,0
15690,2,239.76,408,19,0.6831578947368421,United Kingdom,4,119.88,204.0,96,0.625,0.0,0.0,1,0,1,-0.5279054415056477,0.9177093897433739,-1.719615501371735,Loyal Regulars,0
15691,1,136.8,72,2,1.9,United Kingdom,252,136.8,72.0,0,1.0,0.0,0.0,1,1,1,-2.60641012522389,0.20238498860819587,0.35259207919113333,Hibernating / At-Risk,0
15692,1,191.04,138,12,1.9041666666666668,United Kingdom,28,191.04,138.0,0,1.0,0.0,0.0,1,1,1,-1.4888993776617172,0.42417298694368477,-0.17923460002633643,Hibernating / At-Risk,0
15694,13,6464.4,1676,41,4.577142857142857,United Kingdom,1,497.2615384615384,128.92307692307693,372,1.0483870967741935,1.0,0.07142857142857142,1,2,2,3.5347888765943916,0.8189582407834493,-0.8179087362550663,Champions (High-Value),1
15695,2,409.98,212,22,2.887272727272727,United Kingdom,267,204.99,106.0,0,2.0,0.0,0.0,1,1,1,-1.1177810858234205,0.7701511738473433,1.7550308373359944,Hibernating / At-Risk,0
15696,8,2711.11,1015,140,4.277857142857143,United Kingdom,33,338.88875,126.875,293,0.8191126279863481,4.0,0.3333333333333333,1,2,2,1.7015121102177755,0.0006644047546877585,-0.3341442732053457,Champions (High-Value),1
15699,1,309.65,113,18,6.181111111111111,United Kingdom,18,309.65,113.0,0,1.0,0.0,0.0,1,1,1,-1.0107427930697575,0.09912015560221615,-0.04663079418121446,Hibernating / At-Risk,0
15700,2,696.68,357,85,2.933488372093023,United Kingdom,172,348.34,178.5,1,2.0,1.0,0.3333333333333333,1,1,1,-0.308896012304447,0.3394094203972448,1.9291680005299536,Hibernating / At-Risk,0
15701,4,1529.0,912,193,2.9761739130434783,United Kingdom,2,382.25,228.0,108,1.1111111111111112,0.0,0.0,1,2,2,1.731088724239855,0.6731712922301636,-0.530612346054776,Champions (High-Value),1
15703,1,211.5,66,5,2.93,United Kingdom,265,211.5,66.0,0,1.0,0.0,0.0,1,1,1,-2.249653768121163,-0.21740403506604183,0.622445445816634,Hibernating / At-Risk,0
15704,4,2293.62,1028,79,3.227008547008547,United Kingdom,140,573.405,257.0,75,1.6,0.0,0.0,1,0,0,1.2334856950211874,-0.30919523692090095,1.6481558730420216,Loyal Regulars,0
15705,1,143.1,62,6,6.05,United Kingdom,201,143.1,62.0,0,1.0,0.0,0.0,1,1,1,-2.5651118847909564,0.23495686107830205,0.2977216411324285,Hibernating / At-Risk,0
15706,4,1060.56,321,50,5.126181818181818,United Kingdom,64,265.14,80.25,52,2.3076923076923075,3.0,0.42857142857142855,1,1,0,0.33190245867395374,1.2932522643700624,1.6098691083207406,Hibernating / At-Risk,0
15707,4,916.98,594,126,2.2645853658536588,United Kingdom,35,229.245,148.5,51,2.3529411764705883,0.0,0.0,1,2,0,0.5940930703738364,1.5702390870782161,1.3778321190680523,Champions (High-Value),1
15708,7,3235.25,1217,124,3.997655677655678,United Kingdom,41,462.17857142857144,173.85714285714286,328,0.6402439024390244,4.0,0.36363636363636365,1,0,2,1.835662048687648,-0.6527047676589457,-0.3539966222299927,Loyal Regulars,0
15709,1,133.25,121,6,2.415,United Kingdom,284,133.25,121.0,0,1.0,0.0,0.0,1,1,1,-2.459037256312079,0.14830679899153515,0.3915775240225736,Hibernating / At-Risk,0
15712,5,1072.3600000000001,486,41,3.666792452830189,United Kingdom,9,214.47200000000004,97.2,278,0.539568345323741,0.0,0.0,1,0,0,0.7637839875464943,0.298220852706692,-1.4446441156331613,Loyal Regulars,0
15713,2,356.7,150,18,5.338421052631579,United Kingdom,143,178.35,75.0,222,0.27027027027027023,1.0,0.3333333333333333,1,1,1,-1.4892497968875407,-0.857679740188202,-1.0864855100279946,Hibernating / At-Risk,0
15714,2,330.03000000000003,186,34,3.126470588235294,United Kingdom,12,165.01500000000001,93.0,66,0.9090909090909091,0.0,0.0,1,1,1,-0.7349499374730382,0.7896053068189771,-0.7493736680638258,Hibernating / At-Risk,0
15716,4,1101.1100000000001,738,101,2.2830769230769232,United Kingdom,146,275.27750000000003,184.5,223,0.5381165919282511,0.0,0.0,1,0,0,0.2477496721907011,-0.79028694602113,-0.3270951208719661,Loyal Regulars,0
15717,1,150.3,70,7,2.4714285714285715,United Kingdom,234,150.3,70.0,0,1.0,0.0,0.0,1,1,1,-2.5114052920050205,0.13594873324461274,0.3815145144701569,Hibernating / At-Risk,0
15719,13,5028.42,2717,298,2.1995483870967742,United Kingdom,33,386.8015384615385,209.0,304,1.2828947368421053,1.0,0.07142857142857142,1,2,2,2.799045270051121,0.48193992129490765,0.3404029560767312,Champions (High-Value),1
15720,1,598.73,281,128,2.46609375,United Kingdom,24,598.73,281.0,0,1.0,0.0,0.0,1,0,0,-0.11188531249790971,-0.6862457029299679,0.4584274679076384,Loyal Regulars,0
15721,1,471.40000000000003,388,80,2.075833333333333,United Kingdom,12,471.40000000000003,388.0,0,1.0,0.0,0.0,1,0,1,-0.03997385980427793,-0.307091470570717,0.10180012744717387,Loyal Regulars,0
15722,5,2211.21,1023,45,3.0429850746268654,United Kingdom,36,442.242,204.6,254,0.5905511811023622,1.0,0.16666666666666666,1,0,2,1.4038466446172984,-0.7437786805690407,-0.45507999678258954,Loyal Regulars,0
15723,1,190.7,73,37,2.651315789473684,United Kingdom,365,190.7,73.0,0,1.0,0.0,0.0,1,1,1,-2.388211698884596,-0.21587261584352924,0.6740414955533205,Hibernating / At-Risk,0
15724,2,218.25,73,11,3.4136363636363636,United Kingdom,201,109.125,36.5,83,0.7228915662650602,1.0,0.3333333333333333,1,1,1,-2.2173560228657814,0.27513270489737224,-0.37603171113529604,Hibernating / At-Risk,0
15725,1,415.25,221,32,2.65125,United Kingdom,15,415.25,221.0,0,1.0,0.0,0.0,1,0,1,-0.4318294950970942,-0.19297674929629888,0.08397801349788725,Loyal Regulars,0
15727,7,5159.06,3063,213,3.225880398671096,United Kingdom,17,737.0085714285715,437.57142857142856,342,0.6140350877192983,0.0,0.0,1,2,2,2.8450324086745464,-0.9840543769675633,-0.39427902101129286,Champions (High-Value),1
15729,1,85.0,28,5,3.75,United Kingdom,213,85.0,28.0,0,1.0,1.0,0.5,1,1,1,-3.3660118460530857,0.7818443685386982,-0.006499072564414944,Hibernating / At-Risk,0
15730,3,1120.88,689,68,2.9675714285714285,United Kingdom,66,373.6266666666667,229.66666666666666,140,0.6428571428571428,1.0,0.25,1,0,0,0.44671036204032133,-0.7934603572169541,-0.1768686639397329,Loyal Regulars,0
15732,2,294.12,215,13,1.8907142857142856,United Kingdom,212,147.06,107.5,159,0.37735849056603776,0.0,0.0,1,1,1,-1.6023349991240923,-0.6297488396998352,-0.8165087134351283,Hibernating / At-Risk,0
15733,1,162.3,62,10,4.35,United Kingdom,283,162.3,62.0,0,1.0,0.0,0.0,1,1,1,-2.5359084453382956,0.021629474469892215,0.4883503712356009,Hibernating / At-Risk,0
15734,2,1339.45,346,25,4.843846153846154,United Kingdom,115,669.725,173.0,85,0.7058823529411764,0.0,0.0,1,0,0,0.21421631577145833,-1.4597579332600574,0.5079789074689077,Loyal Regulars,0
15737,8,1188.1200000000001,597,60,3.8457746478873243,United Kingdom,15,148.51500000000001,74.625,228,1.0526315789473684,4.0,0.3333333333333333,1,2,2,0.9571148177080806,1.3164514908455591,-0.7337023939891295,Champions (High-Value),1
15738,16,4812.42,2982,46,2.12121387283237,United Kingdom,19,300.77625,186.375,353,1.3597733711048157,3.0,0.15789473684210525,1,2,2,2.9726261110536814,1.0134595780952542,0.06680036995729882,Champions (High-Value),1
15739,1,449.12,472,8,2.52375,United Kingdom,66,449.12,472.0,0,1.0,0.0,0.0,1,0,1,-0.42803968494295735,-0.7302582911445833,0.6416888624955627,Loyal Regulars,0
15740,1,154.88,152,9,2.4722222222222223,United Kingdom,49,154.88,152.0,0,1.0,0.0,0.0,1,1,1,-1.7849340623288725,0.46473197139225614,-0.11239022824210693,Hibernating / At-Risk,0
15743,4,775.96,214,59,4.6939534883720935,United Kingdom,16,193.99,53.5,168,0.7142857142857143,0.0,0.0,1,0,0,0.02284937914394463,0.49558092986032243,-0.9852474988662373,Loyal Regulars,0
15744,1,34.8,120,3,0.29,United Kingdom,78,34.8,120.0,0,1.0,0.0,0.0,1,1,1,-3.081699608754215,1.5360375780039923,-0.6883159582547932,Hibernating / At-Risk,0
15745,4,1094.59,421,57,4.3022580645161295,United Kingdom,19,273.6475,105.25,217,0.5529953917050692,2.0,0.3333333333333333,1,0,0,0.5356051116461387,-0.16274427711983686,-1.0019309716621787,Loyal Regulars,0
15746,1,196.88,178,28,1.4835714285714285,United Kingdom,134,196.88,178.0,0,1.0,1.0,0.5,1,1,1,-1.7554122960041978,-0.05087875240905634,0.3732614385469995,Hibernating / At-Risk,0
15747,3,946.64,466,52,2.481777777777778,United Kingdom,13,315.5466666666667,155.33333333333334,160,0.5625,0.0,0.0,1,0,0,0.5215467414094023,-0.2806122726706257,-0.972065834315134,Loyal Regulars,0
15748,1,144.36,50,19,3.6755000000000004,United Kingdom,40,144.36,50.0,0,1.0,0.0,0.0,1,1,1,-2.2316863384217656,0.6849629327361381,-0.25041452482342214,Hibernating / At-Risk,0
15749,3,44534.3,18028,5,3.0439999999999996,United Kingdom,235,14844.766666666668,6009.333333333333,97,0.9278350515463918,1.0,0.25,1,2,0,3.32535950178779,-2.7474833231834075,1.84816002694889,Champions (High-Value),1
15750,8,2463.05,1783,214,2.444020618556701,United Kingdom,3,307.88125,222.875,364,0.6593406593406593,1.0,0.1111111111111111,1,2,2,2.3537182874700915,0.4210725941874294,-1.382222567704031,Champions (High-Value),1
15752,7,2626.6,1960,236,1.7629876543209877,United Kingdom,40,375.2285714285714,280.0,333,0.6306306306306306,1.0,0.125,1,0,2,1.8337027782986681,-0.5036994414896471,-0.4895424241522686,Loyal Regulars,0
15753,1,79.2,144,1,0.55,United Kingdom,305,79.2,144.0,0,1.0,0.0,0.0,1,1,1,-2.8890123907531597,0.6052450915242942,0.11734991931415766,Hibernating / At-Risk,0
15754,3,458.57,199,24,2.7239285714285715,United Kingdom,51,152.85666666666665,66.33333333333333,195,0.46153846153846156,1.0,0.25,1,1,1,-0.841956678461853,-0.02903914755979529,-1.1654582258036237,Hibernating / At-Risk,0
15755,6,2364.25,1427,127,3.1785106382978725,United Kingdom,10,394.0416666666667,237.83333333333334,284,0.6338028169014085,2.0,0.25,1,0,2,1.9324976077303249,-0.20772998674597815,-0.885599157879059,Loyal Regulars,0
15756,4,528.01,241,160,2.4642931937172774,United Kingdom,61,132.0025,60.25,187,0.6417112299465241,0.0,0.0,1,1,1,-0.6324942999824079,0.39530724792095867,-0.8906858234815556,Hibernating / At-Risk,0
15757,2,714.42,491,43,2.7295555555555557,United Kingdom,66,357.21,245.5,152,0.39473684210526316,0.0,0.0,1,0,0,-0.15445096185710314,-1.2005959410949012,-0.635196494623326,Loyal Regulars,0
15758,1,205.25,47,9,4.427777777777778,United Kingdom,25,205.25,47.0,0,1.0,0.0,0.0,1,1,1,-1.8130558759108109,0.48171859819712576,-0.20255326921846775,Hibernating / At-Risk,0
15759,3,253.04,60,5,5.174285714285714,United Kingdom,218,84.34666666666666,20.0,139,0.6474820143884892,0.0,0.0,1,1,1,-2.1910196389321692,0.5183213815382998,-0.695998130643224,Hibernating / At-Risk,0
15762,2,583.75,251,37,4.0018918918918915,United Kingdom,65,291.875,125.5,12,2.0,0.0,0.0,1,1,0,-0.36457110353838446,0.8048744515820849,1.4852411373967909,Hibernating / At-Risk,0
15763,2,1086.92,271,58,6.6593442622950825,United Kingdom,32,543.46,135.5,45,1.3333333333333333,1.0,0.3333333333333333,1,0,0,0.3430251349013423,-0.1771662284886392,0.8719802975198792,Loyal Regulars,0
15764,6,3279.97,2050,150,2.836666666666667,United Kingdom,88,546.6616666666666,341.6666666666667,188,0.9574468085106383,4.0,0.4,1,0,0,1.8998677632008836,-0.7156708398757861,0.5679165350642457,Loyal Regulars,0
15766,1,315.06,170,11,3.208181818181818,United Kingdom,64,315.06,170.0,0,1.0,0.0,0.0,1,1,1,-1.150107694680057,-0.2926743222056904,0.3965885629059919,Hibernating / At-Risk,0
15768,3,621.8299999999999,244,23,7.899259259259259,United Kingdom,116,207.27666666666664,81.33333333333333,110,0.8181818181818182,1.0,0.25,1,1,1,-0.6196797760327171,-0.06151355041343407,-0.058596004228872726,Hibernating / At-Risk,0
15769,26,56252.72,29672,26,2.050769230769231,United Kingdom,7,2163.566153846154,1141.2307692307693,363,2.1487603305785123,3.0,0.10344827586206896,1,2,2,5.658137235851568,0.28082955884484595,1.602248187328744,Champions (High-Value),1
15773,1,635.6800000000001,311,10,1.334,United Kingdom,6,635.6800000000001,311.0,0,1.0,0.0,0.0,1,0,1,0.30968583587690285,-0.40176221958265557,0.059029661801522706,Loyal Regulars,0
15774,1,270.8,87,25,4.802,United Kingdom,69,270.8,87.0,0,1.0,0.0,0.0,1,1,1,-1.5711278944196136,-0.10923658871444614,0.3158816143904468,Hibernating / At-Risk,0
15775,1,104.9,68,7,2.4714285714285715,United Kingdom,245,104.9,68.0,0,1.0,0.0,0.0,1,1,1,-2.8666129364799446,0.4666750821591587,0.18653280500707745,Hibernating / At-Risk,0
15776,1,241.62,138,18,4.183888888888889,United Kingdom,133,241.62,138.0,0,1.0,0.0,0.0,1,1,1,-1.66325732551978,-0.22076831106793005,0.4840407555067552,Hibernating / At-Risk,0
15777,4,1047.11,378,18,3.823333333333333,United Kingdom,241,261.7775,94.5,120,1.0,1.0,0.2,1,0,1,-0.10827467040736029,-0.22012376537077244,0.5725576449261194,Loyal Regulars,0
15780,3,475.28000000000003,220,26,4.157586206896552,United Kingdom,184,158.42666666666668,73.33333333333333,174,0.5172413793103449,0.0,0.0,1,1,1,-1.0829906586906797,-0.33621854356876424,-0.5955589571914951,Hibernating / At-Risk,0
15781,3,345.46,180,20,3.9675,United Kingdom,25,115.15333333333332,60.0,280,0.3214285714285714,1.0,0.25,1,1,1,-0.9972924700206104,0.2094269978208372,-1.8692176182257507,Hibernating / At-Risk,0
15782,3,2614.7400000000002,864,34,6.1141860465116284,United Kingdom,10,871.58,288.0,79,1.139240506329114,1.0,0.25,1,0,0,1.8681092469509717,-0.5209127921784197,0.4856756897411302,Loyal Regulars,0
15783,1,246.3,212,14,3.4364285714285714,United Kingdom,11,246.3,212.0,0,1.0,0.0,0.0,1,1,1,-0.8593121086657363,0.38731462126258104,-0.3223195950224956,Hibernating / At-Risk,0
15785,5,2328.9700000000003,1612,58,3.2433734939759034,United Kingdom,33,465.79400000000004,322.4,262,0.5725190839694657,3.0,0.375,1,0,2,1.6491182073469253,-0.836848521644597,-0.47543180761570375,Loyal Regulars,0
15786,3,4919.0,3340,257,2.7405263157894737,United Kingdom,46,1639.6666666666667,1113.3333333333333,68,1.3235294117647058,2.0,0.4,1,2,0,2.641819128795237,-1.4569600073297206,1.6354286709598258,Champions (High-Value),1
15787,3,933.26,534,156,2.1557,United Kingdom,26,311.08666666666664,178.0,35,2.571428571428571,0.0,0.0,1,2,0,0.649499521652907,1.4273198737345347,1.6898001028104788,Champions (High-Value),1
15789,1,351.3,438,25,0.9984000000000001,United Kingdom,358,351.3,438.0,0,1.0,0.0,0.0,1,1,1,-1.1156030655291873,-0.9519493651369418,1.0721041491113779,Hibernating / At-Risk,0
15790,1,218.75,113,34,3.463235294117647,United Kingdom,10,218.75,113.0,0,1.0,0.0,0.0,1,1,1,-1.1931108435722408,0.5803250429724703,-0.4380651856667736,Hibernating / At-Risk,0
15791,2,1612.69,731,66,3.256266666666667,United Kingdom,44,806.345,365.5,160,0.375,1.0,0.3333333333333333,1,0,0,0.8566163205218599,-1.935465142914244,-0.32535349204547104,Loyal Regulars,0
15793,3,965.61,553,6,3.0975,United Kingdom,15,321.87,184.33333333333334,253,0.3557312252964427,1.0,0.25,1,0,0,0.5290938790036022,-0.6757632386573473,-1.3292395497949365,Loyal Regulars,0
15795,1,610.01,581,42,3.058095238095238,United Kingdom,150,610.01,581.0,0,1.0,0.0,0.0,1,0,0,-0.2699679108925722,-1.2646517596795932,1.1060488091641894,Loyal Regulars,0
15796,8,2707.61,859,69,3.931679389312977,United Kingdom,1,338.45125,107.375,301,0.7973421926910299,2.0,0.2,1,2,2,2.3567348113001225,0.7699049843211073,-1.347940448299473,Champions (High-Value),1
15797,3,2192.4,872,7,2.692857142857143,United Kingdom,113,730.8000000000001,290.6666666666667,191,0.47120418848167545,0.0,0.0,1,0,2,0.9929305154506026,-1.8526304097932327,0.08004233889008948,Loyal Regulars,0
15799,3,884.14,955,94,2.267448979591837,United Kingdom,76,294.7133333333333,318.3333333333333,258,0.3488372093023256,0.0,0.0,1,0,0,0.2579168123155016,-1.0853913110186297,-0.8420636305583582,Loyal Regulars,0
15800,2,696.89,332,116,2.7484615384615383,United Kingdom,107,348.445,166.0,139,0.4316546762589928,0.0,0.0,1,0,0,-0.4454275225945329,-1.213694868769236,-0.4188590908025182,Loyal Regulars,0
15801,3,1063.95,570,61,2.96421875,United Kingdom,46,354.65000000000003,190.0,63,1.4285714285714286,1.0,0.25,1,0,0,0.5355523403991215,0.2633552493932242,0.8199863870085784,Loyal Regulars,0
15803,1,415.82000000000005,290,8,1.74875,United Kingdom,51,415.82000000000005,290.0,0,1.0,0.0,0.0,1,1,1,-0.6259363705939847,-0.5433299828462186,0.49669750323500306,Hibernating / At-Risk,0
15804,13,4206.39,2565,170,3.7104961832061067,United Kingdom,1,323.5684615384616,197.30769230769232,198,1.9696969696969697,6.0,0.3157894736842105,1,2,2,3.417623816142616,2.038215259982299,0.03765647167641828,Champions (High-Value),1
15805,17,5488.18,3367,220,2.747257525083612,United Kingdom,23,322.83411764705886,198.05882352941177,341,1.4956011730205279,3.0,0.15,1,2,2,3.122735615411246,1.0358432997753184,0.3264113013047548,Champions (High-Value),1
15806,3,784.58,602,24,2.004193548387097,United Kingdom,46,261.5266666666667,200.66666666666666,230,0.3913043478260869,0.0,0.0,1,0,0,0.10156195794209216,-0.7234392529098126,-1.0022061515711504,Loyal Regulars,0
15807,3,903.9,430,48,2.5812500000000003,United Kingdom,50,301.3,143.33333333333334,26,3.0,0.0,0.0,1,1,0,0.40686000099521386,1.5607581127988224,2.218480383647848,Hibernating / At-Risk,0
15808,4,3651.27,1305,142,3.6561538461538463,United Kingdom,306,912.8175,326.25,63,1.9047619047619047,1.0,0.2,1,2,0,1.5949128074893792,-0.7354189975508779,2.5221854345924757,Champions (High-Value),1
15809,5,515.77,301,31,4.123142857142857,United Kingdom,36,103.154,60.2,266,0.5639097744360902,1.0,0.16666666666666666,1,0,1,-0.43336430320374886,0.7113312879964462,-1.3894379725666446,Loyal Regulars,0
15810,4,1391.98,861,66,2.6612359550561795,United Kingdom,79,347.995,215.25,218,0.5504587155963303,3.0,0.42857142857142855,1,0,0,0.6845261073334599,-0.8415040945688936,-0.37091269693743467,Loyal Regulars,0
15811,6,2218.62,1071,117,3.487669172932331,United Kingdom,22,369.77,178.5,343,0.5247813411078717,3.0,0.3333333333333333,1,0,2,1.5501679143974771,-0.4822369211278298,-0.8810027118981798,Loyal Regulars,0
15812,5,1801.14,922,36,5.051707317073171,United Kingdom,107,360.228,184.4,210,0.7142857142857143,0.0,0.0,1,0,0,0.9210257913782932,-0.6630209273361315,0.010926056218061421,Loyal Regulars,0
15813,2,1303.9099999999999,603,40,3.775,United Kingdom,208,651.9549999999999,301.5,31,1.9354838709677418,0.0,0.0,1,0,0,0.4246182205559687,-0.4068162712322924,2.311683908063717,Loyal Regulars,0
15814,4,1945.33,1271,63,3.284861111111111,United Kingdom,17,486.3325,317.75,33,3.6363636363636362,2.0,0.3333333333333333,1,2,0,1.870111829926403,1.7165127088783836,2.5579569357628844,Champions (High-Value),1
15815,5,2100.6,1856,33,2.160408163265306,United Kingdom,64,420.12,371.2,196,0.7653061224489796,0.0,0.0,1,0,2,1.4784003520666593,-0.6656229949234715,0.031714017641994746,Loyal Regulars,0
15819,4,1905.45,1357,96,2.0016260162601625,United Kingdom,49,476.3625,339.25,227,0.5286343612334802,0.0,0.0,1,0,2,1.2714150819067864,-1.0844982019203373,-0.3779664278118347,Loyal Regulars,0
15820,1,206.98,128,17,2.2494117647058824,United Kingdom,320,206.98,128.0,0,1.0,0.0,0.0,1,1,1,-2.0599024991029116,-0.3075747000292762,0.6914875945929324,Hibernating / At-Risk,0
15821,2,570.96,202,57,3.696451612903226,United Kingdom,44,285.48,101.0,17,2.0,0.0,0.0,1,1,0,-0.37216310193436714,0.9509228995620742,1.3350438362800487,Hibernating / At-Risk,0
15822,2,885.47,375,28,3.369393939393939,United Kingdom,3,442.735,187.5,356,0.16853932584269662,0.0,0.0,1,0,0,0.6136651019222983,-0.9549486729651494,-1.9374668784989548,Loyal Regulars,0
15825,1,532.94,220,20,8.8395,United Kingdom,172,532.94,220.0,0,1.0,0.0,0.0,1,1,1,-0.8115890326166209,-1.086239581545494,1.0480869917011135,Hibernating / At-Risk,0
15826,3,1654.31,963,64,3.2094117647058824,United Kingdom,56,551.4366666666666,321.0,154,0.5844155844155844,1.0,0.25,1,0,0,0.9705124468263086,-1.2327494756882054,-0.10200182841325807,Loyal Regulars,0
15827,14,1836.0900000000001,882,72,4.353130434782609,United Kingdom,73,131.14928571428572,63.0,299,1.4046822742474916,6.0,0.3,1,2,0,1.2486499861116624,1.5440633969110438,0.08222336981474353,Champions (High-Value),1
15829,2,636.14,996,44,1.0527450980392157,United Kingdom,99,318.07,498.0,41,1.4634146341463414,0.0,0.0,1,0,1,0.08927979946570738,0.034906473334735344,1.1324557596968892,Loyal Regulars,0
15830,1,576.0,415,39,2.913846153846154,United Kingdom,38,576.0,415.0,0,1.0,1.0,0.5,1,0,0,-0.1087196372591962,-0.8068180613314283,0.5985992186800531,Loyal Regulars,0
15831,3,794.64,1092,63,2.6837878787878786,United Kingdom,58,264.88,364.0,265,0.33962264150943394,1.0,0.25,1,0,0,0.2775845206222273,-0.9381390013999558,-1.0128495247814622,Loyal Regulars,0
15832,1,836.79,465,54,2.310185185185185,United Kingdom,254,836.79,465.0,0,1.0,0.0,0.0,1,0,0,-0.1977571673710785,-1.6904940939394244,1.4659573271342972,Loyal Regulars,0
15834,4,2222.65,959,241,4.10865671641791,United Kingdom,70,555.6625,239.75,206,0.5825242718446603,2.0,0.3333333333333333,1,0,2,1.1989802258681925,-1.2176007226879975,-0.07384624208508644,Loyal Regulars,0
15835,4,954.09,439,47,3.073,United Kingdom,44,238.5225,109.75,286,0.4195804195804196,0.0,0.0,1,0,0,0.18890040435946084,-0.464253494477633,-1.0680931165393281,Loyal Regulars,0
15836,1,137.37,26,10,9.244,United Kingdom,50,137.37,26.0,0,1.0,1.0,0.5,1,1,1,-2.5838764037306023,0.7291171764759892,-0.22109196536739126,Hibernating / At-Risk,0
15837,1,391.98,189,24,4.09125,United Kingdom,65,391.98,189.0,0,1.0,0.0,0.0,1,1,1,-0.9096886302904017,-0.5144088701046693,0.5327726630395611,Hibernating / At-Risk,0
15838,19,33643.08,18368,54,1.9419760479041916,United Kingdom,11,1770.6884210526316,966.7368421052631,356,1.601123595505618,2.0,0.09523809523809523,1,2,2,5.222834953634293,-0.3062868092753358,1.1889130218383102,Champions (High-Value),1
15839,3,1048.49,675,56,2.1283870967741936,United Kingdom,33,349.49666666666667,225.0,114,0.7894736842105263,2.0,0.4,1,0,0,0.5768148711714195,-0.34595836376523514,-0.19715190840152028,Loyal Regulars,0
15840,2,355.56,396,26,1.961111111111111,United Kingdom,59,177.78,198.0,113,0.5309734513274337,1.0,0.3333333333333333,1,1,1,-0.8295943964535966,-0.27418571755236,-0.8125399410250889,Hibernating / At-Risk,0
15841,4,1224.06,942,36,1.416808510638298,United Kingdom,73,306.015,235.5,266,0.45112781954887216,2.0,0.3333333333333333,1,0,0,0.5998812064983785,-0.8568421190426757,-0.6662820979321077,Loyal Regulars,0
15843,1,118.95000000000002,27,8,7.14375,United Kingdom,304,118.95000000000002,27.0,0,1.0,0.0,0.0,1,1,1,-3.1607456068520317,0.3695914007752073,0.31008539730003903,Hibernating / At-Risk,0
15844,1,130.73999999999998,134,11,1.7936363636363637,United Kingdom,46,130.73999999999998,134.0,0,1.0,0.0,0.0,1,1,1,-1.9750476553199972,0.6537417261270143,-0.23593038150197795,Hibernating / At-Risk,0
15845,8,3711.77,1926,97,2.730144927536232,United Kingdom,18,463.97125,240.75,319,0.7523510971786834,2.0,0.2,1,2,2,2.383125649689757,-0.28134019506483254,-0.44324483860345126,Champions (High-Value),1
15847,2,389.27,449,22,3.35,United Kingdom,38,194.635,224.5,249,0.24096385542168672,0.0,0.0,1,0,1,-0.6509134665637889,-0.7323829874877155,-1.524341691615215,Loyal Regulars,0
15850,2,234.88,298,87,1.5883870967741935,United Kingdom,19,117.44,149.0,148,0.4054054054054054,0.0,0.0,1,1,1,-1.0703336951199813,0.2519814150228383,-1.6923691885379892,Hibernating / At-Risk,0
15852,2,160.71,48,22,3.355,United Kingdom,187,80.355,24.0,10,2.0,0.0,0.0,1,1,1,-2.4722537911340257,1.8876932470231929,1.0479371606675885,Hibernating / At-Risk,0
15853,1,110.8,135,29,1.4693333333333334,United Kingdom,52,110.8,135.0,0,1.0,0.0,0.0,1,1,1,-2.1557540133251036,0.7767334646017896,-0.29104951149698577,Hibernating / At-Risk,0
15854,12,2969.12,926,105,2.9696376811594205,United Kingdom,4,247.42666666666665,77.16666666666667,357,1.0084033613445378,0.0,0.0,1,2,2,2.325547592334554,1.209909632437185,-0.9698186478241665,Champions (High-Value),1
15855,5,712.24,470,59,1.886,United Kingdom,137,142.448,94.0,126,1.1904761904761905,0.0,0.0,1,1,1,-0.19227340673978974,0.7720800762321016,0.2576965100931229,Hibernating / At-Risk,0
15856,27,16142.380000000001,10863,294,1.771658692185008,United Kingdom,4,597.8659259259259,402.3333333333333,361,2.2437673130193905,4.0,0.12903225806451613,1,2,2,5.14680913220567,1.5535014517662753,0.8538808803056156,Champions (High-Value),1
15857,1,297.0,308,14,0.9428571428571428,United Kingdom,19,297.0,308.0,0,1.0,0.0,0.0,1,1,1,-0.6700256035430715,0.03500127419870302,-0.027388052251804563,Hibernating / At-Risk,0
15858,5,1427.57,1163,145,2.3040425531914894,United Kingdom,16,285.514,232.6,351,0.4273504273504274,0.0,0.0,1,0,0,1.2132441159200296,-0.37140378996122564,-1.2953384340696512,Loyal Regulars,0
15860,8,965.16,437,105,3.42705035971223,United Kingdom,41,120.645,54.625,327,0.7339449541284403,0.0,0.0,1,0,1,0.3423774440687726,0.8905200545068541,-1.0300521653059602,Loyal Regulars,0
15861,8,3146.92,2528,339,1.8722037037037038,United Kingdom,12,393.365,316.0,254,0.9448818897637795,1.0,0.1111111111111111,1,2,2,2.4661156283256638,0.19410514705477894,-0.3555953036137243,Champions (High-Value),1
15862,4,832.88,585,142,2.7378911564625854,United Kingdom,8,208.22,146.25,365,0.32876712328767127,0.0,0.0,1,0,0,0.5673728954539977,-0.0683651805609452,-1.888222531715516,Loyal Regulars,0
15863,2,68.84,19,18,3.708888888888889,United Kingdom,26,34.42,9.5,167,0.3592814371257485,0.0,0.0,1,1,1,-3.2365592084100485,1.2919283416449425,-2.344233832943621,Hibernating / At-Risk,0
15864,6,1936.3200000000002,1192,16,2.7265,United Kingdom,22,322.72,198.66666666666666,293,0.614334470989761,2.0,0.25,1,0,2,1.483422726526683,-0.2319006153824885,-0.7895514677976838,Loyal Regulars,0
15865,3,895.13,368,37,5.611,United Kingdom,41,298.37666666666667,122.66666666666667,173,0.5202312138728323,0.0,0.0,1,0,0,0.08691254357389877,-0.5714162969031497,-0.7146928093654878,Loyal Regulars,0
15866,1,211.89,124,43,3.6188372093023258,United Kingdom,101,211.89,124.0,0,1.0,0.0,0.0,1,1,1,-1.7568856139472222,-0.011193955254379046,0.3106167347274308,Hibernating / At-Risk,0
15867,15,3803.6,2039,301,3.4358643326039386,United Kingdom,5,253.57333333333332,135.93333333333334,363,1.2396694214876034,1.0,0.0625,1,2,2,2.886612140309332,1.3980345556378915,-0.5973041390116024,Champions (High-Value),1
15869,2,149.64,175,13,2.1420000000000003,United Kingdom,277,74.82,87.5,0,2.0,0.0,0.0,1,1,1,-2.1348693124502787,1.732253082696942,1.174265418585869,Hibernating / At-Risk,0
15870,1,351.44,333,68,1.8147297297297296,United Kingdom,33,351.44,333.0,0,1.0,0.0,0.0,1,1,1,-0.6190753159242908,-0.2784337514490593,0.25563938062627006,Hibernating / At-Risk,0
15872,2,316.25,187,101,2.0899074074074075,United Kingdom,15,158.125,93.5,0,2.0,0.0,0.0,1,1,1,-0.6856546401601116,1.8044305230132784,0.6317880529469782,Hibernating / At-Risk,0
15874,7,4405.88,2534,110,5.8974166666666665,United Kingdom,64,629.4114285714286,362.0,220,0.9545454545454546,2.0,0.2222222222222222,1,2,2,2.353913524789275,-0.7331352841450501,0.514281484185881,Champions (High-Value),1
15877,2,490.33,368,122,1.892936507936508,United Kingdom,2,245.165,184.0,16,2.0,1.0,0.3333333333333333,1,0,0,0.4154576233436577,1.7880815795764142,0.3312799856226058,Loyal Regulars,0
15880,1,329.03000000000003,202,95,2.2252083333333332,United Kingdom,369,329.03000000000003,202.0,0,1.0,1.0,0.5,1,1,1,-1.4877999662939023,-0.8285143950117526,1.0238634259539618,Hibernating / At-Risk,0
15881,5,501.39000000000004,260,26,3.3168965517241378,United Kingdom,312,100.278,52.0,52,2.8846153846153846,3.0,0.375,1,1,1,-0.7823215496862227,2.2403912572012343,2.010289984974529,Hibernating / At-Risk,0
15882,4,514.08,264,22,1.9859090909090908,United Kingdom,199,128.52,66.0,169,0.7100591715976331,1.0,0.2,1,1,1,-0.9089178712505915,0.18298723753085155,-0.3812204976161488,Hibernating / At-Risk,0
15883,2,396.48,223,42,2.9546938775510205,United Kingdom,2,198.24,111.5,31,1.9354838709677418,0.0,0.0,1,1,0,0.015052708510347321,1.985391864165342,0.12954548623690035,Hibernating / At-Risk,0
15885,1,349.35,109,16,4.521875,United Kingdom,93,349.35,109.0,0,1.0,0.0,0.0,1,1,1,-1.3223835754279727,-0.45299487353387635,0.5723663882020057,Hibernating / At-Risk,0
15886,1,181.09,147,12,2.9975,United Kingdom,60,181.09,147.0,0,1.0,0.0,0.0,1,1,1,-1.7042250289940182,0.26450051316686707,0.0464959483738908,Hibernating / At-Risk,0
15888,1,162.64,67,10,2.853,United Kingdom,81,162.64,67.0,0,1.0,1.0,0.5,1,1,1,-2.185677849608343,0.3549945121070465,0.0648948958258727,Hibernating / At-Risk,0
15889,2,400.77,200,78,2.8243373493975903,United Kingdom,157,200.385,100.0,212,0.2830188679245283,0.0,0.0,1,1,1,-1.289272892267636,-0.9968769027474399,-0.9494404736488908,Hibernating / At-Risk,0
15891,1,509.13,417,59,2.7252542372881354,United Kingdom,227,509.13,417.0,0,1.0,0.0,0.0,1,0,1,-0.6738763327319763,-1.1760462219170607,1.1327337844246272,Loyal Regulars,0
15894,2,257.6,163,34,2.1261111111111113,United Kingdom,253,128.8,81.5,115,0.5217391304347826,0.0,0.0,1,1,1,-1.8477832786169643,-0.3000964486357934,-0.5463672331824332,Hibernating / At-Risk,0
15895,1,179.17,94,11,1.9845454545454544,United Kingdom,150,179.17,94.0,0,1.0,0.0,0.0,1,1,1,-2.120828295288053,0.06480391271487689,0.33998203929097465,Hibernating / At-Risk,0
15897,2,208.59,223,17,2.1386363636363637,United Kingdom,194,104.295,111.5,0,2.0,0.0,0.0,1,1,1,-1.6424432941049432,1.494401042999244,1.2521184325345098,Hibernating / At-Risk,0
15898,5,1383.83,567,70,3.3666666666666667,United Kingdom,1,276.76599999999996,113.4,367,0.40871934604904636,1.0,0.16666666666666666,1,0,0,1.4460021886527044,0.2823174899574619,-2.1062093541271225,Loyal Regulars,0
15899,1,56.25,39,4,4.125,United Kingdom,369,56.25,39.0,0,1.0,0.0,0.0,1,1,1,-3.7586062241024587,0.990739966969813,-0.04948404465873091,Hibernating / At-Risk,0
15900,1,337.28,216,44,1.963191489361702,United Kingdom,24,337.28,216.0,0,1.0,0.0,0.0,1,1,1,-0.7482738642522341,-0.1157687284064409,0.1146134635881472,Hibernating / At-Risk,0
15901,3,349.75,372,101,2.108440366972477,United Kingdom,17,116.58333333333333,124.0,138,0.6521739130434783,0.0,0.0,1,1,1,-0.5378433328981539,0.744027108491125,-1.3097888497127723,Hibernating / At-Risk,0
15903,7,5126.76,2410,46,2.245135135135135,United Kingdom,10,732.3942857142857,344.2857142857143,285,0.7368421052631579,1.0,0.125,1,2,2,2.8936845799114606,-0.6533981072847853,-0.3568543836346351,Champions (High-Value),1
15904,1,164.68,84,30,2.953333333333333,United Kingdom,8,164.68,84.0,0,1.0,0.0,0.0,1,1,1,-1.520287744180849,0.9317695293762551,-0.6808717668553583,Hibernating / At-Risk,0
15906,7,1567.69,544,113,3.3830666666666667,United Kingdom,20,223.9557142857143,77.71428571428571,235,0.8936170212765958,1.0,0.125,1,0,2,1.0676722510732957,0.6285579004841425,-0.6140422810955278,Loyal Regulars,0
15907,3,881.87,477,174,2.5580444444444446,United Kingdom,4,293.95666666666665,159.0,206,0.4368932038834952,0.0,0.0,1,0,0,0.7026726612028249,-0.1229226288593283,-1.6141404401827464,Loyal Regulars,0
15909,1,191.94,98,7,1.8599999999999999,United Kingdom,174,191.94,98.0,0,1.0,0.0,0.0,1,1,1,-2.0786072345809035,-0.044946881431841994,0.43202229544667625,Hibernating / At-Risk,0
15910,8,1228.88,1013,215,1.8133458646616543,United Kingdom,1,153.61,126.625,315,0.7619047619047619,0.0,0.0,1,2,2,1.6817113132687265,1.461060184884639,-1.8653677770199684,Champions (High-Value),1
15912,2,264.62,185,19,2.0957894736842104,United Kingdom,178,132.31,92.5,54,1.1111111111111112,0.0,0.0,1,1,1,-1.582348290658815,0.506945299191725,0.31909018272045864,Hibernating / At-Risk,0
15916,8,1502.8600000000001,752,124,3.6590066225165563,United Kingdom,16,187.85750000000002,94.0,350,0.6857142857142857,2.0,0.2,1,0,2,1.1894314523017633,0.6061298605197933,-1.1508452003394405,Loyal Regulars,0
15917,1,123.1,42,12,5.1499999999999995,United Kingdom,248,123.1,42.0,0,1.0,0.0,0.0,1,1,1,-2.908211318648806,0.35440004292945226,0.27164907168254454,Hibernating / At-Risk,0
15918,2,334.23,153,33,2.5142499999999997,United Kingdom,191,167.115,76.5,80,0.75,0.0,0.0,1,1,1,-1.5163454754162846,-0.14536443477922265,-0.07917869078806093,Hibernating / At-Risk,0
15919,2,525.69,385,103,2.5459016393442626,United Kingdom,20,262.845,192.5,349,0.17191977077363899,0.0,0.0,1,0,0,-0.28524578278142104,-0.9175130811838887,-1.6731887871285396,Loyal Regulars,0
15920,3,163.55,94,52,2.206551724137931,United Kingdom,154,54.51666666666667,31.333333333333332,0,3.0,0.0,0.0,1,1,1,-2.0558017439682903,3.0102275763053115,1.5629382711018205,Hibernating / At-Risk,0
15921,1,323.03000000000003,162,24,3.8095833333333338,United Kingdom,173,323.03000000000003,162.0,0,1.0,0.0,0.0,1,1,1,-1.3980196540914172,-0.5834112148048544,0.7481943130294083,Hibernating / At-Risk,0
15922,1,369.5,138,11,4.409090909090909,United Kingdom,373,369.5,138.0,0,1.0,1.0,0.5,1,1,1,-1.52918852991286,-0.9049251731017265,1.0820219226658152,Hibernating / At-Risk,0
15923,1,127.08,122,21,2.814761904761905,United Kingdom,373,127.08,122.0,0,1.0,0.0,0.0,1,1,1,-2.5665006029115105,0.12060453962193593,0.4537550805485035,Hibernating / At-Risk,0
15925,1,207.15,93,12,2.8958333333333335,United Kingdom,194,207.15,93.0,0,1.0,0.0,0.0,1,1,1,-2.056068834062335,-0.1425705950099729,0.5124870820365792,Hibernating / At-Risk,0
15930,1,426.63,139,21,4.022857142857143,United Kingdom,67,426.63,139.0,0,1.0,0.0,0.0,1,1,1,-0.9588739142222483,-0.5758703399193424,0.5847612941187678,Hibernating / At-Risk,0
15932,8,2495.87,2325,93,1.4927826086956522,United Kingdom,4,311.98375,290.625,285,0.8421052631578947,3.0,0.2727272727272727,1,2,2,2.4456498918959695,0.561707095015218,-0.9823299690422571,Champions (High-Value),1
15933,3,1107.46,885,63,2.1356756756756754,United Kingdom,21,369.15333333333336,295.0,65,1.3846153846153848,0.0,0.0,1,0,0,0.9345727623471067,0.35306913904546666,0.5403404861071137,Loyal Regulars,0
15935,1,108.03999999999999,114,11,1.7018181818181817,United Kingdom,239,108.03999999999999,114.0,0,1.0,0.0,0.0,1,1,1,-2.6319665364262135,0.39961893962154116,0.20861170598736106,Hibernating / At-Risk,0
15937,1,145.35,73,7,2.3714285714285714,United Kingdom,64,145.35,73.0,0,1.0,0.0,0.0,1,1,1,-2.1968620429763384,0.5180485806962452,-0.07840455685682882,Hibernating / At-Risk,0
15938,5,404.58,240,13,2.320555555555556,United Kingdom,112,80.916,48.0,211,0.7109004739336493,0.0,0.0,1,1,1,-1.0049751880117068,0.8587743838353332,-0.8880463795764849,Hibernating / At-Risk,0
15939,14,6100.01,4727,27,1.6183999999999998,United Kingdom,90,435.71500000000003,337.64285714285717,241,1.7427385892116183,1.0,0.06666666666666667,1,2,2,3.012313311113585,0.4943037649260776,1.2892335666485202,Champions (High-Value),1
15940,1,35.8,4,1,8.95,United Kingdom,311,35.8,4.0,0,1.0,1.0,0.5,1,1,1,-4.302207312255521,1.3561160056038315,-0.2742690306945585,Hibernating / At-Risk,0
15942,1,337.44,232,14,2.657857142857143,United Kingdom,134,337.44,232.0,0,1.0,0.0,0.0,1,1,1,-1.151826844359557,-0.5871959384223102,0.6959810021537041,Hibernating / At-Risk,0
15944,1,325.1,50,6,5.083333333333333,United Kingdom,277,325.1,50.0,0,1.0,0.0,0.0,1,1,1,-1.9695669896400383,-0.6140571851915219,0.8824791523669857,Hibernating / At-Risk,0
15945,1,181.0,52,2,2.75,United Kingdom,365,181.0,52.0,0,1.0,0.0,0.0,1,1,1,-2.5679719882156786,-0.13625400004760777,0.634752503134386,Hibernating / At-Risk,0
15947,1,1708.24,898,29,4.022068965517241,United Kingdom,83,1708.24,898.0,0,1.0,0.0,0.0,1,0,0,1.0094127067961405,-2.1247287474762366,1.5213419030321012,Loyal Regulars,0
15948,2,955.24,567,51,2.5215,United Kingdom,8,477.62,283.5,35,1.7142857142857142,0.0,0.0,1,0,0,0.8924802969301845,0.582949709088403,0.8156942375229862,Loyal Regulars,0
15949,2,364.72,284,12,1.8247368421052632,United Kingdom,17,182.36,142.0,54,1.1111111111111112,0.0,0.0,1,1,1,-0.5286124368553043,0.7967784763483361,-0.2710625781791375,Hibernating / At-Risk,0
15950,4,1744.71,719,86,3.347938144329897,United Kingdom,32,436.1775,179.75,327,0.36697247706422015,1.0,0.2,1,0,0,1.0114936243970212,-1.084164980745959,-0.9191015222897587,Loyal Regulars,0
15951,2,708.22,313,36,3.700731707317073,United Kingdom,9,354.11,156.5,276,0.2173913043478261,1.0,0.3333333333333333,1,0,0,0.10580590831912755,-0.9384112094539849,-1.7069566136622327,Loyal Regulars,0
15952,4,781.91,391,65,3.2797619047619047,United Kingdom,34,195.4775,97.75,191,0.6282722513089005,0.0,0.0,1,0,0,0.0654799117618661,0.11781846953557462,-0.8690323143585005,Loyal Regulars,0
15953,8,1657.28,891,63,2.7261855670103095,United Kingdom,15,207.16,111.375,354,0.6779661016949152,2.0,0.2,1,0,2,1.3610406492508038,0.5040836978550931,-1.1235523229944477,Loyal Regulars,0
15955,14,4416.26,2135,137,2.833169398907104,United Kingdom,24,315.44714285714286,152.5,348,1.206896551724138,2.0,0.125,1,2,2,2.662838012320219,0.7331327205701013,-0.006777499786096062,Champions (High-Value),1
15957,1,428.89,211,40,2.787857142857143,United Kingdom,32,428.89,211.0,0,1.0,0.0,0.0,1,1,1,-0.6053937824749092,-0.4190552023718959,0.3503907622062105,Hibernating / At-Risk,0
15958,1,104.35,33,7,3.9842857142857144,United Kingdom,74,104.35,33.0,0,1.0,0.0,0.0,1,1,1,-2.845811925126586,0.8625444882063095,-0.24303797904337146,Hibernating / At-Risk,0
15963,2,470.76,298,26,2.41,United Kingdom,20,235.38,149.0,25,2.0,0.0,0.0,1,1,0,-0.20364702881583827,1.3096855451822726,0.9702654572592888,Hibernating / At-Risk,0
15965,4,808.87,434,88,2.3086486486486484,United Kingdom,17,202.2175,108.5,350,0.34285714285714286,0.0,0.0,1,0,0,0.24861007665045892,-0.18061482557336467,-1.6439315723916674,Loyal Regulars,0
15967,2,397.68,205,73,2.799125,United Kingdom,23,198.84,102.5,295,0.20338983050847456,0.0,0.0,1,0,1,-0.8238552390202167,-0.6188654121002243,-1.789814928035625,Loyal Regulars,0
15969,3,666.1,124,20,7.0825000000000005,United Kingdom,3,222.03333333333333,41.333333333333336,182,0.4945054945054945,1.0,0.25,1,0,1,-0.016670099969876666,0.4160007203670726,-1.7743102078833426,Loyal Regulars,0
15970,1,314.1,116,11,2.6,United Kingdom,304,314.1,116.0,0,1.0,0.0,0.0,1,1,1,-1.6983607043740327,-0.6815102782723901,0.9158484815574991,Hibernating / At-Risk,0
15971,12,4194.9,1716,9,2.248235294117647,United Kingdom,18,349.575,143.0,293,1.228668941979522,0.0,0.0,1,2,2,2.579663300220699,0.6952230280283562,0.01486696910815418,Champions (High-Value),1
15973,1,307.82000000000005,106,4,4.4275,United Kingdom,367,307.82000000000005,106.0,0,1.0,2.0,0.6666666666666666,1,1,1,-1.800383863702154,-0.7059733800449766,0.9661579681048397,Hibernating / At-Risk,0
15974,7,3442.15,2262,141,2.819545454545455,United Kingdom,39,491.7357142857143,323.14285714285717,249,0.8433734939759036,1.0,0.125,1,2,2,2.1858461663721642,-0.4875053154889935,0.026616650427309766,Champions (High-Value),1
15975,1,371.01,243,24,2.1433333333333335,United Kingdom,84,371.01,243.0,0,1.0,0.0,0.0,1,1,1,-0.9270848902715788,-0.5542296552116287,0.5939440208304338,Hibernating / At-Risk,0
15976,2,427.64,275,83,2.4234375,United Kingdom,165,213.82,137.5,54,1.1111111111111112,0.0,0.0,1,1,1,-0.962714981295997,0.03636217389527188,0.5843594667267201,Hibernating / At-Risk,0
15977,2,1054.73,1016,48,2.9993846153846153,United Kingdom,17,527.365,508.0,21,2.0,0.0,0.0,1,0,0,1.0673500422079,0.47366739807916475,1.4227363821681593,Loyal Regulars,0
15978,1,1098.78,888,49,1.9628571428571426,United Kingdom,77,1098.78,888.0,0,1.0,0.0,0.0,1,0,0,0.6133709954769843,-1.6821566099287184,1.2361181039318747,Loyal Regulars,0
15980,3,2398.86,1560,40,2.072558139534884,United Kingdom,89,799.62,520.0,165,0.5454545454545454,0.0,0.0,1,0,2,1.3812569278251408,-1.813217046192835,0.2123398302526575,Loyal Regulars,0
15981,8,3408.48,1866,53,2.2077319587628867,United Kingdom,25,426.06,233.25,286,0.8391608391608392,0.0,0.0,1,2,2,2.2260142385351647,-0.17325281734000866,-0.24362377063547067,Champions (High-Value),1
15983,4,1465.12,886,82,2.1049107142857144,United Kingdom,22,366.28,221.5,351,0.3418803418803419,0.0,0.0,1,0,0,1.0179811342218799,-0.8793473017826072,-1.1948831329591472,Loyal Regulars,0
15984,10,2780.63,1815,217,2.745813953488372,United Kingdom,3,278.063,181.5,365,0.8219178082191781,1.0,0.09090909090909091,1,2,2,2.5308758765921113,0.8101302829184915,-1.2105289897241165,Champions (High-Value),1
15985,2,1142.42,1086,29,1.8202702702702702,United Kingdom,123,571.21,543.0,113,0.5309734513274337,1.0,0.3333333333333333,1,0,0,0.46520007839927224,-1.6761084293595374,0.14783728811754182,Loyal Regulars,0
15986,1,168.12,268,14,0.897142857142857,United Kingdom,30,168.12,268.0,0,1.0,0.0,0.0,1,1,1,-1.3644069742472407,0.46780160750125627,-0.21384458619406074,Hibernating / At-Risk,0
15987,7,1432.77,1533,110,2.245546875,United Kingdom,12,204.68142857142857,219.0,356,0.5898876404494382,0.0,0.0,1,0,0,1.4602471266562473,0.3540009327449372,-1.3206519034918334,Loyal Regulars,0
15988,1,156.78,180,26,3.536538461538462,United Kingdom,19,156.78,180.0,0,1.0,0.0,0.0,1,1,1,-1.4727632191811775,0.690466645061511,-0.41558234756456375,Hibernating / At-Risk,0
15990,2,792.11,443,52,3.0548076923076923,United Kingdom,44,396.055,221.5,243,0.2469135802469136,0.0,0.0,1,0,0,-0.03164785981538592,-1.435865159771083,-1.0448247870694034,Loyal Regulars,0
15992,1,41.989999999999995,17,3,6.109999999999999,United Kingdom,4,41.989999999999995,17.0,0,1.0,0.0,0.0,1,1,1,-3.1248307381037748,2.4677748821317564,-1.6861512588686367,Hibernating / At-Risk,0
15993,7,2768.97,2031,334,2.2432287822878227,United Kingdom,9,395.5671428571428,290.14285714285717,35,6.0,3.0,0.3,1,2,0,2.5931039591721303,2.3014523385965715,2.2520248046570224,Champions (High-Value),1
15994,1,414.27,173,31,3.4353125,United Kingdom,55,414.27,173.0,0,1.0,0.0,0.0,1,1,1,-0.8508555044861871,-0.5139272016545559,0.5065035689212417,Hibernating / At-Risk,0
15996,6,1032.58,380,103,3.919763779527559,United Kingdom,88,172.09666666666666,63.333333333333336,277,0.6498194945848376,1.0,0.14285714285714285,1,0,1,0.11017358122712011,0.14580932515514836,-0.658953691605773,Loyal Regulars,0
15998,5,3080.22,2032,370,2.5555357142857145,United Kingdom,37,616.044,406.4,325,0.4615384615384615,1.0,0.16666666666666666,1,0,2,1.9491265854175472,-1.3219882195329364,-0.4830596053252868,Loyal Regulars,0
16000,3,12393.7,5110,9,3.3455555555555554,United Kingdom,3,4131.233333333334,1703.3333333333333,0,3.0,0.0,0.0,1,2,0,4.117342806302358,0.15159820057304213,2.56299723765904,Champions (High-Value),1
16003,5,2735.37,1185,82,5.018446601941747,United Kingdom,30,547.074,237.0,329,0.45592705167173253,0.0,0.0,1,0,2,1.677465633347339,-1.1129781154634577,-0.6482082829047853,Loyal Regulars,0
16005,4,578.71,280,173,2.396169154228856,United Kingdom,12,144.6775,70.0,258,0.46511627906976744,0.0,0.0,1,0,0,-0.12373199569073762,0.46538511246104114,-1.7058002384376856,Loyal Regulars,0
16006,1,101.4,84,8,1.5775000000000001,United Kingdom,211,101.4,84.0,0,1.0,0.0,0.0,1,1,1,-2.7777035635052836,0.5209930709155502,0.12112218334658664,Hibernating / At-Risk,0
16007,4,1693.81,1388,221,1.7911286089238845,United Kingdom,48,423.4525,347.0,167,0.718562874251497,0.0,0.0,1,0,2,1.2122453488000637,-0.7013364613318506,-0.10763343654969436,Loyal Regulars,0
16008,3,478.78,323,29,2.111515151515152,United Kingdom,24,159.59333333333333,107.66666666666667,180,0.5,0.0,0.0,1,0,0,-0.4163893789700858,0.14768121292926617,-1.3024532395142918,Loyal Regulars,0
16009,4,972.11,366,68,3.4603658536585367,United Kingdom,22,243.0275,91.5,137,0.8759124087591241,0.0,0.0,1,0,0,0.3930736423717885,0.35558487242239595,-0.46933248541509665,Loyal Regulars,0
16010,3,392.4,202,62,2.2455696202531645,United Kingdom,246,130.79999999999998,67.33333333333333,116,0.7758620689655172,0.0,0.0,1,1,1,-1.3193568041106678,0.1330159881010007,-0.14577579160400092,Hibernating / At-Risk,0
16011,16,3352.96,2035,99,2.1197619047619045,United Kingdom,8,209.56,127.1875,357,1.3445378151260503,0.0,0.0,1,2,2,2.68904187424978,1.5969013035858384,-0.44844695313253724,Champions (High-Value),1
16012,3,1415.29,799,87,2.5875531914893615,United Kingdom,35,471.7633333333333,266.3333333333333,119,0.7563025210084033,0.0,0.0,1,0,0,0.9015717885378043,-0.7054398984537062,-0.05224497841438527,Loyal Regulars,0
16013,47,37130.6,15536,30,2.803669064748201,United Kingdom,4,790.0127659574467,330.5531914893617,367,3.8419618528610355,7.0,0.12962962962962962,1,2,2,5.5416643786545725,2.252129801866226,2.146341601190224,Champions (High-Value),1
16014,3,646.83,258,123,2.8318840579710147,United Kingdom,38,215.61,86.0,253,0.3557312252964427,1.0,0.25,1,0,0,-0.3706399100174294,-0.471477758842582,-1.2780469526298397,Loyal Regulars,0
16015,3,704.26,906,145,1.2561666666666667,United Kingdom,4,234.75333333333333,302.0,45,2.0,1.0,0.25,1,2,0,0.9738371901816422,1.7142910915253688,0.4444448211395852,Champions (High-Value),1
16016,8,1465.51,602,156,3.0029464285714282,United Kingdom,3,183.18875,75.25,363,0.6611570247933884,2.0,0.2,1,2,2,1.4447215287364392,1.01512902370301,-1.711700748791126,Champions (High-Value),1
16017,1,211.88,102,26,2.675625,United Kingdom,47,211.88,102.0,0,1.0,0.0,0.0,1,1,1,-1.6400508719258988,0.21391664679722744,0.046625875963632664,Hibernating / At-Risk,0
16018,2,408.90000000000003,190,26,3.3039285714285715,United Kingdom,39,204.45000000000002,95.0,141,0.425531914893617,0.0,0.0,1,0,1,-0.9062242662366802,-0.39244600847765654,-1.0998199234219266,Loyal Regulars,0
16019,9,3786.2400000000002,1733,133,3.3305,United Kingdom,47,420.6933333333334,192.55555555555554,317,0.8517350157728707,1.0,0.1,1,2,2,2.154317691368471,-0.2657978383605676,-0.04590328376343141,Champions (High-Value),1
16020,3,851.01,487,42,2.4445652173913044,United Kingdom,17,283.67,162.33333333333334,48,1.875,0.0,0.0,1,0,0,0.5642991216464178,1.1398622376910612,0.8534928759738393,Loyal Regulars,0
16022,1,602.63,255,68,3.2222535211267607,United Kingdom,260,602.63,255.0,0,1.0,0.0,0.0,1,1,1,-0.7448101976908484,-1.3299234882090396,1.265370159747933,Hibernating / At-Risk,0
16023,3,719.81,358,90,3.1293069306930694,United Kingdom,46,239.93666666666664,119.33333333333333,220,0.4090909090909091,0.0,0.0,1,0,0,-0.17869293170553024,-0.5657954072266114,-1.0287767107526993,Loyal Regulars,0
16024,1,245.75,377,60,1.156393442622951,United Kingdom,12,245.75,377.0,0,1.0,0.0,0.0,1,1,1,-0.6560646358158806,0.3157934324726589,-0.2811296327701962,Hibernating / At-Risk,0
16025,1,439.65999999999997,338,28,1.9764285714285712,United Kingdom,30,439.65999999999997,338.0,0,1.0,0.0,0.0,1,0,0,-0.38152841040604274,-0.4676908294911061,0.3557598908944348,Loyal Regulars,0
16026,1,236.09,243,30,1.285625,United Kingdom,43,236.09,243.0,0,1.0,0.0,0.0,1,1,1,-1.1779162896368918,0.05743047885160281,0.10268949280306887,Hibernating / At-Risk,0
16027,6,934.62,1147,11,13.510000000000002,United Kingdom,92,155.77,191.16666666666666,210,0.8571428571428571,1.0,0.14285714285714285,1,0,1,0.47731415740553035,0.3994358902497114,-0.3237778829819392,Loyal Regulars,0
16029,62,72708.09,40107,43,2.4079166666666665,United Kingdom,39,1172.711129032258,646.8870967741935,335,5.552238805970149,13.0,0.17333333333333334,1,2,2,5.203406192853818,1.3418167173245574,3.073486740029793,Champions (High-Value),1
16030,1,331.24,283,28,2.3137931034482757,United Kingdom,310,331.24,283.0,0,1.0,0.0,0.0,1,1,1,-1.3048949642126988,-0.8172379278015751,0.9769117519774322,Hibernating / At-Risk,0
16031,2,547.9,421,91,2.8360204081632654,United Kingdom,92,273.95,210.5,154,0.3896103896103896,0.0,0.0,1,0,0,-0.5465401537836461,-1.03283052928624,-0.6931468339011976,Loyal Regulars,0
16033,20,8778.82,3529,538,3.340168439716312,United Kingdom,6,438.941,176.45,364,1.6483516483516485,7.0,0.25925925925925924,1,2,2,3.9382673577773124,1.2764906338476825,0.22519292748882624,Champions (High-Value),1
16034,3,437.7,242,18,2.5545454545454547,United Kingdom,196,145.9,80.66666666666667,136,0.6617647058823529,0.0,0.0,1,1,1,-1.1099257684755415,-0.07612625766902555,-0.3509914279985938,Hibernating / At-Risk,0
16036,2,758.92,716,55,2.1336363636363638,United Kingdom,87,379.46,358.0,176,0.34090909090909094,0.0,0.0,1,0,0,-0.03205809517009423,-1.4570116822803314,-0.6124510219757373,Loyal Regulars,0
16037,3,855.02,428,37,3.1225641025641027,United Kingdom,270,285.00666666666666,142.66666666666666,88,1.0227272727272727,0.0,0.0,1,0,1,-0.2855711530578056,-0.4028791917119209,0.7460355109592763,Loyal Regulars,0
16038,3,471.78000000000003,244,24,3.19,United Kingdom,8,157.26000000000002,81.33333333333333,194,0.4639175257731959,1.0,0.25,1,0,1,-0.2859017520918785,0.41266027558075935,-1.7411880056379772,Loyal Regulars,0
16040,3,1313.55,684,57,3.9113846153846157,United Kingdom,65,437.84999999999997,228.0,203,0.4433497536945813,0.0,0.0,1,0,0,0.5550834812799126,-1.2354328470977392,-0.4714088929155803,Loyal Regulars,0
16041,3,3166.4,1584,6,5.39,United Kingdom,31,1055.4666666666667,528.0,110,0.8181818181818182,0.0,0.0,1,0,2,1.9607917267756554,-1.4235172812351797,0.5006538666242063,Loyal Regulars,0
16042,5,1177.47,743,68,2.9917142857142855,United Kingdom,22,235.494,148.6,310,0.48387096774193544,2.0,0.2857142857142857,1,0,0,0.7926888712337419,-0.14243363686826113,-1.2014863393765889,Loyal Regulars,0
16043,4,773.99,503,30,4.506923076923077,United Kingdom,38,193.4975,125.75,280,0.42857142857142855,0.0,0.0,1,0,0,0.08674697779763883,-0.2236755901462011,-1.2176182267764,Loyal Regulars,0
16045,4,1340.7,897,71,2.8589156626506025,United Kingdom,120,335.175,224.25,170,0.7058823529411764,0.0,0.0,1,0,0,0.5893254466020315,-0.7052902740840719,0.032338454359440334,Loyal Regulars,0
16048,2,256.44,144,8,1.62125,United Kingdom,373,128.22,72.0,0,2.0,1.0,0.3333333333333333,1,1,1,-1.7866832348211144,1.1614242086558695,1.581264933597745,Hibernating / At-Risk,0
16049,3,1074.81,763,248,2.0523076923076924,United Kingdom,40,358.27,254.33333333333334,34,2.6470588235294117,0.0,0.0,1,2,0,0.8204870142832292,1.1935340886983483,1.987346360610954,Champions (High-Value),1
16050,1,137.9,278,10,2.585,United Kingdom,174,137.9,278.0,0,1.0,0.0,0.0,1,1,1,-1.9767316336801408,0.17573054815388953,0.26574638222852853,Hibernating / At-Risk,0
16052,1,362.06,282,34,2.4885294117647057,United Kingdom,54,362.06,282.0,0,1.0,0.0,0.0,1,1,1,-0.7798717842853821,-0.4243848073948808,0.43397412513856815,Hibernating / At-Risk,0
16053,2,1511.95,1793,81,2.883809523809524,United Kingdom,33,755.975,896.5,89,0.6741573033707865,0.0,0.0,1,0,0,1.2822687555979926,-1.4278710997337982,0.14520521805350872,Loyal Regulars,0
16054,1,783.9,380,70,3.998142857142857,United Kingdom,145,783.9,380.0,0,1.0,0.0,0.0,1,0,0,-0.19491602334055633,-1.456468503832314,1.2307751012124535,Loyal Regulars,0
16055,1,134.8,22,8,8.9875,United Kingdom,221,134.8,22.0,0,1.0,0.0,0.0,1,1,1,-3.041246881614484,0.3562508036384056,0.2688740630555219,Hibernating / At-Risk,0
16056,1,650.75,345,66,3.666363636363636,United Kingdom,45,650.75,345.0,0,1.0,0.0,0.0,1,0,0,-0.11010187176313133,-0.9520732230226948,0.7221646956431728,Loyal Regulars,0
16057,7,2263.12,863,109,4.028181818181818,United Kingdom,16,323.30285714285714,123.28571428571429,268,0.7835820895522387,3.0,0.3,1,0,2,1.6258203438286587,0.1591563457628618,-0.6360354439042528,Loyal Regulars,0
16059,6,1453.16,641,126,3.106629213483146,United Kingdom,66,242.19333333333336,106.83333333333333,301,0.5980066445182725,0.0,0.0,1,0,0,0.6957001962162118,-0.22064911647390378,-0.6369002650987845,Loyal Regulars,0
16062,4,1153.62,800,50,2.7225,United Kingdom,10,288.405,200.0,355,0.3380281690140845,0.0,0.0,1,0,0,0.9437347815121084,-0.445882564875101,-1.5996406336157254,Loyal Regulars,0
16063,1,335.32,262,23,2.242608695652174,United Kingdom,260,335.32,262.0,0,1.0,0.0,0.0,1,1,1,-1.2788733313488156,-0.7737006494909406,0.921883420608064,Hibernating / At-Risk,0
16065,1,367.14,228,71,1.8763013698630138,United Kingdom,365,367.14,228.0,0,1.0,0.0,0.0,1,1,1,-1.3358025093687655,-0.9407362807024436,1.0875906027058748,Hibernating / At-Risk,0
16066,5,1521.04,935,77,3.122871287128713,United Kingdom,17,304.20799999999997,187.0,107,1.4018691588785046,0.0,0.0,1,2,0,1.3328150841897919,0.7603533097627896,0.2925487299354212,Champions (High-Value),1
16070,2,852.15,457,32,2.1045454545454545,United Kingdom,22,426.075,228.5,9,2.0,0.0,0.0,1,0,0,0.49219532522514053,0.6811984363191457,1.3608035135898957,Loyal Regulars,0
16071,1,326.24,180,21,2.737142857142857,United Kingdom,45,326.24,180.0,0,1.0,0.0,0.0,1,1,1,-1.0067917929093146,-0.23574090621843063,0.2997782503417287,Hibernating / At-Risk,0
16072,1,584.3199999999999,140,23,8.399565217391304,United Kingdom,288,584.3199999999999,140.0,0,1.0,0.0,0.0,1,1,1,-1.0344078652345292,-1.2749270941784996,1.266640756187636,Hibernating / At-Risk,0
16073,1,122.39999999999999,48,1,2.55,United Kingdom,297,122.39999999999999,48.0,0,1.0,1.0,0.5,1,1,1,-2.908072400012043,0.2985649450604602,0.33343915543471514,Hibernating / At-Risk,0
16076,10,2234.73,1435,71,2.541007751937985,United Kingdom,3,223.473,143.5,205,1.4634146341463414,1.0,0.09090909090909091,1,2,2,2.32876711037945,1.7280113913647175,-0.4540487039691901,Champions (High-Value),1
16078,1,79.2,16,1,4.95,United Kingdom,284,79.2,16.0,0,1.0,0.0,0.0,1,1,1,-3.7146969377654675,0.8176471446622261,0.036846901899689526,Hibernating / At-Risk,0
16079,3,1352.0,864,18,2.9714285714285715,United Kingdom,17,450.6666666666667,288.0,23,3.0,0.0,0.0,1,2,0,1.3221428889354583,1.4014208333628073,2.1153176519970804,Champions (High-Value),1
16080,2,217.16,128,10,1.7919999999999998,United Kingdom,82,108.58,64.0,192,0.3125,1.0,0.3333333333333333,1,1,1,-1.8595699345391439,-0.14630656636174652,-1.4732923543676681,Hibernating / At-Risk,0
16081,5,2799.42,1473,175,2.814260089686099,United Kingdom,56,559.884,294.6,310,0.48387096774193544,0.0,0.0,1,0,2,1.6344451761067165,-1.2789829441007223,-0.36358942896060964,Loyal Regulars,0
16083,2,1317.62,908,31,1.5748387096774195,United Kingdom,101,658.81,454.0,259,0.23166023166023167,0.0,0.0,1,0,0,0.510187114402405,-2.238988169490366,-0.4824644105048013,Loyal Regulars,0
16084,1,436.18,216,38,2.6457894736842107,United Kingdom,299,436.18,216.0,0,1.0,0.0,0.0,1,1,1,-1.145989879607513,-1.045282384411677,1.119029435584702,Hibernating / At-Risk,0
16085,5,981.51,636,123,2.387125748502994,United Kingdom,23,196.302,127.2,297,0.5050505050505051,0.0,0.0,1,0,0,0.5560182563357122,0.06529165058063573,-1.2557375203216952,Loyal Regulars,0
16086,5,1121.39,511,24,3.22025641025641,United Kingdom,59,224.27800000000002,102.2,307,0.488599348534202,1.0,0.16666666666666666,1,0,0,0.355594940130802,-0.31927660892942833,-0.9011337693286094,Loyal Regulars,0
16091,2,315.06,154,16,2.841666666666667,United Kingdom,155,157.53,77.0,43,1.3953488372093024,0.0,0.0,1,1,1,-1.4181786181769607,0.6840932952021911,0.7420637499343982,Hibernating / At-Risk,0
16092,3,817.86,628,37,2.176862745098039,United Kingdom,115,272.62,209.33333333333334,139,0.6474820143884892,2.0,0.4,1,0,0,-0.022346386902917365,-0.6297727528503815,-0.16738139186953468,Loyal Regulars,0
16093,1,17.0,20,1,0.85,United Kingdom,107,17.0,20.0,0,1.0,0.0,0.0,1,1,1,-3.851267653031673,1.6074302135545728,-0.6267391933069317,Hibernating / At-Risk,0
16094,4,1078.23,647,48,3.607936507936508,United Kingdom,12,269.5575,161.75,207,0.5797101449275363,2.0,0.3333333333333333,1,0,0,0.8060981128973222,-0.029372227084836718,-1.0971382614004093,Loyal Regulars,0
16096,1,320.62,155,12,13.269166666666669,United Kingdom,264,320.62,155.0,0,1.0,0.0,0.0,1,1,1,-1.5300160844196622,-0.6882216154479109,0.8871419296393492,Hibernating / At-Risk,0
16097,1,185.04999999999998,87,10,5.359999999999999,United Kingdom,240,185.04999999999998,87.0,0,1.0,0.0,0.0,1,1,1,-2.2408182012665794,-0.08777800375978001,0.5174559902941441,Hibernating / At-Risk,0
16098,7,2005.63,613,34,4.424626865671642,United Kingdom,88,286.5185714285714,87.57142857142857,286,0.7342657342657343,0.0,0.0,1,0,0,0.946334292808775,-0.21516134576572782,-0.23004363175597112,Loyal Regulars,0
16099,3,731.9,434,29,1.8684615384615386,United Kingdom,50,243.96666666666667,144.66666666666666,175,0.5142857142857143,0.0,0.0,1,0,0,-0.08626143862420999,-0.4570237767716516,-0.7733306654255382,Loyal Regulars,0
16101,1,1290.7,757,76,2.4839473684210525,United Kingdom,71,1290.7,757.0,0,1.0,2.0,0.6666666666666666,1,0,0,0.7209045213808374,-1.7993968370001492,1.2991089814036092,Loyal Regulars,0
16102,3,1842.14,942,41,2.5987719298245615,United Kingdom,42,614.0466666666667,314.0,86,1.0465116279069768,0.0,0.0,1,0,0,1.2132976193462974,-0.6713375146589503,0.6195000818141373,Loyal Regulars,0
16103,6,1429.64,558,30,4.607291666666667,United Kingdom,7,238.27333333333334,93.0,226,0.7964601769911505,0.0,0.0,1,0,2,1.2066984995312455,0.6600865327265459,-1.034381728688641,Loyal Regulars,0
16104,1,298.21,122,28,3.3332142857142855,United Kingdom,62,298.21,122.0,0,1.0,0.0,0.0,1,1,1,-1.3228362588507214,-0.20209935891138325,0.3449937417251826,Hibernating / At-Risk,0
16105,1,336.96,330,13,1.18,United Kingdom,249,336.96,330.0,0,1.0,0.0,0.0,1,1,1,-1.1727766502575623,-0.7871705942139732,0.9159731848161918,Hibernating / At-Risk,0
16106,1,108.38,74,6,1.5133333333333334,United Kingdom,66,108.38,74.0,0,1.0,0.0,0.0,1,1,1,-2.4704940982617916,0.7865982866981659,-0.23898963903753426,Hibernating / At-Risk,0
16107,7,3204.1600000000003,1176,16,4.36483870967742,United Kingdom,18,457.7371428571429,168.0,165,1.2727272727272727,0.0,0.0,1,2,2,2.1173599440231605,0.3227605590320105,0.33002234370075123,Champions (High-Value),1
16108,1,842.5,615,48,1.9610416666666666,United Kingdom,85,842.5,615.0,0,1.0,1.0,0.5,1,0,0,0.19686689598435164,-1.4226559087500472,1.1039324541555116,Loyal Regulars,0
16109,2,611.88,612,18,1.5788888888888888,United Kingdom,219,305.94,306.0,89,0.6741573033707865,0.0,0.0,1,0,0,-0.4598714164091443,-0.9834137797709658,0.22721738835992322,Loyal Regulars,0
16110,3,1320.95,720,283,2.2987719298245612,United Kingdom,45,440.31666666666666,240.0,266,0.3383458646616541,0.0,0.0,1,0,0,0.6495703022769725,-1.3184021221986164,-0.8138043291316137,Loyal Regulars,0
16112,4,195.73999999999998,574,15,0.5575,United Kingdom,143,48.934999999999995,143.5,195,0.6153846153846154,0.0,0.0,1,1,1,-1.4290951446009812,0.9850316304503077,-1.2032948878020642,Hibernating / At-Risk,0
16113,1,161.38,176,30,2.6510000000000002,United Kingdom,183,161.38,176.0,0,1.0,0.0,0.0,1,1,1,-2.0232883201135734,0.05367350987360697,0.36297448130919246,Hibernating / At-Risk,0
16114,1,135.75000000000003,43,8,3.34375,United Kingdom,171,135.75000000000003,43.0,0,1.0,0.0,0.0,1,1,1,-2.7139959937100238,0.36153913034740437,0.2023012996334844,Hibernating / At-Risk,0
16115,8,1660.8799999999999,994,169,2.3796774193548385,United Kingdom,10,207.60999999999999,124.25,282,0.851063829787234,0.0,0.0,1,2,2,1.5324540944489897,0.8195804438890786,-0.958210556822712,Champions (High-Value),1
16116,1,612.78,248,34,4.36735294117647,United Kingdom,212,612.78,248.0,0,1.0,1.0,0.5,1,0,1,-0.6881360672115602,-1.2873702074709137,1.204654647193046,Loyal Regulars,0
16117,1,232.21,130,30,2.449,United Kingdom,190,232.21,130.0,0,1.0,0.0,0.0,1,1,1,-1.8142262248087517,-0.2752951806764765,0.5809492494688293,Hibernating / At-Risk,0
16119,2,423.36,240,14,2.131875,United Kingdom,8,211.68,120.0,64,0.9375,0.0,0.0,1,0,1,-0.30533192248300456,0.6651545303450207,-0.679619266785815,Loyal Regulars,0
16120,4,1309.14,878,26,1.807,United Kingdom,59,327.285,219.5,0,4.0,1.0,0.2,1,2,0,1.0593570142013562,1.8794923034305586,2.8379349609158164,Champions (High-Value),1
16121,2,854.66,576,170,1.9905392156862745,United Kingdom,57,427.33,288.0,158,0.379746835443038,0.0,0.0,1,0,0,0.10848027931966829,-1.3706395714081285,-0.6072663958197615,Loyal Regulars,0
16122,4,684.4200000000001,1128,26,1.583157894736842,United Kingdom,73,171.10500000000002,282.0,293,0.40955631399317405,0.0,0.0,1,0,0,0.12191753961639067,-0.3863924267341385,-1.0880934594586393,Loyal Regulars,0
16123,1,307.78,170,16,3.1075,United Kingdom,52,307.78,170.0,0,1.0,0.0,0.0,1,1,1,-1.1195258298331918,-0.2141920495709121,0.3127748484861503,Hibernating / At-Risk,0
16124,1,249.0,48,11,8.549999999999999,United Kingdom,317,249.0,48.0,0,1.0,1.0,0.5,1,1,1,-2.26722571395198,-0.3936747610555148,0.7712245275802022,Hibernating / At-Risk,0
16125,1,289.35,124,13,3.209230769230769,United Kingdom,367,289.35,124.0,0,1.0,0.0,0.0,1,1,1,-1.7966012362443171,-0.6610559069686089,0.9339345675896158,Hibernating / At-Risk,0
16126,4,6287.77,2125,57,3.6533333333333333,United Kingdom,29,1571.9425,531.25,267,0.449438202247191,0.0,0.0,1,0,2,2.6731927616397,-2.244584216471765,0.0029746464943820835,Loyal Regulars,0
16127,1,656.25,323,40,3.10625,United Kingdom,39,656.25,323.0,0,1.0,0.0,0.0,1,0,0,-0.09233771748632408,-0.9156878162186437,0.6773868713645731,Loyal Regulars,0
16128,5,1880.22,988,76,2.425056179775281,United Kingdom,18,376.044,197.6,264,0.5681818181818181,0.0,0.0,1,0,2,1.4057289888951394,-0.4348591003868441,-0.8219315475108975,Loyal Regulars,0
16131,6,3506.54,1802,55,3.2437179487179484,United Kingdom,52,584.4233333333333,300.3333333333333,188,0.9574468085106383,0.0,0.0,1,2,0,2.044049350491888,-0.6249774264762006,0.4257509268302231,Champions (High-Value),1
16133,33,14589.04,8887,219,3.2128106508875742,United Kingdom,4,442.09212121212124,269.3030303030303,314,3.1528662420382165,13.0,0.2826086956521739,1,2,2,5.0214898526191405,2.4554249939365294,1.3823115512595403,Champions (High-Value),1
16134,2,618.09,371,34,2.047428571428571,United Kingdom,22,309.045,185.5,337,0.17804154302670624,1.0,0.3333333333333333,1,0,0,-0.17270867330152256,-1.0933938308225393,-1.5479432076141069,Loyal Regulars,0
16135,1,517.55,209,21,3.4428571428571426,United Kingdom,263,517.55,209.0,0,1.0,0.0,0.0,1,1,1,-0.9671967375215971,-1.1701479811255773,1.1747105965153564,Hibernating / At-Risk,0
16136,3,709.38,440,35,2.655675675675676,United Kingdom,60,236.46,146.66666666666666,217,0.4147465437788018,0.0,0.0,1,0,0,-0.17680375894748238,-0.6330940551129501,-0.9305695386893895,Loyal Regulars,0
16139,3,635.41,330,25,2.7732258064516127,United Kingdom,19,211.8033333333333,110.0,187,0.48128342245989303,0.0,0.0,1,0,0,-0.0921114760662257,-0.09040088805536371,-1.2499150590583434,Loyal Regulars,0
16140,2,725.18,730,32,1.7917142857142858,United Kingdom,66,362.59,365.0,305,0.19672131147540986,2.0,0.5,1,0,0,-0.032081283725841916,-1.6000678432650839,-1.0682080083232637,Loyal Regulars,0
16141,1,620.4,238,30,4.6883333333333335,United Kingdom,88,620.4,238.0,0,1.0,0.0,0.0,1,0,0,-0.46923688427020543,-1.0550649585982301,0.9111116097701911,Loyal Regulars,0
16142,1,535.34,422,37,2.8767567567567567,United Kingdom,250,535.34,422.0,0,1.0,0.0,0.0,1,0,1,-0.6471567078182954,-1.2514460739405109,1.1955386139611706,Loyal Regulars,0
16143,6,2424.94,919,75,4.138119658119658,United Kingdom,3,404.1566666666667,153.16666666666666,365,0.4931506849315069,1.0,0.14285714285714285,1,0,2,2.0142461223833403,-0.11919964885252751,-1.495499927663924,Loyal Regulars,0
16144,1,175.2,16,1,10.95,United Kingdom,247,175.2,16.0,0,1.0,0.0,0.0,1,1,1,-2.946094612061912,0.10418293565217915,0.4522628261719454,Hibernating / At-Risk,0
16145,11,3799.4900000000002,3123,134,2.2435267857142858,United Kingdom,9,345.40818181818184,283.90909090909093,351,0.9401709401709403,7.0,0.3888888888888889,1,2,2,2.832440103687885,0.48089321426442544,-0.5882664239391775,Champions (High-Value),1
16146,3,734.13,427,26,2.0944827586206896,United Kingdom,157,244.71,142.33333333333334,74,1.2162162162162162,0.0,0.0,1,0,1,-0.2615912426130569,0.09963507146755822,0.7410375935918005,Loyal Regulars,0
16147,1,375.0,246,22,3.9104545454545456,United Kingdom,134,375.0,246.0,0,1.0,0.0,0.0,1,1,1,-1.0308482871720028,-0.692963979251022,0.7594391715693762,Hibernating / At-Risk,0
16148,1,76.32000000000001,72,1,1.06,United Kingdom,296,76.32000000000001,72.0,0,1.0,0.0,0.0,1,1,1,-3.1856054254226573,0.7101312398162763,0.06761974245853615,Hibernating / At-Risk,0
16149,2,280.52,308,18,1.2538888888888888,United Kingdom,5,140.26,154.0,137,0.43795620437956206,0.0,0.0,1,0,1,-0.5774931180485535,0.4646209591568788,-1.9337068303612852,Loyal Regulars,0
16150,5,2053.02,1047,91,3.028974358974359,United Kingdom,43,410.604,209.4,329,0.45592705167173253,5.0,0.5,1,0,2,1.2721803101970626,-0.9247795077843386,-0.6996907579370197,Loyal Regulars,0
16152,1,1829.04,642,29,5.976206896551724,United Kingdom,269,1829.04,642.0,0,1.0,0.0,0.0,1,0,0,0.6419606177230626,-2.481463100224392,1.9537966426545486,Loyal Regulars,0
16153,5,1824.23,1073,78,2.9908988764044944,United Kingdom,50,364.846,214.6,305,0.49180327868852464,0.0,0.0,1,0,2,1.1416910257932982,-0.799489166174261,-0.6458219488466899,Loyal Regulars,0
16156,9,3092.04,1273,108,3.1065625,United Kingdom,9,343.56,141.44444444444446,302,0.8940397350993378,4.0,0.3076923076923077,1,2,2,2.2534464861822787,0.4386292100262521,-0.6449387774016467,Champions (High-Value),1
16157,3,656.69,347,12,3.445555555555556,United Kingdom,16,218.89666666666668,115.66666666666667,56,1.6071428571428572,1.0,0.25,1,0,0,0.1748273286127604,1.2093792073243006,0.3842702001839738,Loyal Regulars,0
16159,1,348.2,236,14,1.8714285714285714,United Kingdom,282,348.2,236.0,0,1.0,0.0,0.0,1,1,1,-1.305587723460861,-0.8225262057001931,0.9690712818785704,Hibernating / At-Risk,0
16160,2,1025.44,1162,20,1.741,United Kingdom,65,512.72,581.0,20,2.0,2.0,0.5,1,0,0,0.7611399609474556,0.13051888862574404,1.855968817623328,Loyal Regulars,0
16161,19,5533.67,2583,286,3.182972399150743,United Kingdom,2,291.2457894736842,135.94736842105263,367,1.553133514986376,7.0,0.2692307692307692,1,2,2,3.5837022405923133,1.8253573257853637,-0.41178602113123225,Champions (High-Value),1
16162,1,37.4,4,2,9.35,United Kingdom,252,37.4,4.0,0,1.0,0.0,0.0,1,1,1,-4.248511001265764,1.4138612596970044,-0.34626510591980225,Hibernating / At-Risk,0
16163,2,856.6,192,5,4.791666666666667,United Kingdom,232,428.3,96.0,132,0.45454545454545453,1.0,0.3333333333333333,1,0,0,-0.6604530391336297,-1.5368330657708156,-0.001068549191675116,Loyal Regulars,0
16164,3,822.48,433,27,2.433529411764706,United Kingdom,17,274.16,144.33333333333334,25,3.0,1.0,0.25,1,2,0,0.5886827667327698,1.9369056381022371,1.805587472319726,Champions (High-Value),1
16168,27,3787.6,1892,57,3.3155102040816327,United Kingdom,11,140.28148148148148,70.07407407407408,359,2.256267409470752,1.0,0.03571428571428571,1,2,2,2.8885541062151088,2.8582700069167313,0.2700520320940731,Champions (High-Value),1
16169,4,1822.97,1325,71,2.0698823529411765,United Kingdom,8,455.7425,331.25,67,1.791044776119403,0.0,0.0,1,2,0,1.846520540755502,0.8068556617155481,0.7841905354841671,Champions (High-Value),1
16170,6,1885.05,1770,106,2.08032,United Kingdom,51,314.175,295.0,197,0.9137055837563453,1.0,0.14285714285714285,1,0,2,1.4577127545357773,-0.07817921019959409,-0.012435548073309462,Loyal Regulars,0
16171,1,73.2,24,3,3.4166666666666665,United Kingdom,59,73.2,24.0,0,1.0,0.0,0.0,1,1,1,-3.236129188575828,1.2864694873100637,-0.533997590138074,Hibernating / At-Risk,0
16172,5,1140.21,787,52,1.9330434782608694,United Kingdom,95,228.042,157.4,146,1.0273972602739727,0.0,0.0,1,0,1,0.5160321400302201,0.20197068695221687,0.19352686043051293,Loyal Regulars,0
16173,6,1418.32,575,70,4.0340476190476195,United Kingdom,16,236.38666666666666,95.83333333333333,82,2.1951219512195124,1.0,0.14285714285714285,1,2,0,1.1962643363163659,1.7720306139150823,0.9209256104931264,Champions (High-Value),1
16174,3,1009.5500000000001,651,19,3.7252173913043474,United Kingdom,126,336.5166666666667,217.0,25,3.0,0.0,0.0,1,1,0,0.4388273576681208,1.1669093805790756,2.6075370155302,Hibernating / At-Risk,0
16175,4,1037.59,533,45,3.5925862068965517,United Kingdom,94,259.3975,133.25,145,0.8275862068965518,0.0,0.0,1,0,0,0.22984909027980246,-0.19051790184989037,-0.01119734857316978,Loyal Regulars,0
16177,1,331.95,95,15,5.41,United Kingdom,50,331.95,95.0,0,1.0,0.0,0.0,1,1,1,-1.2667775056959634,-0.22364505674041163,0.3288064785025183,Hibernating / At-Risk,0
16178,1,197.9,94,8,3.19375,United Kingdom,138,197.9,94.0,0,1.0,0.0,0.0,1,1,1,-2.0075146894691582,-0.006847247171948549,0.3697407084735741,Hibernating / At-Risk,0
16179,1,215.83,99,11,3.732727272727273,United Kingdom,61,215.83,99.0,0,1.0,0.0,0.0,1,1,1,-1.7001290530562547,0.1285100277168433,0.14457694390875322,Hibernating / At-Risk,0
16180,8,10254.18,5867,90,2.43179012345679,United Kingdom,100,1281.7725,733.375,152,1.5789473684210527,2.0,0.2,1,2,2,3.458730650299693,-0.9288244055059329,1.8980133181514158,Champions (High-Value),1
16181,1,305.54,152,11,2.411818181818182,United Kingdom,73,305.54,152.0,0,1.0,0.0,0.0,1,1,1,-1.2555971990385892,-0.2891821345956828,0.4202213770032587,Hibernating / At-Risk,0
16182,4,6617.65,3791,17,2.12,United Kingdom,72,1654.4125,947.75,222,0.5405405405405405,0.0,0.0,1,0,2,2.739674563976033,-2.4512420019608787,0.5336219639947207,Loyal Regulars,0
16183,1,338.71000000000004,113,15,3.5153333333333334,United Kingdom,67,338.71000000000004,113.0,0,1.0,0.0,0.0,1,1,1,-1.2540975295895462,-0.3375533138709009,0.4439412082982421,Hibernating / At-Risk,0
16184,6,1158.79,561,26,4.008,United Kingdom,64,193.13166666666666,93.5,147,1.2244897959183672,1.0,0.14285714285714285,1,0,0,0.5432520858433171,0.7702072316420583,0.19329641446924894,Loyal Regulars,0
16185,2,529.41,260,31,3.302258064516129,United Kingdom,17,264.705,130.0,215,0.27906976744186046,0.0,0.0,1,0,1,-0.3725578542819463,-0.6937893587349553,-1.5346695782230253,Loyal Regulars,0
16186,12,4006.94,3020,87,1.8390366972477066,United Kingdom,23,333.9116666666667,251.66666666666666,349,1.0315186246418337,1.0,0.07692307692307693,1,2,2,2.670970151836246,0.4122311046071357,-0.19051147983866756,Champions (High-Value),1
16187,15,6911.4400000000005,5048,160,2.1664745762711863,United Kingdom,32,460.7626666666667,336.53333333333336,252,1.7857142857142856,2.0,0.11764705882352941,1,2,2,3.429477785555733,0.7761367277032128,1.0066730304198028,Champions (High-Value),1
16188,4,981.86,782,65,2.2217910447761198,United Kingdom,45,245.465,195.5,198,0.6060606060606061,0.0,0.0,1,0,0,0.4750343187441514,-0.26764375502214666,-0.6641932555535466,Loyal Regulars,0
16189,2,215.48,134,9,3.9436363636363634,United Kingdom,16,107.74,67.0,69,0.8695652173913044,0.0,0.0,1,1,1,-1.3331520289864822,1.1015325616411171,-0.9766045258255488,Hibernating / At-Risk,0
16190,1,215.08,88,6,7.1866666666666665,United Kingdom,40,215.08,88.0,0,1.0,0.0,0.0,1,1,1,-1.643293325527937,0.2562319003912632,-0.00255743448717204,Hibernating / At-Risk,0
16191,13,5180.52,3351,65,2.2528358208955224,United Kingdom,3,398.5015384615385,257.7692307692308,357,1.0924369747899159,12.0,0.48,1,2,2,3.4305479105321433,0.8253302777668976,-0.628904704670227,Champions (High-Value),1
16193,1,314.45,219,19,2.3473684210526318,United Kingdom,237,314.45,219.0,0,1.0,0.0,0.0,1,1,1,-1.385185466680128,-0.671040399079688,0.8478285488414548,Hibernating / At-Risk,0
16198,1,400.68,128,14,4.477857142857143,United Kingdom,75,400.68,128.0,0,1.0,0.0,0.0,1,1,1,-1.077880921484264,-0.5393572529377221,0.5839835015518451,Hibernating / At-Risk,0
16200,2,1068.8700000000001,516,149,2.6325581395348836,United Kingdom,4,534.4350000000001,258.0,159,0.37735849056603776,0.0,0.0,1,0,0,0.9005282290227872,-0.902698367470727,-1.3257540092475113,Loyal Regulars,0
16201,4,1863.47,1286,74,2.0225225225225225,United Kingdom,3,465.8675,321.5,106,1.1320754716981132,1.0,0.2,1,2,2,1.979564582318113,0.39706165905461716,-0.2774846598280696,Champions (High-Value),1
16202,1,365.27,191,18,3.4850000000000003,United Kingdom,361,365.27,191.0,0,1.0,0.0,0.0,1,1,1,-1.4071097008389937,-0.9169928310357769,1.0762085407138957,Hibernating / At-Risk,0
16203,4,592.9,262,27,2.875714285714286,United Kingdom,59,148.225,65.5,313,0.38338658146964855,1.0,0.2,1,0,1,-0.5368861872351223,-0.10403688513864143,-1.3375611744498306,Loyal Regulars,0
16204,1,384.18,218,45,2.0682,United Kingdom,23,384.18,218.0,0,1.0,0.0,0.0,1,1,1,-0.6132947657085155,-0.2293582083975696,0.17723685696486446,Hibernating / At-Risk,0
16205,4,751.03,512,72,2.2147916666666667,United Kingdom,31,187.7575,128.0,148,0.8108108108108107,0.0,0.0,1,0,0,0.18984063773659912,0.39921826783954917,-0.6026109058856064,Loyal Regulars,0
16206,4,537.0600000000001,272,52,2.346031746031746,United Kingdom,55,134.26500000000001,68.0,272,0.4411764705882353,0.0,0.0,1,0,1,-0.5835466983516239,0.09892005882070298,-1.2972590173389342,Loyal Regulars,0
16207,1,394.38,140,19,4.256842105263158,United Kingdom,25,394.38,140.0,0,1.0,0.0,0.0,1,1,1,-0.782808934220971,-0.23676492426762624,0.20858917581065295,Hibernating / At-Risk,0
16208,2,664.26,333,61,3.159242424242424,United Kingdom,45,332.13,166.5,244,0.24590163934426232,0.0,0.0,1,0,0,-0.3131872340827502,-1.2504773224869068,-1.150433892201654,Loyal Regulars,0
16209,5,2262.62,1179,37,2.483913043478261,United Kingdom,89,452.524,235.8,157,0.9554140127388535,0.0,0.0,1,0,0,1.3172710630530524,-0.5517711847449089,0.4772660255763076,Loyal Regulars,0
16210,17,21076.3,7558,73,3.7064754098360657,United Kingdom,2,1239.7823529411764,444.5882352941176,372,1.3709677419354838,0.0,0.0,1,2,2,5.157587893763128,0.1476775609168714,0.26681816401556,Champions (High-Value),1
16211,1,547.02,154,23,3.8082608695652174,United Kingdom,89,547.02,154.0,0,1.0,1.0,0.5,1,1,1,-0.759608212115548,-0.8991661445855984,0.8296706838648945,Hibernating / At-Risk,0
16212,2,690.34,244,40,4.468048780487805,United Kingdom,19,345.17,122.0,264,0.22727272727272727,1.0,0.3333333333333333,1,0,1,-0.19070400869228288,-1.0642265248117018,-1.4665083075724499,Loyal Regulars,0
16213,1,159.0,48,6,3.8166666666666664,United Kingdom,79,159.0,48.0,0,1.0,0.0,0.0,1,1,1,-2.329310296948042,0.4127589771033496,0.03460243034191343,Hibernating / At-Risk,0
16214,3,1062.75,420,36,4.525454545454545,United Kingdom,171,354.25,140.0,98,0.9183673469387755,0.0,0.0,1,0,1,0.009179677160593662,-0.604016826064192,0.56057824526481,Loyal Regulars,0
16215,1,242.35,104,14,4.285714285714286,United Kingdom,81,242.35,104.0,0,1.0,0.0,0.0,1,1,1,-1.645087528993409,-0.06310879474758027,0.30978393464713466,Hibernating / At-Risk,0
16216,1,914.9300000000001,254,37,8.991621621621622,United Kingdom,267,914.9300000000001,254.0,0,1.0,0.0,0.0,1,0,0,-0.36482176449822484,-1.7351280340178314,1.5197357556818185,Loyal Regulars,0
16217,2,304.25,91,13,4.21,United Kingdom,235,152.125,45.5,46,1.3043478260869565,2.0,0.5,1,1,1,-1.7739354379971857,0.5616819714156553,0.7358167494091362,Hibernating / At-Risk,0
16218,7,3084.68,2088,56,1.6713095238095237,United Kingdom,30,440.6685714285714,298.2857142857143,343,0.6122448979591837,1.0,0.125,1,0,2,2.076192584967231,-0.6114567686235989,-0.5230159647257879,Loyal Regulars,0
16221,3,860.86,714,90,2.2657894736842104,United Kingdom,37,286.9533333333333,238.0,330,0.2727272727272727,0.0,0.0,1,0,0,0.2816982912586111,-0.9719198220686954,-1.2793858672693559,Loyal Regulars,0
16222,1,773.5500000000001,325,120,3.277868852459016,United Kingdom,318,773.5500000000001,325.0,0,1.0,0.0,0.0,1,0,0,-0.46887247189552944,-1.6450803905827696,1.4873357200602297,Loyal Regulars,0
16224,4,1295.3,1116,90,2.4532291666666666,United Kingdom,57,323.825,279.0,192,0.625,0.0,0.0,1,0,2,0.8165600531580965,-0.6004419839443671,-0.3781713477346347,Loyal Regulars,0
16225,5,1096.32,493,109,2.393358208955224,United Kingdom,45,219.26399999999998,98.6,232,0.646551724137931,0.0,0.0,1,0,0,0.4197916648057358,0.008909135165755646,-0.7087905620562777,Loyal Regulars,0
16226,3,255.12,192,6,1.7675,United Kingdom,203,85.04,64.0,32,2.8125,0.0,0.0,1,1,1,-1.4520817037818614,2.3422783097347195,1.792102542485954,Hibernating / At-Risk,0
16227,1,314.22,90,6,3.313333333333334,United Kingdom,225,314.22,90.0,0,1.0,1.0,0.5,1,1,1,-1.7201545998038632,-0.5766836897871749,0.8065326697984762,Hibernating / At-Risk,0
16229,2,1010.6,318,46,3.3648936170212767,United Kingdom,87,505.3,159.0,125,0.48,0.0,0.0,1,0,0,-0.0541099949124116,-1.4317709402432703,-0.17404037446130796,Loyal Regulars,0
16230,2,542.03,365,32,1.9505714285714284,United Kingdom,190,271.015,182.5,30,2.0,0.0,0.0,1,1,1,-0.5587166408447068,0.5491548065054533,1.8164963302195722,Hibernating / At-Risk,0
16232,4,990.88,550,24,2.445945945945946,United Kingdom,44,247.72,137.5,171,0.7017543859649122,1.0,0.2,1,0,0,0.3687300845336295,-0.10653589347439335,-0.5046768993254924,Loyal Regulars,0
16233,3,536.6800000000001,174,22,3.6286363636363634,United Kingdom,71,178.89333333333335,58.0,295,0.30508474576271183,2.0,0.4,1,0,1,-0.8670699415522887,-0.5145820237611302,-1.2994750997287245,Loyal Regulars,0
16235,4,857.31,329,41,4.709555555555555,United Kingdom,41,214.3275,82.25,291,0.4123711340206186,1.0,0.2,1,0,0,-0.007581958809453566,-0.3292506277301736,-1.1770327114034502,Loyal Regulars,0
16236,1,432.2,184,20,2.8775000000000004,United Kingdom,78,432.2,184.0,0,1.0,0.0,0.0,1,1,1,-0.8755037991872273,-0.6546080128966093,0.651169054397068,Hibernating / At-Risk,0
16239,2,414.2,228,18,2.331578947368421,United Kingdom,57,207.1,114.0,132,0.45454545454545453,1.0,0.3333333333333333,1,0,1,-0.9117855473216908,-0.47736727020827674,-0.9004123412981488,Loyal Regulars,0
16240,2,3718.8,1641,126,4.088148148148148,United Kingdom,24,1859.4,820.5,53,1.1320754716981132,3.0,0.6,1,0,0,2.238591981075298,-1.6420366948417224,1.2804173666072582,Loyal Regulars,0
16241,13,2590.31,1443,347,2.225236641221374,United Kingdom,10,199.2546153846154,111.0,360,1.0833333333333333,0.0,0.0,1,2,2,2.194354955746087,1.2723125272179496,-0.7228826862430142,Champions (High-Value),1
16242,7,3579.86,1969,184,2.4226027397260275,United Kingdom,8,511.40857142857146,281.2857142857143,268,0.7835820895522387,1.0,0.125,1,2,2,2.539650826840048,-0.17679221426897931,-0.5636757631694783,Champions (High-Value),1
16243,2,409.1,110,49,5.841372549019608,United Kingdom,34,204.55,55.0,21,2.0,0.0,0.0,1,1,1,-0.854905794184543,1.3916083163600594,1.0375379109161451,Hibernating / At-Risk,0
16244,2,1522.75,855,88,2.567252747252747,United Kingdom,212,761.375,427.5,160,0.375,0.0,0.0,1,0,0,0.46659153933306796,-2.3230736129920633,0.17898180022981489,Loyal Regulars,0
16245,3,1413.66,1014,80,2.924444444444444,United Kingdom,24,471.22,338.0,233,0.38626609442060084,2.0,0.4,1,0,0,1.0143812898333728,-1.165516073536873,-0.8705783907437933,Loyal Regulars,0
16247,1,114.56,182,16,2.7112499999999997,United Kingdom,170,114.56,182.0,0,1.0,0.0,0.0,1,1,1,-2.30815635374208,0.39574440727474436,0.13851366007571347,Hibernating / At-Risk,0
16248,1,152.94,78,7,2.0314285714285716,United Kingdom,62,152.94,78.0,0,1.0,0.0,0.0,1,1,1,-2.1160296365820637,0.4724839785052199,-0.057674241965907536,Hibernating / At-Risk,0
16249,5,1800.07,950,67,3.4831884057971014,United Kingdom,53,360.014,190.0,186,0.8064516129032258,0.0,0.0,1,0,2,1.1260121218038284,-0.35462131347746645,-0.07208027343151761,Loyal Regulars,0
16250,2,389.44,208,22,3.0883333333333334,United Kingdom,261,194.72,104.0,112,0.5357142857142857,0.0,0.0,1,1,1,-1.3744142751785358,-0.70196636743859,-0.26063694077729194,Hibernating / At-Risk,0
16253,2,3683.86,3233,114,1.7190243902439024,United Kingdom,67,1841.93,1616.5,188,0.3191489361702128,1.0,0.3333333333333333,1,0,2,2.091701153749676,-3.0658762160363433,0.21858561510270266,Loyal Regulars,0
16255,8,2619.91,1767,146,2.851,United Kingdom,17,327.48875,220.875,348,0.6896551724137931,2.0,0.2,1,2,2,2.0278678532499224,-0.009930355340545772,-0.7761673736593975,Champions (High-Value),1
16256,1,752.4300000000001,581,13,2.3407692307692307,United Kingdom,267,752.4300000000001,581.0,0,1.0,1.0,0.5,1,0,0,-0.22181621647842198,-1.6228188849949587,1.4263971174210808,Loyal Regulars,0
16257,1,21.95,1,1,21.95,United Kingdom,177,21.95,1.0,0,1.0,0.0,0.0,1,1,1,-4.1584408298086375,1.5107231267626857,-0.46703129488601963,Hibernating / At-Risk,0
16258,5,5203.51,2994,111,3.034148148148148,United Kingdom,45,1040.702,598.8,173,0.8670520231213873,0.0,0.0,1,2,2,2.6164155853292828,-1.350585522733493,0.623960450828225,Champions (High-Value),1
16260,1,1035.45,311,18,5.366666666666666,United Kingdom,51,1035.45,311.0,0,1.0,0.0,0.0,1,0,0,0.24976964023784798,-1.4196209554638601,1.0345552639576403,Loyal Regulars,0
16261,4,728.54,301,98,3.3365546218487396,United Kingdom,17,182.135,75.25,228,0.5263157894736842,0.0,0.0,1,0,0,0.04750699925100616,0.24402532238179328,-1.3365941013953682,Loyal Regulars,0
16265,9,5347.0,2644,163,3.3825,United Kingdom,9,594.1111111111111,293.77777777777777,355,0.7605633802816901,2.0,0.18181818181818182,1,2,2,3.0278075587007693,-0.3160039045372116,-0.5199780430784819,Champions (High-Value),1
16266,7,861.89,398,44,3.9349180327868853,United Kingdom,74,123.12714285714286,56.857142857142854,132,1.5909090909090908,0.0,0.0,1,1,1,0.1607883896354024,1.590002898087033,0.39075757462740907,Hibernating / At-Risk,0
16268,2,617.65,532,44,3.2195454545454543,United Kingdom,71,308.825,266.0,0,2.0,0.0,0.0,1,1,0,-0.03951091647408858,0.6597748545856832,1.5678390911524076,Hibernating / At-Risk,0
16270,1,1141.24,688,54,3.222777777777778,United Kingdom,353,1141.24,688.0,0,1.0,0.0,0.0,1,0,0,0.1608350197594639,-2.1121066645601223,1.7712707453019987,Loyal Regulars,0
16271,4,1389.64,1023,88,1.5613178294573644,United Kingdom,16,347.41,255.75,342,0.3508771929824561,1.0,0.2,1,0,0,1.104863086943793,-0.743347298748389,-1.3062615769363122,Loyal Regulars,0
16272,1,411.7,224,25,1.7372,United Kingdom,117,411.7,224.0,0,1.0,0.0,0.0,1,1,1,-0.94636923279644,-0.7364472425154589,0.7655755001458745,Hibernating / At-Risk,0
16274,1,331.55,151,63,4.13015873015873,United Kingdom,373,331.55,151.0,0,1.0,0.0,0.0,1,1,1,-1.594622792775535,-0.8097539760565089,1.020769692808987,Hibernating / At-Risk,0
16275,1,559.87,336,33,4.386969696969698,United Kingdom,197,559.87,336.0,0,1.0,0.0,0.0,1,0,1,-0.634234237981418,-1.2083736391535973,1.1344421325931406,Loyal Regulars,0
16276,1,810.6000000000001,420,6,1.9916666666666665,United Kingdom,177,810.6000000000001,420.0,0,1.0,0.0,0.0,1,0,0,-0.17522714293247943,-1.5519935065033703,1.321139989040548,Loyal Regulars,0
16278,1,566.38,114,23,9.835217391304349,United Kingdom,100,566.38,114.0,0,1.0,2.0,0.6666666666666666,1,1,1,-0.8743323844969435,-0.9372415445874164,0.8818967257272976,Hibernating / At-Risk,0
16279,3,1502.78,1046,102,2.20122641509434,United Kingdom,21,500.9266666666667,348.6666666666667,155,0.5806451612903225,1.0,0.25,1,0,0,1.156820066623775,-0.8917617495381455,-0.4902937165201076,Loyal Regulars,0
16281,1,2062.06,934,17,2.373529411764706,United Kingdom,72,2062.06,934.0,0,1.0,0.0,0.0,1,0,0,1.2268038663154894,-2.2532765159666894,1.5747701909948637,Loyal Regulars,0
16282,1,168.3,114,11,2.731818181818182,United Kingdom,340,168.3,114.0,0,1.0,0.0,0.0,1,1,1,-2.312235596823153,-0.11735633093365999,0.5881532893100914,Hibernating / At-Risk,0
16283,5,1569.11,1234,116,2.4266666666666667,United Kingdom,6,313.822,246.8,202,0.7425742574257426,2.0,0.2857142857142857,1,0,2,1.6134763239794412,0.23330480417653454,-0.9538671552081938,Loyal Regulars,0
16284,2,812.68,535,87,2.164757281553398,United Kingdom,31,406.34,267.5,19,2.0,0.0,0.0,1,0,0,0.4254292650418634,0.6212694879242439,1.4505025195442174,Loyal Regulars,0
16287,1,142.5,298,8,2.2375000000000003,United Kingdom,170,142.5,298.0,0,1.0,0.0,0.0,1,1,1,-1.9132113815170784,0.14475415959355822,0.27878859153996893,Hibernating / At-Risk,0
16292,1,302.25,191,17,2.360588235294118,United Kingdom,122,302.25,191.0,0,1.0,1.0,0.5,1,1,1,-1.3064180751129808,-0.4392790163713628,0.5943360780138331,Hibernating / At-Risk,0
16293,10,2248.9900000000002,982,102,4.160847457627119,United Kingdom,22,224.89900000000003,98.2,345,0.8695652173913043,2.0,0.16666666666666666,1,2,2,1.651982177014987,0.6443514516929817,-0.673967222643828,Champions (High-Value),1
16295,4,1328.55,841,70,3.7668354430379747,United Kingdom,10,332.1375,210.25,54,2.2222222222222223,0.0,0.0,1,2,0,1.3666554120221333,1.421894027258297,1.0796996543182575,Champions (High-Value),1
16297,1,301.9,206,20,2.7915,United Kingdom,269,301.9,206.0,0,1.0,3.0,0.75,1,1,1,-1.4792871601468476,-0.6615385975932044,0.8656739147975528,Hibernating / At-Risk,0
16298,3,598.2,198,22,4.071111111111112,United Kingdom,23,199.4,66.0,164,0.5487804878048781,0.0,0.0,1,0,0,-0.38135034680515145,0.06425965450943258,-1.1043775267686164,Loyal Regulars,0
16302,1,233.22,158,11,1.7618181818181817,United Kingdom,127,233.22,158.0,0,1.0,1.0,0.5,1,1,1,-1.6314105991728767,-0.18658662798719533,0.45108888108954137,Hibernating / At-Risk,0
16303,3,5360.63,2659,119,2.858703703703704,United Kingdom,26,1786.8766666666668,886.3333333333334,307,0.2931596091205212,1.0,0.25,1,0,2,2.5927051527351876,-2.7038229601953225,-0.24073830653238917,Loyal Regulars,0
16305,1,361.21999999999997,256,22,1.6831818181818183,United Kingdom,139,361.21999999999997,256.0,0,1.0,0.0,0.0,1,1,1,-1.0593098283342794,-0.670890957513884,0.7509970128365309,Hibernating / At-Risk,0
16306,6,632.27,487,36,1.6270731707317072,United Kingdom,214,105.37833333333333,81.16666666666667,153,1.1764705882352942,3.0,0.3333333333333333,1,1,1,-0.3872678476790322,0.9784265753533513,0.18188165824829136,Hibernating / At-Risk,0
16308,4,2560.0,8000,1,0.32,United Kingdom,38,640.0,2000.0,223,0.5381165919282511,0.0,0.0,1,0,2,2.3098831985783366,-1.4430336364645775,-0.22516962822633746,Loyal Regulars,0
16309,2,706.57,467,39,2.4180952380952383,United Kingdom,106,353.285,233.5,134,0.44776119402985076,1.0,0.3333333333333333,1,0,0,-0.2927778506153768,-1.2293416021873285,-0.37201904479907716,Loyal Regulars,0
16311,2,616.26,394,35,2.4735135135135136,United Kingdom,18,308.13,197.0,31,1.9354838709677418,0.0,0.0,1,0,0,0.1749746119963768,1.0062423609748188,1.0369017917508698,Loyal Regulars,0
16313,2,274.15000000000003,165,16,3.098125,United Kingdom,3,137.07500000000002,82.5,46,1.3043478260869565,0.0,0.0,1,1,1,-0.5935424971751007,1.7307390488358707,-0.7101527081737411,Hibernating / At-Risk,0
16315,1,226.37,75,14,5.351428571428571,United Kingdom,331,226.37,75.0,0,1.0,0.0,0.0,1,1,1,-2.1938223564985093,-0.35440100856668605,0.7416713510038218,Hibernating / At-Risk,0
16316,8,2938.91,1484,120,5.010463576158941,United Kingdom,64,367.36375,185.5,293,0.8191126279863481,4.0,0.3333333333333333,1,0,2,1.7599411841764079,-0.2888595786122557,-0.054282606490457824,Loyal Regulars,0
16317,3,1341.65,890,64,2.979420289855072,United Kingdom,120,447.2166666666667,296.6666666666667,177,0.5084745762711864,0.0,0.0,1,0,0,0.5366665107080257,-1.345472830700734,-0.11359354067394281,Loyal Regulars,0
16318,1,328.15,199,19,2.473684210526316,United Kingdom,35,328.15,199.0,0,1.0,0.0,0.0,1,1,1,-0.8992807404399324,-0.18275124910294793,0.22162240908785386,Hibernating / At-Risk,0
16319,1,404.40000000000003,72,3,5.616666666666667,United Kingdom,218,404.40000000000003,72.0,0,1.0,0.0,0.0,1,1,1,-1.564561046314725,-0.788502444635984,0.9380193269521113,Hibernating / At-Risk,0
16320,2,1038.46,732,56,2.4805357142857143,Unspecified,172,519.23,366.0,40,1.5,0.0,0.0,0,0,0,0.287844216096208,-0.521743781240426,1.643910254664198,Loyal Regulars,0
16321,5,373.65000000000003,135,7,3.6750000000000003,Australia,72,74.73,27.0,251,0.597609561752988,2.0,0.2857142857142857,0,1,1,-1.2129818401787302,0.949253491085233,-1.301638938919798,Hibernating / At-Risk,0
16322,2,326.75,231,28,2.437837837837838,United Kingdom,1,163.375,115.5,35,1.7142857142857142,0.0,0.0,1,1,0,-0.07088504613423388,2.0988350461542513,-0.3533630770330505,Hibernating / At-Risk,0
16323,1,207.50000000000003,50,1,4.15,United Kingdom,196,207.50000000000003,50.0,0,1.0,0.0,0.0,1,1,1,-2.2978516857771725,-0.09198282162118276,0.5009819192762964,Hibernating / At-Risk,0
16324,3,408.59000000000003,270,100,2.122252252252252,United Kingdom,128,136.1966666666667,90.0,48,1.875,0.0,0.0,1,1,1,-0.8526174327460752,1.3476334500166347,1.0848939177480919,Hibernating / At-Risk,0
16325,3,594.24,194,14,3.690555555555556,United Kingdom,47,198.08,64.66666666666667,198,0.4545454545454546,2.0,0.4,1,0,0,-0.5925030350925848,-0.2618819941794953,-1.056088155903463,Loyal Regulars,0
16326,14,3039.2200000000003,682,158,5.088733333333334,United Kingdom,6,217.08714285714288,48.714285714285715,328,1.2804878048780488,1.0,0.06666666666666667,1,2,2,2.20294489263434,1.6169630442009113,-0.5961033391984962,Champions (High-Value),1
16327,6,3789.67,2524,141,2.09123417721519,United Kingdom,14,631.6116666666667,420.6666666666667,355,0.5070422535211268,0.0,0.0,1,2,2,2.49127831040394,-0.978657033796003,-0.725508442659308,Champions (High-Value),1
16330,3,251.91,147,39,2.6733333333333333,United Kingdom,18,83.97,49.0,94,0.9574468085106383,1.0,0.25,1,1,1,-1.1666026494748976,1.5098990785697324,-1.0060166668148303,Hibernating / At-Risk,0
16332,7,1582.8,797,125,2.789271523178808,United Kingdom,28,226.1142857142857,113.85714285714286,277,0.7581227436823106,1.0,0.125,1,0,2,1.1210402369340389,0.32669749954589966,-0.706808297592663,Loyal Regulars,0
16333,22,26626.8,32184,9,1.0662222222222224,United Kingdom,8,1210.3090909090909,1462.909090909091,302,2.185430463576159,0.0,0.0,1,2,2,5.268086270623364,0.6322370645821134,1.4443734877185341,Champions (High-Value),1
16337,1,151.05,87,10,3.04,United Kingdom,37,151.05,87.0,0,1.0,0.0,0.0,1,1,1,-1.955552901438596,0.6138487630390179,-0.23576192151470401,Hibernating / At-Risk,0
16338,1,214.79999999999998,94,11,3.7345454545454544,United Kingdom,157,214.79999999999998,94.0,0,1.0,0.0,0.0,1,1,1,-1.964392292366649,-0.12003267996400804,0.46173579087463035,Hibernating / At-Risk,0
16339,1,94.05,21,17,4.958333333333333,United Kingdom,284,94.05,21.0,0,1.0,0.0,0.0,1,1,1,-3.454990944933461,0.6321988675710638,0.1435610931199465,Hibernating / At-Risk,0
16340,1,534.31,486,124,1.555177304964539,United Kingdom,107,534.31,486.0,0,1.0,0.0,0.0,1,0,0,-0.37744611825235125,-1.0299619601053969,0.9084378195593561,Loyal Regulars,0
16341,4,1971.87,1398,60,1.8232467532467531,United Kingdom,25,492.9675,349.5,176,0.6818181818181819,2.0,0.3333333333333333,1,0,2,1.512069588493699,-0.7216371796161933,-0.29966675478495375,Loyal Regulars,0
16342,4,322.41,157,10,5.6033333333333335,United Kingdom,75,80.6025,39.25,104,1.1538461538461537,0.0,0.0,1,1,1,-1.224938659126601,1.46445880692636,-0.3178034870861552,Hibernating / At-Risk,0
16343,2,328.58,175,29,2.6313953488372093,United Kingdom,16,164.29,87.5,0,2.0,0.0,0.0,1,1,1,-0.6917026313894974,1.7573451867265977,0.6732592455590122,Hibernating / At-Risk,0
16344,1,101.10000000000001,18,1,5.7,United Kingdom,158,101.10000000000001,18.0,0,1.0,0.0,0.0,1,1,1,-3.2965822236846725,0.7378160447718425,-0.01861426345948475,Hibernating / At-Risk,0
16345,1,565.46,288,35,4.142702702702703,United Kingdom,44,565.46,288.0,0,1.0,0.0,0.0,1,0,0,-0.3059531541660466,-0.7958654563720301,0.6273707064825109,Loyal Regulars,0
16347,2,847.45,341,61,3.672705882352941,United Kingdom,11,423.725,170.5,25,2.0,0.0,0.0,1,0,0,0.5387313274703244,0.8919673279959967,1.1264572032858404,Loyal Regulars,0
16348,7,1413.31,799,156,2.8109954751131223,United Kingdom,32,201.90142857142857,114.14285714285714,207,1.0144927536231882,0.0,0.0,1,0,2,1.025883155235126,0.7093971927484929,-0.32677662391936063,Loyal Regulars,0
16349,1,53.5,9,9,5.944444444444445,United Kingdom,291,53.5,9.0,0,1.0,0.0,0.0,1,1,1,-4.176660554155603,1.2018794830407673,-0.18853568588338518,Hibernating / At-Risk,0
16350,4,1116.47,545,40,3.4387719298245614,United Kingdom,21,279.1175,136.25,312,0.3846153846153846,1.0,0.2,1,0,0,0.5954733574714056,-0.4930510615009934,-1.2897279679151528,Loyal Regulars,0
16351,1,153.9,90,8,1.9875,United Kingdom,333,153.9,90.0,0,1.0,0.0,0.0,1,1,1,-2.4818566733464045,-0.005683576573740394,0.5225946584538212,Hibernating / At-Risk,0
16352,2,494.44,300,28,1.9617857142857142,United Kingdom,18,247.22,150.0,20,2.0,0.0,0.0,1,1,0,-0.12982547006096531,1.2899657733234215,0.964830259095814,Hibernating / At-Risk,0
16353,23,6675.71,2006,51,3.010851063829787,United Kingdom,4,290.24826086956523,87.21739130434783,366,1.8852459016393444,0.0,0.0,1,2,2,3.5972500097246454,2.063921608483205,0.07467449393448068,Champions (High-Value),1
16354,2,395.8,150,38,3.1382051282051284,United Kingdom,63,197.9,75.0,9,2.0,0.0,0.0,1,1,1,-0.9190138173117436,1.2290803297491195,1.2335293708780901,Hibernating / At-Risk,0
16356,3,211.77,93,20,2.201290322580645,United Kingdom,198,70.59,31.0,79,1.139240506329114,1.0,0.25,1,1,1,-2.0797313428001956,1.2702338510807685,-0.049784901425667334,Hibernating / At-Risk,0
16357,3,658.88,246,31,4.5797058823529415,United Kingdom,33,219.62666666666667,82.0,180,0.5,0.0,0.0,1,0,0,-0.3057312416811698,-0.21607372291207821,-1.0169910301209042,Loyal Regulars,0
16358,4,2027.5,1302,82,1.8883486238532112,United Kingdom,1,506.875,325.5,183,0.6557377049180328,1.0,0.2,1,2,2,2.1621769181227037,-0.07084827273245692,-1.2123193207191474,Champions (High-Value),1
16359,9,1750.92,1183,39,8.14318181818182,United Kingdom,7,194.54666666666668,131.44444444444446,324,0.8333333333333333,3.0,0.25,1,2,2,1.743294104129641,0.97355609066288,-1.1531362305173978,Champions (High-Value),1
16360,6,3450.41,2110,365,2.296289308176101,United Kingdom,5,575.0683333333333,351.6666666666667,83,2.1686746987951806,2.0,0.25,1,2,0,2.7983050997154346,1.07616743783561,1.094452909792879,Champions (High-Value),1
16361,4,891.21,418,87,3.114903846153846,United Kingdom,10,222.8025,104.5,61,1.9672131147540985,0.0,0.0,1,2,0,0.695443170633189,1.6764708873206353,0.5838401884932873,Champions (High-Value),1
16362,5,709.99,340,58,2.8844155844155845,United Kingdom,32,141.998,68.0,58,2.586206896551724,4.0,0.4444444444444444,1,1,0,0.1967561886593772,2.323884572155746,1.2116732453597339,Hibernating / At-Risk,0
16363,1,109.36000000000001,52,5,2.9560000000000004,United Kingdom,53,109.36000000000001,52.0,0,1.0,0.0,0.0,1,1,1,-2.5436200770256314,0.8687345515806111,-0.31691433131401386,Hibernating / At-Risk,0
16364,2,705.79,279,48,3.4959615384615383,United Kingdom,12,352.895,139.5,125,0.48,0.0,0.0,1,0,0,0.05075099714528034,-0.5511087892950947,-1.0450679811452523,Loyal Regulars,0
16365,9,1540.42,504,45,5.143137254901961,United Kingdom,18,171.1577777777778,56.0,349,0.7736389684813754,0.0,0.0,1,0,2,1.0570937384361678,0.8580623653808104,-1.0510707404685646,Loyal Regulars,0
16366,1,327.3,256,18,2.828888888888889,United Kingdom,19,327.3,256.0,0,1.0,0.0,0.0,1,1,1,-0.6523937078297726,-0.04091214367351858,0.024774458943911,Hibernating / At-Risk,0
16367,2,800.67,643,123,2.3650393700787404,United Kingdom,37,400.335,321.5,325,0.1846153846153846,0.0,0.0,1,0,0,0.1552301139980122,-1.5276126690716594,-1.2092418547096646,Loyal Regulars,0
16368,2,479.91,251,58,2.4233333333333333,United Kingdom,2,239.955,125.5,25,2.0,0.0,0.0,1,1,0,0.24537409627349283,1.842822995512723,0.3087112561596463,Hibernating / At-Risk,0
16369,3,1543.33,1026,90,2.364347826086956,United Kingdom,18,514.4433333333333,342.0,178,0.5056179775280899,0.0,0.0,1,0,0,1.1964896688817759,-0.9860591842049786,-0.6691102857445671,Loyal Regulars,0
16370,4,1301.91,640,143,2.8917194570135747,United Kingdom,82,325.4775,160.0,142,0.8450704225352113,0.0,0.0,1,0,0,0.5501497755123467,-0.3640670696854471,0.10842664704364667,Loyal Regulars,0
16372,2,355.73,158,86,2.705978260869565,United Kingdom,33,177.865,79.0,0,2.0,0.0,0.0,1,1,1,-0.8356523686995418,1.5001208795039183,0.9551356839310541,Hibernating / At-Risk,0
16374,2,458.78000000000003,236,100,2.522222222222222,United Kingdom,66,229.39000000000001,118.0,196,0.30612244897959184,0.0,0.0,1,0,1,-0.873676340442789,-0.8631568036752607,-1.1078975215756799,Loyal Regulars,0
16376,2,974.96,691,104,2.5146721311475413,United Kingdom,9,487.48,345.5,8,2.0,1.0,0.3333333333333333,1,0,0,0.9932122477141218,0.7452017670595983,1.1645834472006844,Loyal Regulars,0
16377,1,676.2,1500,5,0.534,United Kingdom,267,676.2,1500.0,0,1.0,0.0,0.0,1,0,0,0.051843129241066016,-1.6061595159260234,1.3884142792406229,Loyal Regulars,0
16378,3,362.95,267,22,1.8021739130434784,United Kingdom,247,120.98333333333333,89.0,63,1.4285714285714286,0.0,0.0,1,1,1,-1.1863912111819461,0.895589331089018,0.741611968530778,Hibernating / At-Risk,0
16379,4,2157.4,1410,87,1.9833333333333334,United Kingdom,4,539.35,352.5,74,1.6216216216216215,1.0,0.2,1,2,0,2.1588194610074156,0.65962818420184,0.49794329850134217,Champions (High-Value),1
16380,1,1743.1499999999999,1428,28,1.845483870967742,United Kingdom,61,1743.1499999999999,1428.0,0,1.0,0.0,0.0,1,0,0,1.2884924307988075,-2.1020686927813528,1.4410596783520722,Loyal Regulars,0
16383,2,643.76,467,80,2.2327551020408163,United Kingdom,75,321.88,233.5,193,0.31088082901554404,0.0,0.0,1,0,0,-0.32238863937862017,-1.2732035893332856,-0.8374238753495942,Loyal Regulars,0
16384,2,584.5,260,33,3.503030303030303,United Kingdom,90,292.25,130.0,174,0.3448275862068966,0.0,0.0,1,0,0,-0.6802211349604058,-1.1199709332153727,-0.7719903701248411,Loyal Regulars,0
16385,3,554.86,258,52,2.620350877192983,United Kingdom,60,184.95333333333335,86.0,306,0.29411764705882354,0.0,0.0,1,0,1,-0.6419590710640862,-0.5550994608387317,-1.3515784430479976,Loyal Regulars,0
16386,2,302.57,205,76,1.7476543209876543,United Kingdom,29,151.285,102.5,225,0.26666666666666666,0.0,0.0,1,1,1,-1.1185754311399727,-0.303682802593993,-1.721809479455776,Hibernating / At-Risk,0
16387,1,94.36,44,4,3.16,United Kingdom,323,94.36,44.0,0,1.0,0.0,0.0,1,1,1,-3.203076043273084,0.5293845995032136,0.2082524559166988,Hibernating / At-Risk,0
16389,4,1382.07,1242,33,2.7785294117647057,United Kingdom,53,345.5175,310.5,229,0.5240174672489083,1.0,0.2,1,0,2,0.9173490507220275,-0.7986207828076142,-0.5513195398579684,Loyal Regulars,0
16392,1,217.89,201,41,2.007674418604651,United Kingdom,270,217.89,201.0,0,1.0,0.0,0.0,1,1,1,-1.7923600136176019,-0.3501019413471036,0.6751506458563129,Hibernating / At-Risk,0
16393,13,3040.96,1573,120,1.979051987767584,United Kingdom,2,233.92000000000002,121.0,366,1.0655737704918034,7.0,0.35,1,2,2,2.707455178112475,1.450384021676838,-1.0981871478870326,Champions (High-Value),1
16394,5,1555.34,2604,61,1.231566265060241,United Kingdom,57,311.068,520.8,232,0.646551724137931,4.0,0.4444444444444444,1,0,2,1.3399029024368827,-0.5373755290546977,-0.38060101409688674,Loyal Regulars,0
16395,5,1482.06,1472,150,1.9983980582524272,United Kingdom,61,296.412,294.4,270,0.5555555555555556,0.0,0.0,1,0,2,1.035910069422488,-0.588311638784833,-0.5687968376344337,Loyal Regulars,0
16398,2,1705.8,758,75,5.544634146341464,United Kingdom,154,852.9,379.0,99,0.6060606060606061,2.0,0.5,1,0,0,0.6543651675297185,-1.9783193735186833,0.5920497745820203,Loyal Regulars,0
16399,2,406.21999999999997,245,67,2.8349295774647887,United Kingdom,19,203.10999999999999,122.5,216,0.2777777777777778,0.0,0.0,1,0,1,-0.6690077778979625,-0.46784878715608885,-1.658236672760648,Loyal Regulars,0
16400,1,303.93,172,28,3.0141379310344827,United Kingdom,95,303.93,172.0,0,1.0,0.0,0.0,1,1,1,-1.2788102391353529,-0.36690738716524635,0.509736397351593,Hibernating / At-Risk,0
16401,12,4098.32,3882,66,1.4426344086021505,United Kingdom,1,341.52666666666664,323.5,326,1.1042944785276072,8.0,0.4,1,2,2,3.4382085926994552,1.1330873678209596,-0.9202708076529067,Champions (High-Value),1
16402,2,293.45,146,55,2.700877192982456,United Kingdom,265,146.725,73.0,104,0.5769230769230769,0.0,0.0,1,1,1,-1.7709957735486497,-0.345234516752964,-0.3520434457420877,Hibernating / At-Risk,0
16403,1,177.5,114,10,1.6099999999999999,United Kingdom,312,177.5,114.0,0,1.0,1.0,0.5,1,1,1,-2.241009252039237,-0.14429459583264265,0.5898644312146372,Hibernating / At-Risk,0
16404,1,443.05,157,23,5.165217391304347,United Kingdom,70,443.05,157.0,0,1.0,0.0,0.0,1,1,1,-0.887226359979838,-0.6346315436038565,0.6249269883667681,Hibernating / At-Risk,0
16405,2,167.25,187,3,2.33,United Kingdom,302,83.625,93.5,7,2.0,0.0,0.0,1,1,1,-2.028344448259064,1.5975915210779499,1.270255049775943,Hibernating / At-Risk,0
16406,1,154.35,116,54,1.7863793103448276,United Kingdom,19,154.35,116.0,0,1.0,0.0,0.0,1,1,1,-1.6589960860481905,0.7445397241624128,-0.43613201769018634,Hibernating / At-Risk,0
16407,10,2079.68,1093,99,2.9770833333333333,United Kingdom,13,207.968,109.3,299,1.0033444816053512,0.0,0.0,1,2,2,1.7699756913826912,1.0037332966009278,-0.6834613546075835,Champions (High-Value),1
16409,5,2022.98,1304,145,2.7067965367965368,United Kingdom,36,404.596,260.8,281,0.5338078291814946,0.0,0.0,1,0,2,1.4053379568415287,-0.763744326037165,-0.6082444990278516,Loyal Regulars,0
16411,2,211.7,131,41,2.0145454545454546,United Kingdom,19,105.85,65.5,349,0.17191977077363899,0.0,0.0,1,1,1,-1.5382088194208192,0.05609919811958901,-2.2500937273726844,Hibernating / At-Risk,0
16412,1,135.99,63,25,2.098666666666667,United Kingdom,54,135.99,63.0,0,1.0,0.0,0.0,1,1,1,-2.2727746896330134,0.6402558826319434,-0.17847475988710645,Hibernating / At-Risk,0
16413,1,262.2,148,30,2.5261290322580647,United Kingdom,57,262.2,148.0,0,1.0,0.0,0.0,1,1,1,-1.345572162720711,-0.07409193902221256,0.24614909954906747,Hibernating / At-Risk,0
16414,2,126.25,27,5,7.064285714285714,United Kingdom,22,63.125,13.5,258,0.23255813953488372,0.0,0.0,1,1,1,-2.6520929695486704,0.7132620264542073,-2.4550877823541857,Hibernating / At-Risk,0
16415,1,200.27,178,45,1.91,United Kingdom,44,200.27,178.0,0,1.0,0.0,0.0,1,1,1,-1.4581644423219478,0.23554734336544667,0.005916745250532314,Hibernating / At-Risk,0
16416,3,1051.4,672,59,3.0419718309859154,United Kingdom,27,350.4666666666667,224.0,29,3.0,1.0,0.25,1,2,0,0.8763791791771223,1.5418947612487115,2.1128820584038386,Champions (High-Value),1
16418,3,631.12,280,76,3.601578947368421,United Kingdom,45,210.37333333333333,93.33333333333333,181,0.4972375690607735,0.0,0.0,1,0,0,-0.37292127910591616,-0.2742205499597078,-0.94045522989433,Loyal Regulars,0
16419,6,958.71,428,36,4.368399999999999,United Kingdom,113,159.785,71.33333333333333,199,0.9045226130653266,1.0,0.14285714285714285,1,0,1,0.06904182332415784,0.46524413844553636,-0.1903246130661915,Loyal Regulars,0
16422,51,34684.4,33704,68,1.8139295392953931,United Kingdom,17,680.086274509804,660.8627450980392,351,4.3589743589743595,24.0,0.32,1,2,2,5.13980880819363,2.027207615160703,2.505571803452162,Champions (High-Value),1
16423,1,346.12,230,18,1.9155555555555557,United Kingdom,25,346.12,230.0,0,1.0,0.0,0.0,1,1,1,-0.709683946078132,-0.15683620798995687,0.14490081754323766,Hibernating / At-Risk,0
16424,1,133.56,88,5,3.9979999999999998,United Kingdom,191,133.56,88.0,0,1.0,1.0,0.5,1,1,1,-2.4798705468419664,0.2832882043845929,0.24901435053366475,Hibernating / At-Risk,0
16425,1,302.7,199,21,4.171904761904762,United Kingdom,302,302.7,199.0,0,1.0,0.0,0.0,1,1,1,-1.5199135308881901,-0.6927296775468896,0.9059318430752336,Hibernating / At-Risk,0
16426,10,1863.76,1215,211,2.1071671388101985,United Kingdom,2,186.376,121.5,273,1.098901098901099,0.0,0.0,1,2,2,2.118852838594072,1.6292016204523372,-1.1364051357760259,Champions (High-Value),1
16427,2,241.06,156,8,1.488888888888889,United Kingdom,263,120.53,78.0,21,2.0,0.0,0.0,1,1,1,-1.726153665930829,1.3058889308562303,1.4312881123008858,Hibernating / At-Risk,0
16429,1,284.55,9,2,19.950000000000003,United Kingdom,106,284.55,9.0,0,1.0,0.0,0.0,1,1,1,-2.3771436631792553,-0.1034443995172003,0.4412723586707346,Hibernating / At-Risk,0
16430,1,300.85,103,6,4.358333333333333,United Kingdom,57,300.85,103.0,0,1.0,0.0,0.0,1,1,1,-1.3595324749076902,-0.1726158711311659,0.3173707972905295,Hibernating / At-Risk,0
16431,3,623.28,442,51,1.8013157894736842,United Kingdom,213,207.76,147.33333333333334,84,1.0714285714285714,0.0,0.0,1,1,1,-0.49863425452131105,0.014396434153611236,0.5507129010813461,Hibernating / At-Risk,0
16432,1,287.4,276,8,3.1675,United Kingdom,64,287.4,276.0,0,1.0,0.0,0.0,1,1,1,-1.0454933462793494,-0.24858994133895246,0.35531517269546226,Hibernating / At-Risk,0
16433,1,184.26,106,17,1.906470588235294,United Kingdom,28,184.26,106.0,0,1.0,0.0,0.0,1,1,1,-1.6253803594019616,0.48203915037195905,-0.20723183580814294,Hibernating / At-Risk,0
16434,7,1511.8,760,88,3.279252336448598,United Kingdom,29,215.97142857142856,108.57142857142857,270,0.7777777777777778,0.0,0.0,1,0,2,1.0544823636691458,0.39066812316625354,-0.6904719178589687,Loyal Regulars,0
16438,5,798.35,463,74,2.194015151515152,United Kingdom,6,159.67000000000002,92.6,76,1.973684210526316,0.0,0.0,1,2,0,0.7660318949874833,2.1843465201231953,0.20269356782167108,Champions (High-Value),1
16440,5,3640.67,2018,186,2.2190425531914895,United Kingdom,8,728.134,403.6,206,0.7281553398058253,0.0,0.0,1,2,2,2.5227805223186768,-0.7014188604459364,-0.3849290620577528,Champions (High-Value),1
16441,2,381.2,173,22,3.2916666666666665,United Kingdom,67,190.6,86.5,224,0.26785714285714285,0.0,0.0,1,1,1,-1.180211285503099,-0.731200658355058,-1.307209569748593,Hibernating / At-Risk,0
16442,3,609.3,443,161,2.2329824561403506,United Kingdom,2,203.1,147.66666666666666,359,0.25069637883008355,0.0,0.0,1,0,0,0.41817459458822187,0.05935387433030266,-2.4180655250548666,Loyal Regulars,0
16444,4,654.67,407,68,2.3755952380952383,United Kingdom,46,163.6675,101.75,218,0.5504587155963303,1.0,0.2,1,0,0,-0.17424802910704998,0.08996561501832193,-1.0152997117186555,Loyal Regulars,0
16445,1,230.51,111,62,2.6320634920634918,United Kingdom,34,230.51,111.0,0,1.0,0.0,0.0,1,1,1,-1.4480332476643538,0.21326431757082495,-0.010299449925008603,Hibernating / At-Risk,0
16446,2,168472.5,80997,3,1.6600000000000001,United Kingdom,1,84236.25,40498.5,204,0.29411764705882354,1.0,0.3333333333333333,1,2,2,4.226124265387493,-2.490281727178443,-0.8871739040424527,Champions (High-Value),1
16447,1,255.91,221,34,3.037058823529412,United Kingdom,136,255.91,221.0,0,1.0,0.0,0.0,1,1,1,-1.4313043939974293,-0.32364525465507216,0.537573314869811,Hibernating / At-Risk,0
16448,1,182.99,76,19,2.917894736842105,United Kingdom,198,182.99,76.0,0,1.0,0.0,0.0,1,1,1,-2.254703464507383,-0.012379024864551691,0.4416383855805025,Hibernating / At-Risk,0
16449,2,707.69,367,40,3.2979999999999996,United Kingdom,198,353.845,183.5,82,0.7317073170731707,1.0,0.3333333333333333,1,0,0,-0.48945186254663764,-0.9712473467538171,0.36456439696348036,Loyal Regulars,0
16450,1,311.92,200,11,1.4845454545454544,United Kingdom,150,311.92,200.0,0,1.0,0.0,0.0,1,1,1,-1.3116900952565622,-0.5298815898475292,0.6844508004846889,Hibernating / At-Risk,0
16451,1,266.97,120,14,2.6149999999999998,United Kingdom,88,266.97,120.0,0,1.0,0.0,0.0,1,1,1,-1.5204858860736936,-0.19048297069390968,0.39834387774205027,Hibernating / At-Risk,0
16454,1,5.9,2,1,2.95,United Kingdom,64,5.9,2.0,0,1.0,1.0,0.5,1,1,1,-3.900378192686138,1.7882448461864906,-0.8130419740673156,Hibernating / At-Risk,0
16455,7,1841.18,988,69,2.1015151515151516,United Kingdom,64,263.0257142857143,141.14285714285714,307,0.6840390879478828,0.0,0.0,1,0,0,1.1259152385941917,-0.15713235442878234,-0.46246268442800664,Loyal Regulars,0
16456,5,2158.18,1147,80,2.145909090909091,United Kingdom,99,431.63599999999997,229.4,273,0.5494505494505495,0.0,0.0,1,0,2,1.1634746870801957,-1.0646015226514058,-0.20215438537169755,Loyal Regulars,0
16457,1,208.36,140,9,2.67,United Kingdom,218,208.36,140.0,0,1.0,0.0,0.0,1,1,1,-1.920774741348915,-0.2165556341874907,0.5663740421935981,Hibernating / At-Risk,0
16458,18,3482.7400000000002,2154,52,1.7633663366336634,United Kingdom,3,193.48555555555558,119.66666666666667,357,1.5126050420168067,0.0,0.0,1,2,2,2.9946257211379113,2.094217790473324,-0.593048770954033,Champions (High-Value),1
16460,3,811.23,876,128,1.6868181818181818,United Kingdom,28,270.41,292.0,53,1.6981132075471699,0.0,0.0,1,0,0,0.6087803402915671,0.8563302725584376,0.8170566777222223,Loyal Regulars,0
16461,1,142.92,48,31,3.935625,United Kingdom,178,142.92,48.0,0,1.0,0.0,0.0,1,1,1,-2.6342514715443937,0.29205823356485733,0.248891310683103,Hibernating / At-Risk,0
16462,3,136.0,16,1,8.5,United Kingdom,74,45.333333333333336,5.333333333333333,210,0.42857142857142855,1.0,0.25,1,1,1,-3.03543713299465,1.1870317667051016,-1.8782798273151011,Hibernating / At-Risk,0
16463,4,1422.4,1163,74,1.993170731707317,United Kingdom,21,355.6,290.75,182,0.6593406593406593,3.0,0.42857142857142855,1,0,0,1.1745914414872733,-0.37850629282345194,-0.5933707698983854,Loyal Regulars,0
16464,3,1298.66,952,152,2.5217391304347827,United Kingdom,20,432.8866666666667,317.3333333333333,122,0.7377049180327869,0.0,0.0,1,0,0,1.0252810768172589,-0.5150304963061655,-0.31473364777577806,Loyal Regulars,0
16466,7,1595.96,785,103,2.8897945205479454,United Kingdom,34,227.99428571428572,112.14285714285714,258,0.813953488372093,0.0,0.0,1,0,2,1.0842701495600755,0.3397582253902736,-0.545448742192742,Loyal Regulars,0
16468,1,74.9,31,2,7.29,United Kingdom,74,74.9,31.0,0,1.0,0.0,0.0,1,1,1,-3.1750083381962177,1.1811552086319965,-0.4375652575249818,Hibernating / At-Risk,0
16469,4,625.42,260,148,2.9528654970760235,United Kingdom,24,156.355,65.0,222,0.5405405405405405,0.0,0.0,1,0,0,-0.2327998258937968,0.3328109819498141,-1.2895024045494203,Loyal Regulars,0
16470,4,752.77,522,120,1.9395121951219512,United Kingdom,52,188.1925,130.5,307,0.39087947882736157,1.0,0.2,1,0,0,-0.011336454702576867,-0.34613138894178697,-1.2065321065215062,Loyal Regulars,0
16471,1,223.95000000000002,141,13,2.2961538461538464,United Kingdom,275,223.95000000000002,141.0,0,1.0,0.0,0.0,1,1,1,-1.910366807419551,-0.34951851348374113,0.6882789373247707,Hibernating / At-Risk,0
16473,3,316.11,196,18,2.6505555555555556,United Kingdom,165,105.37,65.33333333333333,171,0.5263157894736842,1.0,0.25,1,1,1,-1.4764008704897837,0.10430115882515476,-0.8564111585390541,Hibernating / At-Risk,0
16474,7,1810.49,907,236,2.2721428571428572,United Kingdom,7,258.64142857142855,129.57142857142858,137,1.5328467153284673,4.0,0.36363636363636365,1,2,2,1.739661181625179,1.3755942474275924,0.011104733307526699,Champions (High-Value),1
16475,4,544.3,319,23,5.110714285714286,United Kingdom,88,136.075,79.75,185,0.6486486486486486,0.0,0.0,1,1,1,-0.5856413573074379,0.251392352641623,-0.7290025020390621,Hibernating / At-Risk,0
16477,7,2494.46,1415,111,2.32513698630137,United Kingdom,64,356.3514285714286,202.14285714285714,307,0.6840390879478828,0.0,0.0,1,0,2,1.549447598488683,-0.4785911453214178,-0.27491805936577857,Loyal Regulars,0
16478,3,331.0,224,15,2.942941176470588,United Kingdom,25,110.33333333333333,74.66666666666667,40,2.25,0.0,0.0,1,1,1,-0.6726135234902246,2.285174658402114,0.7689359927162863,Hibernating / At-Risk,0
16479,2,300.83,102,35,3.177142857142857,United Kingdom,10,150.415,51.0,0,2.0,0.0,0.0,1,1,1,-0.8728839218249053,2.009231377651939,0.45811422559178555,Hibernating / At-Risk,0
16480,1,769.29,455,51,3.3305660377358492,United Kingdom,76,769.29,455.0,0,1.0,0.0,0.0,1,0,0,0.02222785909332623,-1.2784313480914469,1.004667126699784,Loyal Regulars,0
16482,1,220.62,346,18,1.3616666666666668,United Kingdom,16,220.62,346.0,0,1.0,0.0,0.0,1,1,1,-0.8585000851017569,0.3521792834512939,-0.25443574953827525,Hibernating / At-Risk,0
16483,1,139.35,44,19,4.410526315789474,United Kingdom,192,139.35,44.0,0,1.0,0.0,0.0,1,1,1,-2.710459676518876,0.30296431221314013,0.2577467865317869,Hibernating / At-Risk,0
16484,2,404.3,200,25,3.2872000000000003,United Kingdom,174,202.15,100.0,17,2.0,1.0,0.3333333333333333,1,1,1,-1.0443748395165213,0.9060422976702251,1.5989549320042349,Hibernating / At-Risk,0
16485,1,363.65,235,41,3.0811904761904763,United Kingdom,77,363.65,235.0,0,1.0,0.0,0.0,1,1,1,-0.9368024702544188,-0.5084691963430302,0.5517939679695344,Hibernating / At-Risk,0
16488,3,498.8,728,28,4.441034482758622,United Kingdom,33,166.26666666666668,242.66666666666666,115,0.7826086956521738,1.0,0.25,1,0,0,-0.08447454876089869,0.3452476374244521,-0.641953555470554,Loyal Regulars,0
16491,1,731.5,478,39,2.54974358974359,United Kingdom,47,731.5,478.0,0,1.0,0.0,0.0,1,0,0,0.11582180756970058,-1.104616497725851,0.8140270321500861,Loyal Regulars,0
16493,4,1351.63,1164,40,1.8078571428571428,United Kingdom,80,337.9075,291.0,250,0.48,2.0,0.3333333333333333,1,0,0,0.7581944172262995,-0.9501939195284091,-0.5133621601175122,Loyal Regulars,0
16494,1,826.53,675,47,1.4991999999999999,United Kingdom,297,826.53,675.0,0,1.0,0.0,0.0,1,0,0,-0.10269258447687543,-1.755116863860762,1.521962450178814,Loyal Regulars,0
16495,3,648.26,328,78,3.1364772727272725,United Kingdom,3,216.08666666666667,109.33333333333333,272,0.33088235294117646,0.0,0.0,1,0,0,0.3032304060592608,0.09001575349650905,-2.1072920719049075,Loyal Regulars,0
16496,3,1599.52,1111,92,2.8450526315789477,United Kingdom,9,533.1733333333333,370.3333333333333,308,0.2922077922077922,1.0,0.25,1,0,2,1.3781601494954963,-1.199488960987986,-1.317831317368826,Loyal Regulars,0
16497,6,2965.69,1396,128,3.6586029411764707,United Kingdom,50,494.2816666666667,232.66666666666666,283,0.6360424028268551,0.0,0.0,1,0,2,1.74211215002738,-0.8412312105005703,-0.22217513771657893,Loyal Regulars,0
16498,2,100.97,45,15,2.3680000000000003,United Kingdom,161,50.485,22.5,0,2.0,1.0,0.3333333333333333,1,1,1,-2.886648069857386,2.371739075490816,0.7257425966921982,Hibernating / At-Risk,0
16499,2,365.45,127,18,4.302631578947368,United Kingdom,360,182.725,63.5,4,2.0,3.0,0.6,1,1,1,-1.5012381483932804,0.8431801827591161,1.7766954982917582,Hibernating / At-Risk,0
16500,6,400.86,123,8,17.12,United Kingdom,5,66.81,20.5,326,0.5521472392638036,0.0,0.0,1,1,1,-0.5358100138119631,1.7462269150941214,-2.3466680628394627,Hibernating / At-Risk,0
16503,4,1431.93,569,71,4.173571428571428,United Kingdom,107,357.9825,142.25,253,0.4743083003952569,1.0,0.2,1,0,0,0.4555207284224404,-1.0289178216173949,-0.41076291827680267,Loyal Regulars,0
16504,1,465.88,510,76,1.2212048192771083,United Kingdom,25,465.88,510.0,0,1.0,0.0,0.0,1,0,0,-0.12108499959386877,-0.5113545270041474,0.3400962251388909,Loyal Regulars,0
16505,1,777.6,576,4,1.35,United Kingdom,32,777.6,576.0,0,1.0,0.0,0.0,1,0,0,0.3419273349095494,-1.0764334291284723,0.7261176992667792,Loyal Regulars,0
16506,2,90.30000000000001,42,3,2.183333333333333,United Kingdom,20,45.150000000000006,21.0,20,2.0,0.0,0.0,1,1,1,-2.4921990841922756,3.04523771936628,-0.04218692037792854,Hibernating / At-Risk,0
16509,1,363.7,64,13,7.623076923076923,United Kingdom,297,363.7,64.0,0,1.0,0.0,0.0,1,1,1,-1.7876885156317317,-0.7618653935285966,0.9785195454778807,Hibernating / At-Risk,0
16510,1,248.1,92,13,5.346153846153846,United Kingdom,372,248.1,92.0,0,1.0,0.0,0.0,1,1,1,-2.057108601518978,-0.4895926993550984,0.8378868900890428,Hibernating / At-Risk,0
16511,3,916.33,401,134,3.049367088607595,United Kingdom,22,305.4433333333333,133.66666666666666,244,0.36885245901639346,0.0,0.0,1,0,0,0.2641718641152418,-0.6750121531675934,-1.2152752888537182,Loyal Regulars,0
16513,4,874.59,407,33,2.5905714285714287,United Kingdom,5,218.6475,101.75,38,3.1578947368421053,0.0,0.0,1,2,0,0.927204143983778,2.6340952917716414,1.3601806047571607,Champions (High-Value),1
16515,5,1624.14,826,89,2.631711711711712,United Kingdom,52,324.82800000000003,165.2,259,0.5791505791505792,0.0,0.0,1,0,2,0.9385666184133996,-0.5459848312486439,-0.5396076622694641,Loyal Regulars,0
16516,1,101.69999999999999,58,6,2.1166666666666667,United Kingdom,30,101.69999999999999,58.0,0,1.0,0.0,0.0,1,1,1,-2.426215164284717,1.0806876547649917,-0.5470648937702963,Hibernating / At-Risk,0
16517,1,162.7,96,17,2.8852941176470592,United Kingdom,277,162.7,96.0,0,1.0,0.0,0.0,1,1,1,-2.358250008942231,-0.013646381128499344,0.4937477642634827,Hibernating / At-Risk,0
16518,2,484.32,327,36,2.3545000000000003,United Kingdom,61,242.16,163.5,222,0.27027027027027023,1.0,0.3333333333333333,1,0,1,-0.6842041677652537,-0.9861085601444998,-1.1764708531837837,Loyal Regulars,0
16519,2,212.98,53,12,6.9941666666666675,United Kingdom,25,106.49,26.5,340,0.1764705882352941,0.0,0.0,1,1,1,-1.9517378184787517,0.05851703191884987,-2.179849917422162,Hibernating / At-Risk,0
16520,3,1046.57,558,129,2.7175641025641024,United Kingdom,186,348.8566666666666,186.0,179,0.5027932960893855,1.0,0.25,1,0,0,0.0095417914207965,-1.1953995224260474,-0.1332293318217721,Loyal Regulars,0
16523,21,9418.470000000001,4265,151,3.613206896551724,United Kingdom,2,448.4985714285715,203.0952380952381,313,2.012779552715655,7.0,0.25,1,2,2,4.343224497996816,1.7856087710083197,0.32189746215312115,Champions (High-Value),1
16525,26,13027.45,7397,75,3.657595628415301,United Kingdom,2,501.0557692307693,284.5,364,2.142857142857143,3.0,0.10344827586206896,1,2,2,4.9106943586315275,1.8102639559992364,0.47956697093572515,Champions (High-Value),1
16526,1,290.36,106,15,5.615333333333334,United Kingdom,172,290.36,106.0,0,1.0,0.0,0.0,1,1,1,-1.6612280190200415,-0.44245318681200774,0.6726614854729369,Hibernating / At-Risk,0
16527,1,228.06,106,14,2.922857142857143,United Kingdom,81,228.06,106.0,0,1.0,0.0,0.0,1,1,1,-1.694015004092822,-0.00700516567520824,0.27466558356459864,Hibernating / At-Risk,0
16528,1,244.41,171,17,3.2235294117647055,United Kingdom,4,244.41,171.0,0,1.0,0.0,0.0,1,1,1,-0.7263609508180793,0.6550517484401179,-0.6331255938592186,Hibernating / At-Risk,0
16529,1,455.25,198,30,3.12,United Kingdom,190,455.25,198.0,0,1.0,0.0,0.0,1,1,1,-1.0246585878992382,-0.9538893321170977,0.9868089330514334,Hibernating / At-Risk,0
16531,7,1244.59,915,68,2.795194805194805,United Kingdom,22,177.79857142857142,130.71428571428572,338,0.621301775147929,0.0,0.0,1,0,0,0.9864374825802957,0.42172654993145176,-1.1628577850119939,Loyal Regulars,0
16532,3,6748.8,2016,2,3.4825,United Kingdom,18,2249.6,672.0,320,0.28125,0.0,0.0,1,0,2,2.733196306644545,-2.7326778668226503,-0.3175952804535386,Loyal Regulars,0
16533,3,1082.81,611,112,2.5932954545454545,United Kingdom,19,360.93666666666667,203.66666666666666,48,1.875,2.0,0.4,1,0,0,0.8502963599903739,0.8610583475400506,1.0369429422847753,Loyal Regulars,0
16535,1,593.75,356,31,3.0245161290322584,United Kingdom,5,593.75,356.0,0,1.0,0.0,0.0,1,0,1,0.3387760560814815,-0.306347071894116,-0.030481156231128324,Loyal Regulars,0
16536,1,548.12,250,49,3.6918518518518515,United Kingdom,110,548.12,250.0,0,1.0,1.0,0.5,1,0,1,-0.6216917505158849,-1.0022159392704306,0.9154953662733257,Loyal Regulars,0
16539,4,1388.81,477,36,3.893333333333333,United Kingdom,3,347.2025,119.25,370,0.3243243243243243,0.0,0.0,1,0,0,1.1688744267044917,-0.320970251589433,-1.8821391735864053,Loyal Regulars,0
16542,1,119.62,46,5,3.0780000000000003,United Kingdom,54,119.62,46.0,0,1.0,0.0,0.0,1,1,1,-2.5128357328312743,0.789579152439156,-0.2614423987488991,Hibernating / At-Risk,0
16545,1,339.3,78,3,3.766666666666667,United Kingdom,165,339.3,78.0,0,1.0,0.0,0.0,1,1,1,-1.6254948821695814,-0.5520844911485038,0.7419069679719033,Hibernating / At-Risk,0
16546,2,787.15,549,25,1.8880000000000001,United Kingdom,291,393.575,274.5,81,0.7407407407407407,1.0,0.3333333333333333,1,0,0,-0.3289736651181664,-1.2025276470778692,0.5846047563788861,Loyal Regulars,0
16549,10,4034.9,2294,445,2.0461837837837837,United Kingdom,10,403.49,229.4,324,0.9259259259259258,0.0,0.0,1,2,2,2.727193312145423,0.28252207414801495,-0.4745327834244834,Champions (High-Value),1
16550,5,2298.97,1540,162,2.5740637450199206,United Kingdom,109,459.794,308.0,259,0.5791505791505792,4.0,0.4444444444444444,1,0,2,1.3196139024812754,-1.1342250905964375,-0.06853893844632679,Loyal Regulars,0
16551,3,922.12,970,26,1.95125,United Kingdom,96,307.37333333333333,323.3333333333333,240,0.375,0.0,0.0,1,0,0,0.24992151756311595,-1.146587528819656,-0.6809465407786867,Loyal Regulars,0
16552,2,379.73,219,17,4.11,United Kingdom,243,189.865,109.5,130,0.46153846153846156,0.0,0.0,1,1,1,-1.3747325698318111,-0.7760103776794143,-0.4447113691926141,Hibernating / At-Risk,0
16553,12,5719.82,4600,62,2.1411904761904763,United Kingdom,163,476.65166666666664,383.3333333333333,197,1.8274111675126905,2.0,0.14285714285714285,1,2,2,2.777585626786043,0.2605966486510957,1.6656896267358259,Champions (High-Value),1
16554,3,837.1,402,51,3.4196153846153843,United Kingdom,42,279.03333333333336,134.0,289,0.31141868512110726,4.0,0.5714285714285714,1,0,0,0.007577471428002794,-0.859376196425909,-1.1799136866531084,Loyal Regulars,0
16555,2,285.89,175,15,2.827058823529412,United Kingdom,35,142.945,87.5,74,0.8108108108108107,0.0,0.0,1,1,1,-1.1691459799894233,0.5300735762421009,-0.6411435048779943,Hibernating / At-Risk,0
16556,7,3313.79,1890,144,3.882898550724638,United Kingdom,67,473.3985714285714,270.0,293,0.7167235494880545,0.0,0.0,1,0,2,1.9218323247844356,-0.7438239832364569,-0.028332719210927646,Loyal Regulars,0
16557,2,281.85,111,11,6.818181818181818,United Kingdom,24,140.925,55.5,113,0.5309734513274337,0.0,0.0,1,1,1,-1.3188301689709379,0.30139177728598027,-1.282233878367367,Hibernating / At-Risk,0
16558,20,8338.49,5377,264,3.041195652173913,United Kingdom,1,416.92449999999997,268.85,365,1.6438356164383563,4.0,0.16666666666666666,1,2,2,4.3765504810349425,1.6288854580140952,-0.22933517055314243,Champions (High-Value),1
16560,2,841.41,500,52,3.930535714285714,United Kingdom,27,420.705,250.0,331,0.18126888217522658,1.0,0.3333333333333333,1,0,0,0.18073667955401027,-1.4681919852040266,-1.2915634327574879,Loyal Regulars,0
16561,2,511.12,244,29,2.8583870967741936,United Kingdom,6,255.56,122.0,54,1.1111111111111112,0.0,0.0,1,0,1,-0.03305320492704823,0.7496522205017876,-0.4017036387544769,Loyal Regulars,0
16563,1,1077.74,486,19,3.415263157894737,United Kingdom,54,1077.74,486.0,0,1.0,0.0,0.0,1,0,0,0.44794172257747616,-1.5133228263661131,1.0890043454655298,Loyal Regulars,0
16565,1,173.7,46,3,5.116666666666667,United Kingdom,364,173.7,46.0,0,1.0,0.0,0.0,1,1,1,-2.652693432768118,-0.08559359396202512,0.6065795801760663,Hibernating / At-Risk,0
16566,5,614.66,362,14,2.6955555555555555,United Kingdom,15,122.93199999999999,72.4,277,0.5415162454873647,1.0,0.16666666666666666,1,0,1,0.011804756790923524,0.7266147631717932,-1.612780734060843,Loyal Regulars,0
16567,2,865.6,996,34,2.1654285714285715,United Kingdom,194,432.8,498.0,142,0.4225352112676056,0.0,0.0,1,0,0,0.03445611996135274,-1.6962647730285831,-0.0788291005695905,Loyal Regulars,0
16569,1,124.2,93,5,2.592,United Kingdom,3,124.2,93.0,0,1.0,0.0,0.0,1,1,1,-1.533814757530665,1.413688235026696,-1.1216250731198638,Hibernating / At-Risk,0
16570,10,3738.4,2112,68,3.17515873015873,United Kingdom,15,373.84000000000003,211.2,296,1.0135135135135134,5.0,0.3333333333333333,1,2,2,2.5414766129876805,0.3610085020985118,-0.26147858250506345,Champions (High-Value),1
16571,3,1421.69,1239,73,2.0289655172413794,United Kingdom,27,473.8966666666667,413.0,255,0.35294117647058826,2.0,0.4,1,0,0,1.0619117412844348,-1.275705364226646,-0.8949403671726236,Loyal Regulars,0
16572,3,1009.6,532,40,3.7794736842105263,United Kingdom,127,336.53333333333336,177.33333333333334,148,0.6081081081081081,1.0,0.25,1,0,0,0.0754416364291499,-0.8977753540095633,-0.08577657522002852,Loyal Regulars,0
16573,2,663.61,360,40,3.7616666666666667,United Kingdom,85,331.805,180.0,205,0.29268292682926833,2.0,0.5,1,0,0,-0.43236729205223906,-1.3447471993297366,-0.8252190531826574,Loyal Regulars,0
16574,1,451.44,416,28,1.4257142857142857,United Kingdom,71,451.44,416.0,0,1.0,0.0,0.0,1,0,1,-0.49129891084272415,-0.7436611684174244,0.6661379490595726,Loyal Regulars,0
16581,1,105.84,134,9,1.1855555555555555,United Kingdom,183,105.84,134.0,0,1.0,1.0,0.5,1,1,1,-2.5197565294124615,0.47786032343206514,0.10955147605661392,Hibernating / At-Risk,0
16582,1,313.62,164,6,1.6216666666666668,United Kingdom,113,313.62,164.0,0,1.0,0.0,0.0,1,1,1,-1.312340342423755,-0.4398698787742179,0.58593223299678,Hibernating / At-Risk,0
16583,1,233.45,111,14,2.564285714285714,United Kingdom,374,233.45,111.0,0,1.0,0.0,0.0,1,1,1,-2.040365319127573,-0.4484229721757096,0.8070826915294347,Hibernating / At-Risk,0
16584,2,936.08,646,25,2.709285714285714,United Kingdom,80,468.04,323.0,174,0.3448275862068966,1.0,0.3333333333333333,1,0,0,0.1446591792784043,-1.6182126208415077,-0.5118096864418032,Loyal Regulars,0
16586,1,463.95,95,8,4.68125,United Kingdom,249,463.95,95.0,0,1.0,0.0,0.0,1,1,1,-1.363013402369613,-0.980515605908216,1.0713097127901023,Hibernating / At-Risk,0
16587,1,225.15,71,13,6.707692307692308,United Kingdom,232,225.15,71.0,0,1.0,0.0,0.0,1,1,1,-2.129410508092316,-0.24685081220479038,0.615469059012431,Hibernating / At-Risk,0
16589,3,459.24,368,31,1.8603030303030303,United Kingdom,71,153.08,122.66666666666667,90,1.0,0.0,0.0,1,1,1,-0.5857385020637514,0.5409989201752206,-0.11061547428676533,Hibernating / At-Risk,0
16591,1,213.5,41,10,4.443,United Kingdom,69,213.5,41.0,0,1.0,0.0,0.0,1,1,1,-2.08281105787244,0.18343042234411921,0.15720553526884792,Hibernating / At-Risk,0
16592,16,4113.68,2927,142,2.1810185185185187,United Kingdom,4,257.105,182.9375,283,1.696113074204947,3.0,0.15789473684210525,1,2,2,3.215868380007496,1.8506291289026726,-0.10839466850224205,Champions (High-Value),1
16593,3,330.03,116,24,4.8348148148148145,United Kingdom,51,110.00999999999999,38.666666666666664,277,0.3249097472924188,0.0,0.0,1,1,1,-1.388113322907462,0.10701675563478476,-1.6614546179242395,Hibernating / At-Risk,0
16594,1,181.09,64,53,3.0179245283018865,United Kingdom,75,181.09,64.0,0,1.0,0.0,0.0,1,1,1,-2.0844895205985075,0.27794834968845317,0.10048251444579494,Hibernating / At-Risk,0
16595,1,360.16,335,83,1.7484705882352942,United Kingdom,61,360.16,335.0,0,1.0,0.0,0.0,1,1,1,-0.7478636243274063,-0.4678183071837969,0.47652604877978694,Hibernating / At-Risk,0
16596,2,250.15,97,12,4.104166666666667,United Kingdom,16,125.075,48.5,350,0.17142857142857143,0.0,0.0,1,1,1,-1.459443427419799,-0.03043585078724405,-2.216309512984597,Hibernating / At-Risk,0
16597,1,90.04,184,7,1.6214285714285714,United Kingdom,4,90.04,184.0,0,1.0,0.0,0.0,1,1,1,-1.6211275002419419,1.5956268553315909,-1.2147601597219873,Hibernating / At-Risk,0
16598,1,145.04999999999998,73,10,2.56,United Kingdom,286,145.04999999999998,73.0,0,1.0,1.0,0.5,1,1,1,-2.579206666975908,0.11088834108358366,0.43047389292580995,Hibernating / At-Risk,0
16600,6,813.52,1145,50,1.4333870967741935,United Kingdom,4,135.58666666666667,190.83333333333334,334,0.5389221556886228,0.0,0.0,1,0,2,1.0385726990287858,0.9074339563326832,-1.9639967524692235,Loyal Regulars,0
16601,1,241.53,130,28,3.1986206896551725,United Kingdom,41,241.53,130.0,0,1.0,0.0,0.0,1,1,1,-1.3897414311032923,0.10452668059940062,0.08378751989814405,Hibernating / At-Risk,0
16602,1,528.08,336,29,2.5113793103448274,United Kingdom,36,528.08,336.0,0,1.0,1.0,0.5,1,0,0,-0.25888884573138543,-0.6905596132264404,0.5239858921029542,Loyal Regulars,0
16603,2,482.47,480,34,2.1564705882352944,United Kingdom,75,241.235,240.0,16,2.0,0.0,0.0,1,1,1,-0.32315241700240754,0.8892142699271666,1.4388806695850247,Hibernating / At-Risk,0
16607,14,3347.71,2859,140,4.347848837209303,United Kingdom,18,239.12214285714285,204.21428571428572,341,1.2316715542521994,2.0,0.125,1,2,2,2.594068618255116,1.071684704032626,-0.22290389922915635,Champions (High-Value),1
16609,7,5493.46,2420,155,3.5644202898550725,United Kingdom,15,784.78,345.7142857142857,237,0.8860759493670886,2.0,0.2222222222222222,1,2,2,2.88913075153248,-0.6346872003662396,0.05595894871108039,Champions (High-Value),1
16610,1,75.66,66,6,1.2966666666666666,United Kingdom,219,75.66,66.0,0,1.0,0.0,0.0,1,1,1,-3.1504775549362187,0.8087081675268163,-0.04274596968047817,Hibernating / At-Risk,0
16611,1,129.49,47,9,3.7870000000000004,United Kingdom,186,129.49,47.0,0,1.0,1.0,0.5,1,1,1,-2.7447952994172917,0.3754327930572144,0.20572263088439402,Hibernating / At-Risk,0
16612,4,1187.66,506,48,3.23469696969697,United Kingdom,33,296.915,126.5,278,0.4316546762589928,0.0,0.0,1,0,0,0.5225588798669505,-0.5888778612025269,-1.0072403416871962,Loyal Regulars,0
16613,1,618.59,293,30,2.897,United Kingdom,70,618.59,293.0,0,1.0,0.0,0.0,1,0,0,-0.3325295578211195,-1.0086621457539142,0.8372047479953538,Loyal Regulars,0
16614,1,506.19,223,26,4.756538461538462,United Kingdom,183,506.19,223.0,0,1.0,0.0,0.0,1,1,1,-0.8699358779566458,-1.0553432675298027,1.0393668817070552,Hibernating / At-Risk,0
16616,2,500.42,370,31,2.83969696969697,United Kingdom,15,250.21,185.0,142,0.4225352112676056,0.0,0.0,1,0,1,-0.2233091210992972,-0.39665638689289195,-1.2850270502859282,Loyal Regulars,0
16617,1,151.85,91,5,3.91,United Kingdom,236,151.85,91.0,0,1.0,0.0,0.0,1,1,1,-2.40207431473246,0.10057146806007555,0.39720258433416283,Hibernating / At-Risk,0
16618,5,2647.59,1363,79,3.626041666666667,United Kingdom,31,529.518,272.6,291,0.5154639175257733,1.0,0.16666666666666666,1,0,2,1.7064529369330868,-1.0116918529024514,-0.5344580789287608,Loyal Regulars,0
16619,1,226.21,133,14,2.6757142857142857,United Kingdom,264,226.21,133.0,0,1.0,1.0,0.5,1,1,1,-1.9134683528037284,-0.34264607708714884,0.6786750716690916,Hibernating / At-Risk,0
16620,2,178.96,88,9,2.9177777777777774,United Kingdom,4,89.48,44.0,257,0.23346303501945526,0.0,0.0,1,1,1,-1.4840303104582708,0.7022455144566775,-2.744101162742324,Hibernating / At-Risk,0
16621,4,813.48,302,22,4.59103448275862,United Kingdom,52,203.37,75.5,226,0.5309734513274337,0.0,0.0,1,0,0,-0.12453640776592277,-0.15164369448810885,-0.892009387260065,Loyal Regulars,0
16623,1,129.45,39,5,3.1900000000000004,United Kingdom,246,129.45,39.0,0,1.0,0.0,0.0,1,1,1,-2.8881465555471406,0.3154643477739288,0.2963527157365703,Hibernating / At-Risk,0
16624,2,810.5699999999999,488,44,3.07375,United Kingdom,81,405.28499999999997,244.0,116,0.5172413793103449,0.0,0.0,1,0,0,-0.06520094185004452,-1.1837765450224165,-0.24325299457988261,Loyal Regulars,0
16625,1,333.08,164,23,2.737391304347826,United Kingdom,275,333.08,164.0,0,1.0,0.0,0.0,1,1,1,-1.4829560551245835,-0.7407752341297822,0.9249462011293778,Hibernating / At-Risk,0
16626,17,4413.1,2690,86,4.136648044692738,United Kingdom,1,259.59411764705885,158.23529411764707,265,1.9245283018867922,3.0,0.15,1,2,2,3.517399162567488,2.3103052546806033,-0.19250453837080986,Champions (High-Value),1
16627,1,322.8,162,20,5.0675,United Kingdom,79,322.8,162.0,0,1.0,0.0,0.0,1,1,1,-1.199631058787919,-0.3686739279415195,0.4808902150344688,Hibernating / At-Risk,0
16628,5,2188.05,1205,79,2.440512820512821,United Kingdom,30,437.61,241.0,205,0.7317073170731707,1.0,0.16666666666666666,1,0,2,1.5301062873236273,-0.5055763235108977,-0.2666785712252402,Loyal Regulars,0
16629,2,408.63,489,58,2.464833333333333,United Kingdom,74,204.315,244.5,22,2.0,0.0,0.0,1,1,1,-0.4666175918452286,1.0491745831927892,1.3374877662743934,Hibernating / At-Risk,0
16633,6,2883.1,1138,115,4.659407894736842,United Kingdom,17,480.51666666666665,189.66666666666666,216,0.8333333333333333,1.0,0.14285714285714285,1,2,2,1.9374919908175248,-0.2490711541034319,-0.2656131978829783,Champions (High-Value),1
16634,2,217.9,82,9,4.5055555555555555,United Kingdom,223,108.95,41.0,149,0.40268456375838924,0.0,0.0,1,1,1,-2.263786521287334,-0.23162963358504363,-0.9456156411233793,Hibernating / At-Risk,0
16637,4,1154.47,927,66,2.7930434782608695,United Kingdom,32,288.6175,231.75,193,0.6217616580310881,1.0,0.2,1,0,0,0.7804641800523269,-0.32336180542555354,-0.6501326853372941,Loyal Regulars,0
16638,10,1680.72,1255,92,3.7991489361702127,United Kingdom,23,168.072,125.5,346,0.8670520231213873,1.0,0.09090909090909091,1,2,2,1.4667191744112054,0.8844039194043883,-0.8274906314919699,Champions (High-Value),1
16639,3,1257.51,510,48,3.3548,United Kingdom,31,419.17,170.0,204,0.4411764705882353,1.0,0.25,1,0,0,0.5841520559873403,-0.9715316254926419,-0.757771025425377,Loyal Regulars,0
16641,1,231.10000000000002,256,12,2.138333333333333,United Kingdom,106,231.10000000000002,256.0,0,1.0,0.0,0.0,1,1,1,-1.4049301962309098,-0.17172793050034005,0.3967512291076662,Hibernating / At-Risk,0
16642,2,688.33,479,32,3.3020588235294115,United Kingdom,5,344.165,239.5,202,0.297029702970297,1.0,0.3333333333333333,1,0,0,0.39689122073586636,-0.6640446334397431,-1.70091021607429,Loyal Regulars,0
16643,1,487.51,269,27,3.635925925925926,United Kingdom,246,487.51,269.0,0,1.0,0.0,0.0,1,1,1,-0.9067777874570495,-1.1174196798425182,1.1233068382941456,Hibernating / At-Risk,0
16644,2,833.78,826,62,1.5379032258064516,United Kingdom,178,416.89,413.0,34,1.7647058823529411,0.0,0.0,1,0,0,0.15367362059293344,-0.10294699664206645,1.8270485319976195,Loyal Regulars,0
16647,2,214.06,146,12,3.2507142857142854,United Kingdom,170,107.03,73.0,35,1.7142857142857142,0.0,0.0,1,1,1,-1.7816786659844739,1.3154488695037676,0.915549900863449,Hibernating / At-Risk,0
16648,1,290.65999999999997,281,19,1.2542105263157894,United Kingdom,43,290.65999999999997,281.0,0,1.0,1.0,0.5,1,1,1,-0.9280266480605656,-0.15344178906354347,0.22837650098659917,Hibernating / At-Risk,0
16650,1,518.42,372,24,2.2529166666666667,United Kingdom,72,518.42,372.0,0,1.0,0.0,0.0,1,0,1,-0.4101670677948685,-0.8692924818594086,0.7492002014438188,Loyal Regulars,0
16652,7,6773.97,3283,74,3.9659322033898308,United Kingdom,59,967.71,469.0,214,0.9813084112149533,4.0,0.36363636363636365,1,2,2,2.8808080803014176,-1.113679762945997,0.7865444504551441,Champions (High-Value),1
16653,2,1212.66,733,67,3.3256521739130434,United Kingdom,16,606.33,366.5,55,1.090909090909091,1.0,0.3333333333333333,1,0,0,0.9716129760402786,-0.4385924846197445,0.41051586865947587,Loyal Regulars,0
16654,4,601.27,282,29,4.256206896551724,United Kingdom,141,150.3175,70.5,227,0.5286343612334802,1.0,0.2,1,0,1,-0.6848102742205471,-0.1332987552999419,-0.736736582163806,Loyal Regulars,0
16655,6,3789.52,2363,208,2.592480620155039,United Kingdom,18,631.5866666666667,393.8333333333333,314,0.5732484076433121,0.0,0.0,1,2,2,2.4180563219153712,-0.9396477444229735,-0.5191084884075454,Champions (High-Value),1
16656,15,8625.8,8894,14,2.2016438356164385,United Kingdom,22,575.0533333333333,592.9333333333333,342,1.3157894736842104,6.0,0.2857142857142857,1,2,2,3.8938356389984983,0.1915412761327468,0.4820967802223308,Champions (High-Value),1
16657,4,874.43,1130,158,1.6116666666666666,United Kingdom,10,218.6075,282.5,244,0.49180327868852464,0.0,0.0,1,0,0,0.8558633750682689,0.03516078699485199,-1.4318232874547352,Loyal Regulars,0
16658,1,123.24,40,8,3.02125,United Kingdom,368,123.24,40.0,0,1.0,0.0,0.0,1,1,1,-3.0266744213006134,0.249247472357921,0.40616829070597904,Hibernating / At-Risk,0
16659,1,39.12,72,2,0.62,United Kingdom,189,39.12,72.0,0,1.0,0.0,0.0,1,1,1,-3.505453727741261,1.339735316246219,-0.40011623896859594,Hibernating / At-Risk,0
16660,4,1267.6499999999999,571,16,2.499375,United Kingdom,16,316.91249999999997,142.75,303,0.39603960396039606,1.0,0.2,1,0,0,0.8003842215184658,-0.5283651073550896,-1.2783078145100037,Loyal Regulars,0
16665,1,135.39999999999998,59,9,5.388888888888889,United Kingdom,362,135.39999999999998,59.0,0,1.0,0.0,0.0,1,1,1,-2.7856094809604754,0.13032600622374227,0.4654490437827641,Hibernating / At-Risk,0
16666,1,118.98,233,32,0.7559375,United Kingdom,19,118.98,233.0,0,1.0,0.0,0.0,1,1,1,-1.6266986535007992,0.928950181054321,-0.5700296883639007,Hibernating / At-Risk,0
16667,2,567.1800000000001,236,52,3.5936538461538463,United Kingdom,68,283.59000000000003,118.0,216,0.2777777777777778,0.0,0.0,1,0,0,-0.691071735818405,-1.1231915587939434,-1.0382327943091758,Loyal Regulars,0
16668,6,306.71999999999997,318,9,1.283,United Kingdom,15,51.12,53.0,269,0.6691449814126395,0.0,0.0,1,1,1,-0.6392756531941635,1.8086832692451145,-1.9255123230916111,Hibernating / At-Risk,0
16669,2,1344.48,871,140,2.778766233766234,United Kingdom,24,672.24,435.5,54,1.1111111111111112,1.0,0.3333333333333333,1,0,0,1.0396025851717208,-0.6367926938907885,0.636513595594939,Loyal Regulars,0
16670,11,4095.9,2556,179,2.9523809523809526,United Kingdom,17,372.3545454545455,232.36363636363637,341,0.9677419354838709,6.0,0.35294117647058826,1,2,2,2.6772301807556147,0.29763356158866694,-0.30586095356284415,Champions (High-Value),1
16671,3,1692.27,875,3,2.8033333333333332,United Kingdom,28,564.09,291.6666666666667,136,0.6617647058823529,0.0,0.0,1,0,0,1.1417887592331708,-0.9507801317029675,-0.18253330013749636,Loyal Regulars,0
16672,20,8134.9400000000005,2832,22,3.634912280701754,United Kingdom,2,406.747,141.6,264,2.2727272727272725,3.0,0.13043478260869565,1,2,2,4.063405891098255,2.085632816204235,0.5087706230904813,Champions (High-Value),1
16674,2,304.24,181,89,1.9753763440860217,United Kingdom,55,152.12,90.5,43,1.3953488372093024,0.0,0.0,1,1,1,-1.1248966530173559,0.9850580588862887,0.37394034690352035,Hibernating / At-Risk,0
16676,4,1592.1200000000001,636,75,4.986741573033708,United Kingdom,34,398.03000000000003,159.0,303,0.39603960396039606,1.0,0.2,1,0,0,0.8696162125103736,-0.9540930278620391,-0.8937014822748204,Loyal Regulars,0
16678,12,3109.99,2397,92,1.8485276073619632,United Kingdom,3,259.1658333333333,199.75,280,1.2857142857142856,5.0,0.29411764705882354,1,2,2,2.8400022321040397,1.4370869677483402,-0.6124956092718802,Champions (High-Value),1
16679,1,129.75,29,3,6.916666666666667,United Kingdom,366,129.75,29.0,0,1.0,0.0,0.0,1,1,1,-3.100702622799168,0.23006380107309407,0.4261826104361379,Hibernating / At-Risk,0
16680,1,183.7,94,10,3.03,United Kingdom,43,183.7,94.0,0,1.0,0.0,0.0,1,1,1,-1.7818253953553933,0.3807830994758642,-0.06893499359161709,Hibernating / At-Risk,0
16681,6,1770.34,1407,18,1.9406818181818182,United Kingdom,73,295.0566666666667,234.5,180,1.0,0.0,0.0,1,0,2,1.2323310595395087,0.005748553532875779,0.19615240090995778,Loyal Regulars,0
16682,5,1028.0,1040,15,1.7696666666666665,United Kingdom,5,205.6,208.0,183,0.819672131147541,0.0,0.0,1,0,2,1.2062407370428274,0.7924453098756075,-1.1313866826058618,Loyal Regulars,0
16684,28,66653.56,50255,119,2.4516245487364623,United Kingdom,4,2380.4842857142858,1794.8214285714287,353,2.3796033994334276,3.0,0.0967741935483871,1,2,2,5.849608406648601,0.608364062882202,1.6298147745745684,Champions (High-Value),1
16685,2,324.24,396,60,2.2548387096774194,United Kingdom,61,162.12,198.0,0,2.0,0.0,0.0,1,1,1,-0.7152346563727182,1.3403442386085764,1.131187291105345,Hibernating / At-Risk,0
16686,7,2959.88,1977,406,2.7683639705882355,United Kingdom,47,422.84000000000003,282.42857142857144,307,0.6840390879478828,2.0,0.2222222222222222,1,0,2,1.9177770671126042,-0.5881512362436794,-0.2698760523625347,Loyal Regulars,0
16688,4,1260.86,804,52,2.7750000000000004,United Kingdom,1,315.215,201.0,59,2.0338983050847457,0.0,0.0,1,2,2,1.7184211823315394,1.8078672659077801,0.28447870119313123,Champions (High-Value),1
16689,2,422.59999999999997,330,12,3.5399999999999996,United Kingdom,76,211.29999999999998,165.0,6,2.0,1.0,0.3333333333333333,1,1,1,-0.5966113587033842,1.0452503754271218,1.3559541046946866,Hibernating / At-Risk,0
16690,2,225.57999999999998,138,10,3.486666666666667,United Kingdom,72,112.78999999999999,69.0,129,0.46511627906976744,1.0,0.3333333333333333,1,1,1,-1.7280546590651693,0.09748210015201435,-1.1684220473865365,Hibernating / At-Risk,0
16692,2,1126.0,151,1,7.975,United Kingdom,256,563.0,75.5,32,1.875,0.0,0.0,1,1,1,-0.3144058483240704,-0.24730613624924047,2.198928138188357,Hibernating / At-Risk,0
16693,2,477.86,203,58,4.353220338983052,United Kingdom,69,238.93,101.5,203,0.2955665024630542,0.0,0.0,1,0,1,-0.9086181545549185,-0.9190258197959087,-1.0968570213124784,Loyal Regulars,0
16696,4,657.9000000000001,146,7,3.9300000000000006,United Kingdom,135,164.47500000000002,36.5,112,1.0714285714285714,0.0,0.0,1,1,1,-0.7540861727489889,0.545851681234128,0.18122114137992337,Hibernating / At-Risk,0
16697,1,112.75,27,20,4.640476190476191,United Kingdom,241,112.75,27.0,0,1.0,0.0,0.0,1,1,1,-3.1508979688915457,0.48402147390471356,0.19938428128764615,Hibernating / At-Risk,0
16698,2,1998.0,840,4,2.37,United Kingdom,227,999.0,420.0,26,2.0,0.0,0.0,1,0,0,0.93643617826705,-0.8180688146411048,2.6652707251043735,Loyal Regulars,0
16700,13,5076.55,4024,159,2.037077922077922,United Kingdom,9,390.50384615384615,309.53846153846155,357,1.0924369747899159,4.0,0.23529411764705882,1,2,2,3.249004752894492,0.5757676609415687,-0.3213012814425876,Champions (High-Value),1
16701,13,5398.3,6393,99,2.1824999999999997,United Kingdom,9,415.25384615384615,491.7692307692308,352,1.1079545454545456,5.0,0.2777777777777778,1,2,2,3.4906555873178413,0.4924415990429137,-0.25129396592575365,Champions (High-Value),1
16705,20,14034.99,5476,133,4.505185185185185,United Kingdom,1,701.7495,273.8,358,1.675977653631285,9.0,0.3103448275862069,1,2,2,4.871845215810622,1.1583668059586796,0.11269527556945542,Champions (High-Value),1
16706,3,531.35,249,108,2.8052032520325203,United Kingdom,37,177.11666666666667,83.0,76,1.1842105263157896,0.0,0.0,1,1,1,-0.4127755592758303,0.814730965848332,0.005199069888148791,Hibernating / At-Risk,0
16708,1,656.63,285,27,3.3644444444444446,United Kingdom,46,656.63,285.0,0,1.0,0.0,0.0,1,0,0,-0.18222553104057118,-0.9494448972968451,0.7298537801602304,Loyal Regulars,0
16709,5,3029.87,851,64,5.439240506329114,United Kingdom,85,605.9739999999999,170.2,197,0.7614213197969544,0.0,0.0,1,0,2,1.4399492548599255,-1.0269130398742348,0.3161339526085556,Loyal Regulars,0
16710,10,2467.99,1823,268,2.3813705583756346,United Kingdom,19,246.79899999999998,182.3,349,0.8595988538681949,0.0,0.0,1,2,2,2.0158278205945264,0.5266295402390495,-0.6671125534651857,Champions (High-Value),1
16711,5,1651.03,833,18,3.4931818181818177,United Kingdom,3,330.206,166.6,354,0.423728813559322,0.0,0.0,1,0,0,1.587012204965281,-0.08709804543795426,-1.7232182881731188,Loyal Regulars,0
16712,11,3603.66,1727,258,2.9981693363844393,United Kingdom,9,327.6054545454545,157.0,266,1.2406015037593985,0.0,0.0,1,2,2,2.594684769580693,0.9132849002579765,-0.20969400820995424,Champions (High-Value),1
16713,15,6910.78,4271,338,3.0826494345718904,United Kingdom,19,460.71866666666665,284.73333333333335,347,1.2968299711815563,6.0,0.2857142857142857,1,2,2,3.4321441695328296,0.48860117489587257,0.26041435398467033,Champions (High-Value),1
16714,2,1114.06,588,76,3.5290697674418605,United Kingdom,317,557.03,294.0,0,2.0,1.0,0.3333333333333333,1,0,0,0.16757773508324117,-0.320482689522753,2.4269300321223817,Loyal Regulars,0
16715,1,301.71999999999997,642,19,0.4531578947368421,United Kingdom,78,301.71999999999997,642.0,0,1.0,0.0,0.0,1,1,1,-0.7187908275445833,-0.4243630897625143,0.4728633160938302,Hibernating / At-Risk,0
16716,2,901.2,120,1,7.300000000000001,United Kingdom,267,450.6,60.0,44,1.3636363636363638,1.0,0.3333333333333333,1,1,1,-0.682641415746642,-0.47321253303567246,1.4982295341150447,Hibernating / At-Risk,0
16717,6,3843.08,1860,176,3.5152525252525253,United Kingdom,24,640.5133333333333,310.0,342,0.5263157894736842,3.0,0.3333333333333333,1,0,2,2.2572480028432103,-1.0762665956118196,-0.5122900127582691,Loyal Regulars,0
16718,1,606.0500000000001,407,41,2.3229545454545453,United Kingdom,369,606.0500000000001,407.0,0,1.0,0.0,0.0,1,0,1,-0.6454490494243126,-1.473385057123119,1.400754887865905,Loyal Regulars,0
16719,7,1770.22,1175,107,3.912908163265306,United Kingdom,15,252.88857142857142,167.85714285714286,353,0.5949008498583569,1.0,0.125,1,0,2,1.4998401306124187,0.12669715915560073,-1.123040805595614,Loyal Regulars,0
16720,1,152.95,180,25,2.3888,United Kingdom,26,152.95,180.0,0,1.0,0.0,0.0,1,1,1,-1.5725246125180674,0.6312635522886769,-0.32696616670068734,Hibernating / At-Risk,0
16721,1,292.47,172,37,2.363243243243243,United Kingdom,262,292.47,172.0,0,1.0,0.0,0.0,1,1,1,-1.5726508344462793,-0.6079542321948624,0.8333455002908828,Hibernating / At-Risk,0
16722,13,4730.81,5001,96,1.2201777777777778,United Kingdom,17,363.90846153846155,384.6923076923077,351,1.1111111111111112,3.0,0.1875,1,2,2,3.1211509695806825,0.4817896306659552,-0.12889820373130284,Champions (High-Value),1
16723,2,576.4,398,37,6.734047619047619,United Kingdom,91,288.2,199.0,16,2.0,0.0,0.0,1,1,0,-0.28050549642590167,0.6841033842811621,1.603910715802405,Hibernating / At-Risk,0
16725,6,756.82,287,109,3.6522916666666663,United Kingdom,302,126.13666666666667,47.833333333333336,69,2.608695652173913,1.0,0.14285714285714285,1,1,1,-0.359679033451688,1.9154776180512914,1.8839859073774634,Hibernating / At-Risk,0
16726,5,1358.74,945,121,2.1982022471910114,United Kingdom,26,271.748,189.0,335,0.44776119402985076,0.0,0.0,1,0,0,0.9715715528821436,-0.40073264735264025,-1.1289229497983384,Loyal Regulars,0
16727,1,256.32,167,41,1.6643181818181818,United Kingdom,364,256.32,167.0,0,1.0,0.0,0.0,1,1,1,-1.7905711583678834,-0.5700486369288694,0.8677915217756713,Hibernating / At-Risk,0
16728,4,1048.28,671,218,2.3329277566539925,United Kingdom,46,262.07,167.75,218,0.5504587155963303,0.0,0.0,1,0,0,0.45923385204167516,-0.40255814057853756,-0.7264689878864647,Loyal Regulars,0
16729,21,7202.01,5718,233,2.139419847328244,United Kingdom,38,342.95285714285717,272.2857142857143,203,3.103448275862069,5.0,0.19230769230769232,1,2,2,3.6476964144823234,2.013773570156889,1.9653618085332158,Champions (High-Value),1
16730,3,743.11,994,75,1.4010975609756098,United Kingdom,52,247.70333333333335,331.3333333333333,267,0.33707865168539325,1.0,0.25,1,0,0,0.20521686071663087,-0.8406800673909389,-1.0970647256457913,Loyal Regulars,0
16732,1,603.75,317,28,3.3810714285714285,United Kingdom,32,603.75,317.0,0,1.0,0.0,0.0,1,0,0,-0.12794275505933156,-0.7814977128853099,0.5618344188589997,Loyal Regulars,0
16734,3,646.76,345,44,3.531538461538461,United Kingdom,52,215.58666666666667,115.0,61,1.4754098360655739,0.0,0.0,1,1,0,-0.14891988941719747,0.792755928214138,0.612641202148288,Hibernating / At-Risk,0
16735,5,2247.41,1532,88,2.444655172413793,United Kingdom,79,449.48199999999997,306.4,255,0.5882352941176471,2.0,0.2857142857142857,1,0,2,1.379823843680703,-1.0113088416593403,-0.17443624296604063,Loyal Regulars,0
16737,1,417.59999999999997,288,1,1.45,United Kingdom,53,417.59999999999997,288.0,0,1.0,0.0,0.0,1,1,1,-0.6343510453332807,-0.5571765741996538,0.5119873898252749,Hibernating / At-Risk,0
16738,1,3.75,3,1,1.25,United Kingdom,298,3.75,3.0,0,1.0,0.0,0.0,1,1,1,-4.291304903198076,1.3678405052881766,-0.28888699323552264,Hibernating / At-Risk,0
16739,1,323.0,172,13,2.9038461538461537,United Kingdom,177,323.0,172.0,0,1.0,1.0,0.5,1,1,1,-1.3804868719312602,-0.5949399863297788,0.7575041647561782,Hibernating / At-Risk,0
16743,7,2213.13,2035,89,1.467421052631579,United Kingdom,29,316.1614285714286,290.7142857142857,329,0.6382978723404256,1.0,0.125,1,0,2,1.7707216099353018,-0.2471464821484196,-0.6825224104445081,Loyal Regulars,0
16744,7,1291.91,798,198,2.517203389830508,United Kingdom,11,184.55857142857144,114.0,161,1.3043478260869565,0.0,0.0,1,2,2,1.242764496246034,1.380510873849295,-0.32990733895563945,Champions (High-Value),1
16745,17,7180.7,6719,148,1.9284507042253523,United Kingdom,87,422.3941176470588,395.2352941176471,225,2.2666666666666666,1.0,0.05555555555555555,1,2,2,3.3951422587257154,0.974415152170232,1.743567341044959,Champions (High-Value),1
16746,18,6680.11,4660,234,2.7738288288288286,United Kingdom,5,371.1172222222222,258.8888888888889,354,1.5254237288135593,1.0,0.05263157894736842,1,2,2,3.8013066954853576,1.3047796777278884,-0.036632581142903166,Champions (High-Value),1
16747,2,836.06,583,34,2.828095238095238,United Kingdom,38,418.03,291.5,30,2.0,2.0,0.5,1,0,0,0.4348827339846272,0.5320286959074091,1.5373457086326403,Loyal Regulars,0
16748,5,1515.9,880,42,1.7210144927536233,United Kingdom,18,303.18,176.0,316,0.4746835443037975,0.0,0.0,1,0,0,1.1409722761833159,-0.35966211464541165,-1.1328737249869847,Loyal Regulars,0
16750,5,623.93,214,74,3.8141052631578947,United Kingdom,45,124.78599999999999,42.8,187,0.8021390374331551,0.0,0.0,1,1,1,-0.4027006019404439,0.8252767902425036,-0.7937573648471742,Hibernating / At-Risk,0
16751,1,1764.72,1031,24,1.4,United Kingdom,31,1764.72,1031.0,0,1.0,0.0,0.0,1,0,0,1.3412287109541667,-1.9023259059351263,1.212606058753447,Loyal Regulars,0
16752,1,207.5,54,9,13.594444444444443,United Kingdom,373,207.5,54.0,0,1.0,0.0,0.0,1,1,1,-2.4295870785932236,-0.2724124258907956,0.7194465875475673,Hibernating / At-Risk,0
16753,1,223.92000000000002,189,34,2.1223529411764703,United Kingdom,58,223.92000000000002,189.0,0,1.0,0.0,0.0,1,1,1,-1.4006155316372744,0.04944924164238199,0.1658916882345331,Hibernating / At-Risk,0
16754,1,2002.4,4280,2,0.62,United Kingdom,372,2002.4,4280.0,0,1.0,0.0,0.0,1,0,0,1.3919012202303707,-2.825241854154076,2.16488059192925,Loyal Regulars,0
16755,3,1475.43,1058,133,2.721878787878788,United Kingdom,114,491.81,352.6666666666667,201,0.44776119402985076,2.0,0.4,1,0,0,0.6933682909314943,-1.531402519962032,-0.1920273051129686,Loyal Regulars,0
16756,1,239.4,106,13,3.6584615384615384,United Kingdom,215,239.4,106.0,0,1.0,0.0,0.0,1,1,1,-1.8971308421186588,-0.31997959932300135,0.6357716572308236,Hibernating / At-Risk,0
16757,1,106.83000000000001,81,7,1.3628571428571428,United Kingdom,319,106.83000000000001,81.0,0,1.0,0.0,0.0,1,1,1,-2.849206426521005,0.3614484643000828,0.29200623438160345,Hibernating / At-Risk,0
16758,1,369.34000000000003,203,22,4.041363636363636,United Kingdom,65,369.34000000000003,203.0,0,1.0,0.0,0.0,1,1,1,-0.9369558905838259,-0.4641298655466811,0.49971492486574415,Hibernating / At-Risk,0
16759,3,789.79,609,40,2.9404761904761907,United Kingdom,8,263.2633333333333,203.0,23,3.0,1.0,0.25,1,2,0,0.862592482892477,2.1358387027702714,1.552635887846874,Champions (High-Value),1
16761,1,316.62,341,13,1.196923076923077,United Kingdom,97,316.62,341.0,0,1.0,0.0,0.0,1,1,1,-0.9778102751931605,-0.47283605715203647,0.5586437495239744,Hibernating / At-Risk,0
16762,3,1207.24,480,51,3.491746031746032,United Kingdom,20,402.41333333333336,160.0,124,0.7258064516129031,0.0,0.0,1,0,0,0.6860990968423719,-0.39964795379286344,-0.3957707002988611,Loyal Regulars,0
16763,1,611.85,319,23,4.6673913043478255,United Kingdom,199,611.85,319.0,0,1.0,1.0,0.5,1,0,1,-0.5746500769332682,-1.2911397051708466,1.1886961404719592,Loyal Regulars,0
16764,13,2790.9500000000003,1253,209,2.3704571428571426,United Kingdom,4,214.68846153846155,96.38461538461539,139,2.805755395683453,5.0,0.2777777777777778,1,2,0,2.596601088599974,2.807042063247449,0.825561175816394,Champions (High-Value),1
16765,1,34.0,4,1,8.5,United Kingdom,294,34.0,4.0,0,1.0,0.0,0.0,1,1,1,-4.287854777684294,1.3715507857669353,-0.2935129254727324,Hibernating / At-Risk,0
16766,2,1145.6,536,17,2.835294117647059,United Kingdom,273,572.8,268.0,0,2.0,0.0,0.0,1,0,0,0.1953013803216507,-0.2977624785377119,2.389761668685597,Loyal Regulars,0
16767,11,5575.56,4423,148,1.6176923076923075,United Kingdom,31,506.86909090909097,402.09090909090907,285,1.1578947368421053,0.0,0.0,1,2,2,3.0610477039363,0.006489723457869494,0.35959466920158284,Champions (High-Value),1
16768,3,478.09000000000003,196,47,4.027962962962963,United Kingdom,48,159.36333333333334,65.33333333333333,224,0.4017857142857143,2.0,0.4,1,0,1,-0.8069562234869205,-0.14619898237817777,-1.2851414301119066,Loyal Regulars,0
16769,1,361.54,80,33,4.653947368421052,United Kingdom,260,361.54,80.0,0,1.0,0.0,0.0,1,1,1,-1.6726217515406554,-0.7394651547418944,0.9352467421100072,Hibernating / At-Risk,0
16770,5,757.1,456,116,2.3155,United Kingdom,58,151.42000000000002,91.2,314,0.47770700636942676,1.0,0.16666666666666666,1,0,0,-0.051694066334616214,0.0521395494907004,-1.1615601228470713,Loyal Regulars,0
16771,5,2230.61,1475,199,2.8663636363636367,United Kingdom,33,446.122,295.0,304,0.493421052631579,0.0,0.0,1,0,2,1.5580680508527125,-0.905570911649176,-0.655490990131146,Loyal Regulars,0
16773,1,171.59,171,23,2.77,United Kingdom,57,171.59,171.0,0,1.0,0.0,0.0,1,1,1,-1.682038835143759,0.31605265337745997,0.0015751752188845438,Hibernating / At-Risk,0
16774,4,661.52,322,36,2.4722916666666666,United Kingdom,68,165.38,80.5,110,1.090909090909091,1.0,0.2,1,1,1,-0.2623502714571564,0.678128757849783,-0.0003919979624437159,Hibernating / At-Risk,0
16775,11,1691.51,439,84,4.648025477707006,United Kingdom,10,153.77363636363637,39.90909090909091,357,0.9243697478991596,0.0,0.0,1,2,2,1.2821177050348613,1.382106102656572,-1.1052213648280498,Champions (High-Value),1
16776,1,371.54,254,61,1.9367605633802816,United Kingdom,60,371.54,254.0,0,1.0,0.0,0.0,1,1,1,-0.8234081779463023,-0.4681565357710571,0.4819798567871038,Hibernating / At-Risk,0
16777,2,222.62,62,45,3.67625,United Kingdom,80,111.31,31.0,176,0.34090909090909094,0.0,0.0,1,1,1,-2.1058813623347667,-0.04974024112430104,-1.4227019301491621,Hibernating / At-Risk,0
16778,2,245.94,194,16,2.365,United Kingdom,74,122.97,97.0,199,0.3015075376884422,0.0,0.0,1,1,1,-1.55840509447385,-0.292657144600492,-1.4494945697061705,Hibernating / At-Risk,0
16779,22,10611.720000000001,5301,161,2.3832326283987917,United Kingdom,2,482.35090909090917,240.95454545454547,364,1.8131868131868132,6.0,0.21428571428571427,1,2,2,4.526266812854384,1.55824340588827,0.15780254102367045,Champions (High-Value),1
16780,2,422.24,270,51,2.5869491525423727,United Kingdom,100,211.12,135.0,158,0.379746835443038,0.0,0.0,1,0,1,-0.9860837542095727,-0.7841412916865013,-0.850121781640583,Loyal Regulars,0
16781,1,311.25,113,17,5.008823529411765,United Kingdom,372,311.25,113.0,0,1.0,1.0,0.5,1,1,1,-1.7665377697279758,-0.723716681323466,0.9761775567799591,Hibernating / At-Risk,0
16782,13,2267.9500000000003,705,103,3.7166666666666663,United Kingdom,10,174.45769230769233,54.23076923076923,355,1.0985915492957745,6.0,0.3157894736842105,1,2,2,1.7915114284366835,1.4796654145875932,-0.79787914288884,Champions (High-Value),1
16784,1,107.6,24,3,4.483333333333333,United Kingdom,20,107.6,24.0,0,1.0,0.0,0.0,1,1,1,-2.612480382686859,1.2118658272462,-0.6704294615845204,Hibernating / At-Risk,0
16788,2,592.74,303,137,2.4075510204081634,United Kingdom,123,296.37,151.5,131,0.45801526717557256,0.0,0.0,1,0,0,-0.6614249672834093,-1.0477459144152943,-0.4148891120263036,Loyal Regulars,0
16789,1,80.8,32,5,2.8899999999999997,United Kingdom,8,80.8,32.0,0,1.0,0.0,0.0,1,1,1,-2.5500365472760413,1.6909852335193787,-1.1209547773539872,Hibernating / At-Risk,0
16790,6,1545.6200000000001,898,88,2.3633333333333333,United Kingdom,4,257.60333333333335,149.66666666666666,34,5.294117647058823,2.0,0.25,1,2,0,1.89150664936471,2.921402439029352,1.7706390289906642,Champions (High-Value),1
16791,7,1693.03,756,217,2.895782747603834,United Kingdom,29,241.86142857142858,108.0,303,0.6930693069306931,1.0,0.125,1,0,2,1.14245471585694,0.17196130709541954,-0.7684166549515931,Loyal Regulars,0
16792,2,110.38000000000001,44,11,4.001666666666666,United Kingdom,282,55.190000000000005,22.0,0,2.0,0.0,0.0,1,1,1,-2.9564087601991256,2.1364312814677286,0.9682730789724102,Hibernating / At-Risk,0
16793,1,243.84,146,16,2.426875,United Kingdom,57,243.84,146.0,0,1.0,0.0,0.0,1,1,1,-1.4182301194901228,-0.003812146130889728,0.2032440073996163,Hibernating / At-Risk,0
16794,10,1194.48,922,141,1.7740072202166064,United Kingdom,1,119.44800000000001,92.2,179,1.675977653631285,2.0,0.16666666666666666,1,2,2,1.7766792839702081,2.7426465107189117,-0.8258020784214656,Champions (High-Value),1
16795,1,414.88,239,64,2.2053030303030305,United Kingdom,365,414.88,239.0,0,1.0,0.0,0.0,1,1,1,-1.2037815326577403,-1.0614179691644354,1.1605717971282297,Hibernating / At-Risk,0
16796,1,305.62,186,18,1.7455555555555555,United Kingdom,89,305.62,186.0,0,1.0,0.0,0.0,1,1,1,-1.2264942800089311,-0.3614068443135928,0.49285778277953846,Hibernating / At-Risk,0
16800,1,1162.65,524,148,3.7121794871794873,United Kingdom,11,1162.65,524.0,0,1.0,0.0,0.0,1,0,0,0.9380771799140845,-1.1730446116654598,0.6126487310079342,Loyal Regulars,0
16801,4,1594.23,493,72,6.002266666666667,United Kingdom,163,398.5575,123.25,110,1.090909090909091,1.0,0.2,1,0,0,0.5001506279051693,-0.43562450238300326,0.8237615538390425,Loyal Regulars,0
16803,1,332.3,245,24,2.1033333333333335,United Kingdom,65,332.3,245.0,0,1.0,0.0,0.0,1,1,1,-0.9613845431393044,-0.38032074448205,0.44260154707869714,Hibernating / At-Risk,0
16804,3,536.99,246,59,3.2141666666666664,United Kingdom,23,178.99666666666667,82.0,247,0.3643724696356276,0.0,0.0,1,0,1,-0.4356833786080419,-0.14204018352242948,-1.5362753177773514,Loyal Regulars,0
16805,2,460.59,539,94,1.7842857142857145,United Kingdom,174,230.295,269.5,186,0.3225806451612903,0.0,0.0,1,0,1,-0.7878776933802962,-1.17687844559265,-0.7173039136525432,Loyal Regulars,0
16806,4,736.21,355,67,2.6244565217391305,United Kingdom,103,184.0525,88.75,135,0.8888888888888888,0.0,0.0,1,0,1,-0.2613559494424221,0.2227097148447683,-0.09435358042941308,Loyal Regulars,0
16807,3,1121.59,778,57,2.5701492537313433,United Kingdom,143,373.8633333333333,259.3333333333333,128,0.703125,0.0,0.0,1,0,0,0.3102155094966996,-0.9334936345337891,0.19585932091969155,Loyal Regulars,0
16808,2,288.42,196,21,2.332173913043478,United Kingdom,99,144.21,98.0,175,0.34285714285714286,0.0,0.0,1,1,1,-1.4708726684044493,-0.4525179595541047,-1.16497268464111,Hibernating / At-Risk,0
16809,5,914.69,652,79,1.5418120805369127,United Kingdom,23,182.93800000000002,130.4,239,0.6276150627615062,1.0,0.16666666666666666,1,0,0,0.5245759485708644,0.3088352157526673,-1.0651975686961141,Loyal Regulars,0
16810,1,309.54,114,15,3.5353333333333334,United Kingdom,192,309.54,114.0,0,1.0,1.0,0.5,1,1,1,-1.6014958337277283,-0.5399686908935935,0.7496396904385852,Hibernating / At-Risk,0
16811,2,547.07,477,26,2.3685714285714283,United Kingdom,5,273.535,238.5,12,2.0,0.0,0.0,1,0,0,0.4414591861965132,1.4696467603616346,0.6403253054291711,Loyal Regulars,0
16812,1,479.35,81,15,5.533333333333333,United Kingdom,361,479.35,81.0,0,1.0,0.0,0.0,1,1,1,-1.4895557566851143,-1.0994388189929738,1.2135076521277692,Hibernating / At-Risk,0
16813,10,1652.18,1501,248,1.753051643192488,United Kingdom,8,165.21800000000002,150.1,196,1.530612244897959,0.0,0.0,1,2,2,1.8666385093135163,1.8491328899596267,-0.27174905782695996,Champions (High-Value),1
16814,21,6406.8,2691,121,3.3091509433962263,United Kingdom,14,305.0857142857143,128.14285714285714,355,1.7746478873239435,1.0,0.045454545454545456,1,2,2,3.365910385430238,1.5627664394105336,0.39333153027558315,Champions (High-Value),1
16816,4,417.06,274,28,2.2528571428571427,United Kingdom,103,104.265,68.5,254,0.47244094488188976,0.0,0.0,1,1,1,-0.9668188736262574,0.21639161017748285,-1.1687109961132738,Hibernating / At-Risk,0
16817,9,1604.75,822,73,3.5644186046511632,United Kingdom,3,178.30555555555554,91.33333333333333,365,0.7397260273972603,4.0,0.3076923076923077,1,2,2,1.6805185345128193,1.1604183158819668,-1.6065269202695376,Champions (High-Value),1
16818,11,3349.57,2164,172,2.5258510638297875,United Kingdom,11,304.50636363636363,196.72727272727272,194,1.7010309278350515,2.0,0.15384615384615385,1,2,0,2.626626856223989,1.3391347422700388,0.36778497684637196,Champions (High-Value),1
16820,1,497.61,307,26,3.7388461538461537,United Kingdom,96,497.61,307.0,0,1.0,0.0,0.0,1,0,1,-0.5964450086102364,-0.8913215925486903,0.8177607318237703,Loyal Regulars,0
16823,1,358.38,136,34,3.273157894736842,United Kingdom,227,358.38,136.0,0,1.0,0.0,0.0,1,1,1,-1.439246723433439,-0.7411382360154635,0.8974166718349086,Hibernating / At-Risk,0
16824,2,460.64,236,23,3.383076923076923,United Kingdom,16,230.32,118.0,148,0.4054054054054054,0.0,0.0,1,0,1,-0.49591253612444447,-0.32190477523594224,-1.3602524439316275,Loyal Regulars,0
16825,2,775.1800000000001,566,27,3.3082142857142856,United Kingdom,39,387.59000000000003,283.0,147,0.4081632653061224,0.0,0.0,1,0,0,0.1123638042158573,-1.1271483819183175,-0.7324513028667233,Loyal Regulars,0
16826,1,341.7,158,22,3.985,United Kingdom,51,341.7,158.0,0,1.0,0.0,0.0,1,1,1,-1.046231106914294,-0.30194858856132184,0.36566230391143884,Hibernating / At-Risk,0
16828,1,113.5,58,7,2.142857142857143,United Kingdom,112,113.5,58.0,0,1.0,0.0,0.0,1,1,1,-2.6562582044216145,0.6204945819477101,-0.03881711399620508,Hibernating / At-Risk,0
16829,1,197.22,99,11,3.019090909090909,United Kingdom,157,197.22,99.0,0,1.0,0.0,0.0,1,1,1,-2.02333040338645,-0.04348560043595381,0.41307325537156003,Hibernating / At-Risk,0
16830,1,325.91,264,23,2.13,United Kingdom,39,325.91,264.0,0,1.0,0.0,0.0,1,1,1,-0.8218387188628651,-0.2305681032235442,0.2611551330737159,Hibernating / At-Risk,0
16832,3,199.15,33,11,8.083333333333334,United Kingdom,184,66.38333333333334,11.0,33,2.727272727272727,0.0,0.0,1,1,1,-2.3461827755994835,2.7074400308452558,1.5023986280560262,Hibernating / At-Risk,0
16833,4,1106.53,440,46,3.1982978723404254,United Kingdom,1,276.6325,110.0,333,0.3603603603603604,0.0,0.0,1,0,0,1.1118742932847678,0.15490429278375725,-2.1763520713053794,Loyal Regulars,0
16834,1,413.46,358,24,1.5062499999999999,United Kingdom,228,413.46,358.0,0,1.0,0.0,0.0,1,1,1,-0.9283114304172234,-0.9651961465700422,1.0080378959326284,Hibernating / At-Risk,0
16835,2,180.85,61,10,4.297,United Kingdom,128,90.425,30.5,244,0.24590163934426232,0.0,0.0,1,1,1,-2.446187211190046,-0.14768262932576584,-1.6014070372233888,Hibernating / At-Risk,0
16836,2,251.87,165,11,2.174545454545455,United Kingdom,40,125.935,82.5,76,0.7894736842105263,0.0,0.0,1,1,1,-1.3464751508338983,0.5926030513548846,-0.7070315192827279,Hibernating / At-Risk,0
16837,11,3170.98,1563,123,4.203090909090909,United Kingdom,31,288.2709090909091,142.0909090909091,214,1.542056074766355,1.0,0.08333333333333333,1,2,2,2.1776459785648017,1.0118509840589838,0.48489809657293814,Champions (High-Value),1
16838,2,588.85,185,24,11.256799999999998,United Kingdom,197,294.425,92.5,90,0.6666666666666666,1.0,0.3333333333333333,1,1,0,-0.9394357318223954,-0.8208202273369906,0.12407913189335969,Hibernating / At-Risk,0
16839,34,16594.35,8975,114,2.9833082706766914,United Kingdom,9,488.06911764705876,263.97058823529414,360,2.8333333333333335,5.0,0.1282051282051282,1,2,2,4.9281413369823674,1.983479482374084,1.4437926978594933,Champions (High-Value),1
16841,6,1869.82,2250,101,1.2737931034482757,United Kingdom,37,311.63666666666666,375.0,250,0.72,1.0,0.14285714285714285,1,0,2,1.5919068181220755,-0.24928429858724024,-0.4337744095727433,Loyal Regulars,0
16842,3,1264.19,693,45,3.161111111111111,United Kingdom,101,421.3966666666667,231.0,201,0.44776119402985076,1.0,0.25,1,0,0,0.4140411144676076,-1.3130584558768132,-0.33502701462100076,Loyal Regulars,0
16843,16,10196.57,10159,226,1.8746825396825397,United Kingdom,43,637.285625,634.9375,284,1.6901408450704225,1.0,0.058823529411764705,1,2,2,3.992012239756357,0.2695389238164605,1.1974859189816875,Champions (High-Value),1
16846,1,214.32,135,11,2.661818181818182,United Kingdom,50,214.32,135.0,0,1.0,0.0,0.0,1,1,1,-1.535549339870026,0.1613300232129828,0.08142691105335786,Hibernating / At-Risk,0
16847,1,193.44,78,12,3.3074999999999997,United Kingdom,43,193.44,78.0,0,1.0,0.0,0.0,1,1,1,-1.806577130308064,0.3482886106676221,-0.04351876134382776,Hibernating / At-Risk,0
16848,1,281.42,182,14,1.7100000000000002,United Kingdom,53,281.42,182.0,0,1.0,0.0,0.0,1,1,1,-1.18071108971252,-0.14021316427274555,0.26845859164119584,Hibernating / At-Risk,0
16849,1,124.57,33,8,5.1049999999999995,United Kingdom,187,124.57,33.0,0,1.0,0.0,0.0,1,1,1,-2.917714867172073,0.4416914330987303,0.1759153409114819,Hibernating / At-Risk,0
16850,1,332.41,249,19,2.1210526315789475,United Kingdom,334,332.41,249.0,0,1.0,0.0,0.0,1,1,1,-1.3708657950339656,-0.8296041524231791,1.0011768909057175,Hibernating / At-Risk,0
16851,3,342.45,271,17,1.9634999999999998,United Kingdom,4,114.14999999999999,90.33333333333333,47,1.9148936170212767,0.0,0.0,1,1,1,-0.1778051358010233,2.4416054898842288,-0.09385725634901385,Hibernating / At-Risk,0
16852,2,144.91000000000003,56,9,8.315555555555555,United Kingdom,10,72.45500000000001,28.0,165,0.36363636363636365,0.0,0.0,1,1,1,-2.0250638255657987,0.9534288992230185,-2.3114205596222632,Hibernating / At-Risk,0
16855,2,328.4,164,19,3.7394736842105263,United Kingdom,24,164.2,82.0,19,2.0,0.0,0.0,1,1,1,-0.8164135279756652,1.6574270887566505,0.8037136540267766,Hibernating / At-Risk,0
16856,1,35.400000000000006,12,2,2.95,United Kingdom,15,35.400000000000006,12.0,0,1.0,0.0,0.0,1,1,1,-3.5412823364058315,2.1744181434297047,-1.2945181091180387,Hibernating / At-Risk,0
16858,1,375.69000000000005,91,9,5.349,United Kingdom,369,375.69000000000005,91.0,0,1.0,1.0,0.5,1,1,1,-1.6762315036184092,-0.8836283956606928,1.08097466418815,Hibernating / At-Risk,0
16859,2,747.81,827,50,2.820576923076923,United Kingdom,145,373.905,413.5,116,0.5172413793103449,3.0,0.6,1,0,0,-0.08054111865600437,-1.3132885610797502,-0.07863710782967573,Loyal Regulars,0
16861,2,173.76,140,6,1.8950000000000002,United Kingdom,60,86.88,70.0,98,0.6122448979591837,1.0,0.3333333333333333,1,1,1,-1.8879917648506757,0.6110805006434723,-1.099274316209331,Hibernating / At-Risk,0
16863,2,502.8,409,25,1.68,United Kingdom,31,251.4,204.5,335,0.17910447761194032,2.0,0.5,1,0,0,-0.41073485082166644,-0.9966115610296954,-1.5530369633864505,Loyal Regulars,0
16866,3,207.73999999999998,60,10,3.808181818181818,United Kingdom,141,69.24666666666666,20.0,20,3.0,0.0,0.0,1,1,1,-1.987505005879361,2.849185979830286,1.6598679220511674,Hibernating / At-Risk,0
16869,4,817.12,583,113,2.284173228346457,United Kingdom,23,204.28,145.75,152,0.7894736842105263,1.0,0.2,1,0,0,0.38918249703040203,0.3595677852776207,-0.6836355797720618,Loyal Regulars,0
16871,6,2812.34,1253,131,3.4572992700729923,United Kingdom,22,468.72333333333336,208.83333333333334,248,0.7258064516129031,1.0,0.14285714285714285,1,0,2,1.8707468153093345,-0.43956677814481626,-0.3719741594453201,Loyal Regulars,0
16872,3,680.02,600,5,9.68142857142857,United Kingdom,77,226.67333333333332,200.0,107,0.8411214953271028,0.0,0.0,1,0,1,-0.07561055846880896,-0.08698080296146998,-0.08494721816390388,Loyal Regulars,0
16873,6,7123.62,3840,179,3.503727598566308,United Kingdom,5,1187.27,640.0,359,0.5013927576601671,4.0,0.4,1,2,2,3.477317039183863,-1.3747113723989324,-0.6693445904841852,Champions (High-Value),1
16875,5,2095.53,1069,93,3.585267857142857,United Kingdom,67,419.10600000000005,213.8,272,0.5514705882352942,4.0,0.4444444444444444,1,0,2,1.2075776060274956,-0.9209772305139059,-0.3499092924180528,Loyal Regulars,0
16877,6,846.62,458,111,2.5448717948717947,United Kingdom,12,141.10333333333332,76.33333333333333,195,0.9230769230769231,0.0,0.0,1,0,1,0.53953684790373,1.197484280938126,-0.9784042478886769,Loyal Regulars,0
16878,1,13.3,12,3,1.5833333333333333,United Kingdom,84,13.3,12.0,0,1.0,1.0,0.5,1,1,1,-3.9690988274281818,1.714342366826589,-0.7209012683611379,Hibernating / At-Risk,0
16880,7,1491.43,746,121,3.6927011494252873,United Kingdom,31,213.0614285714286,106.57142857142857,158,1.3291139240506329,0.0,0.0,1,2,2,1.1016614220100773,1.0042286136170058,0.12090192931472907,Champions (High-Value),1
16881,1,432.0,600,1,0.72,United Kingdom,67,432.0,600.0,0,1.0,0.0,0.0,1,0,1,-0.37365505245254427,-0.7188470458491346,0.6302251101328211,Loyal Regulars,0
16882,3,705.12,424,39,2.767179487179487,United Kingdom,67,235.04,141.33333333333334,250,0.36,0.0,0.0,1,0,0,-0.2369916169920352,-0.7440773808925499,-1.0142915261027705,Loyal Regulars,0
16883,2,272.48,103,33,3.6686486486486487,United Kingdom,187,136.24,51.5,184,0.32608695652173914,0.0,0.0,1,1,1,-1.9406296493588275,-0.5437177926623777,-1.0352011922157556,Hibernating / At-Risk,0
16884,2,429.84000000000003,320,26,1.9965384615384614,United Kingdom,38,214.92000000000002,160.0,0,2.0,0.0,0.0,1,1,0,-0.418669765570204,1.2192534924264027,1.1314594150407864,Hibernating / At-Risk,0
16885,3,450.41,178,82,3.4257291666666667,United Kingdom,15,150.13666666666668,59.333333333333336,341,0.26392961876832843,0.0,0.0,1,0,1,-0.6453094890493043,-0.008993486986873406,-2.0126400117972,Loyal Regulars,0
16887,1,192.32999999999998,156,35,1.9522222222222223,United Kingdom,35,192.32999999999998,156.0,0,1.0,0.0,0.0,1,1,1,-1.4901130321149163,0.34725875216239377,-0.09784260260824204,Hibernating / At-Risk,0
16889,3,1578.67,925,112,3.099037037037037,United Kingdom,195,526.2233333333334,308.3333333333333,142,0.6338028169014085,0.0,0.0,1,0,0,0.604269319679922,-1.4546638435576769,0.3842982678814932,Loyal Regulars,0
16891,5,742.43,265,166,3.075913978494624,United Kingdom,2,148.486,53.0,369,0.4065040650406504,0.0,0.0,1,0,0,0.4649138407262158,0.8272847538450119,-2.3561609225791167,Loyal Regulars,0
16892,5,518.19,236,87,3.265360824742268,United Kingdom,1,103.638,47.2,182,0.8241758241758242,2.0,0.2857142857142857,1,0,1,0.2706428111528274,1.88398703993168,-1.94065359940812,Loyal Regulars,0
16893,1,145.93,62,44,2.5971111111111114,United Kingdom,367,145.93,62.0,0,1.0,0.0,0.0,1,1,1,-2.700653742192423,0.051141298548093794,0.515185286102562,Hibernating / At-Risk,0
16895,1,202.27,91,57,2.5338709677419353,United Kingdom,65,202.27,91.0,0,1.0,0.0,0.0,1,1,1,-1.8091102399624213,0.1804674514288832,0.1258669859116077,Hibernating / At-Risk,0
16897,2,289.78,73,37,5.09972972972973,United Kingdom,299,144.89,36.5,14,2.0,1.0,0.3333333333333333,1,1,1,-1.8845983691796317,1.1637719189706544,1.5630563480655237,Hibernating / At-Risk,0
16898,3,501.03,412,150,2.0812101910828025,United Kingdom,26,167.01,137.33333333333334,342,0.2631578947368421,1.0,0.25,1,0,1,-0.3516260004973809,-0.33087458544399484,-1.7505440038872124,Loyal Regulars,0
16899,6,1271.06,520,80,3.3582926829268294,United Kingdom,8,211.84333333333333,86.66666666666667,352,0.5113636363636364,0.0,0.0,1,0,0,0.9861234233421098,0.35124875577848064,-1.5749436180832992,Loyal Regulars,0
16900,3,882.16,832,77,2.088846153846154,United Kingdom,17,294.05333333333334,277.3333333333333,46,1.9565217391304346,2.0,0.4,1,2,0,0.8168701151711143,1.1213789786576134,0.971134249777148,Champions (High-Value),1
16902,1,1706.88,629,43,3.8652272727272727,United Kingdom,116,1706.88,629.0,0,1.0,0.0,0.0,1,0,0,0.7838042788450483,-2.1832681156262455,1.6253817585121368,Loyal Regulars,0
16903,1,363.2,247,50,2.4151785714285716,United Kingdom,29,363.2,247.0,0,1.0,0.0,0.0,1,1,1,-0.6736548317891888,-0.2485229184819885,0.22417520574946784,Hibernating / At-Risk,0
16904,15,3634.95,1973,385,2.789155354449472,United Kingdom,4,242.32999999999998,131.53333333333333,362,1.2430939226519337,0.0,0.0,1,2,2,2.878702917546906,1.4978683826105872,-0.6828646456246249,Champions (High-Value),1
16905,7,3037.6,1381,117,3.5584924623115577,United Kingdom,5,433.9428571428571,197.28571428571428,366,0.5737704918032788,1.0,0.125,1,2,2,2.3124412479755283,-0.16237364976491303,-1.1782351944836555,Champions (High-Value),1
16906,4,559.59,263,74,3.354651162790698,United Kingdom,82,139.8975,65.75,166,0.7228915662650602,0.0,0.0,1,1,1,-0.6041836865233713,0.36221335384007763,-0.6117474726227844,Hibernating / At-Risk,0
16907,5,928.76,286,89,3.7702857142857145,United Kingdom,29,185.752,57.2,336,0.44642857142857145,0.0,0.0,1,0,0,0.12139144876046337,0.037336082074522284,-1.349619254638312,Loyal Regulars,0
16909,1,379.14,436,18,3.238888888888889,United Kingdom,72,379.14,436.0,0,1.0,1.0,0.5,1,1,1,-0.638533075254166,-0.585373387867475,0.5696402472940401,Hibernating / At-Risk,0
16910,8,1508.96,884,318,2.1793577981651375,United Kingdom,4,188.62,110.5,86,2.7906976744186047,0.0,0.0,1,2,0,1.8211313001470477,2.775159132946958,0.8283144964553413,Champions (High-Value),1
16912,11,2555.58,1025,88,4.054,United Kingdom,29,232.32545454545453,93.18181818181819,294,1.1224489795918366,3.0,0.21428571428571427,1,2,2,1.7718751716971228,0.8610028114318488,-0.20752081488837873,Champions (High-Value),1
16913,1,113.44,82,8,2.07125,United Kingdom,290,113.44,82.0,0,1.0,0.0,0.0,1,1,1,-2.764694712016834,0.32970371087320444,0.29470510286352103,Hibernating / At-Risk,0
16914,1,183.76,112,25,2.603,United Kingdom,36,183.76,112.0,0,1.0,0.0,0.0,1,1,1,-1.6688255768938611,0.4125986505566975,-0.12371775739394622,Hibernating / At-Risk,0
16915,6,621.6800000000001,132,46,5.300175438596492,United Kingdom,9,103.61333333333334,22.0,274,0.6569343065693432,0.0,0.0,1,0,1,-0.2131909439454832,1.3338251477449785,-1.7211212603602015,Loyal Regulars,0
16916,2,562.41,431,129,2.2576470588235296,United Kingdom,24,281.205,215.5,348,0.1724137931034483,0.0,0.0,1,0,0,-0.22288307441110325,-1.0399376197666481,-1.5707645223845121,Loyal Regulars,0
16917,1,391.52,232,9,3.873333333333333,United Kingdom,277,391.52,232.0,0,1.0,0.0,0.0,1,1,1,-1.1988204231085064,-0.927778884478386,1.0313200335164905,Hibernating / At-Risk,0
16918,6,1068.82,721,97,2.080625,United Kingdom,50,178.13666666666666,120.16666666666667,267,0.6741573033707865,1.0,0.14285714285714285,1,0,1,0.5410171171023074,0.2423621115582709,-0.770043076944928,Loyal Regulars,0
16919,11,2592.25,1403,141,2.802239263803681,United Kingdom,156,235.6590909090909,127.54545454545455,212,1.5566037735849056,0.0,0.0,1,2,0,1.542238169728544,0.7882322453672933,0.9270532156702287,Champions (High-Value),1
16921,1,154.18,154,50,1.557818181818182,United Kingdom,61,154.18,154.0,0,1.0,0.0,0.0,1,1,1,-1.8391169847274098,0.4086027191756386,-0.040814597321934765,Hibernating / At-Risk,0
16923,19,7069.08,3344,313,3.091884984025559,United Kingdom,12,372.0568421052632,176.0,350,1.6285714285714286,7.0,0.2692307692307692,1,2,2,3.5463709631070035,1.2314224513654355,0.32829570571444927,Champions (High-Value),1
16924,3,829.89,467,69,2.6811111111111114,United Kingdom,21,276.63,155.66666666666666,62,1.4516129032258063,1.0,0.25,1,0,1,0.4237577648898275,0.7485273660145976,0.4361715902872055,Loyal Regulars,0
16926,1,230.25,35,14,6.978571428571429,United Kingdom,371,230.25,35.0,0,1.0,0.0,0.0,1,1,1,-2.5000013183683634,-0.3332018195702343,0.7692994867397059,Hibernating / At-Risk,0
16927,3,543.05,993,5,2.9066666666666667,United Kingdom,116,181.01666666666665,331.0,245,0.3673469387755102,0.0,0.0,1,0,0,-0.2822360706040148,-0.7093771070929848,-0.9427475302073287,Loyal Regulars,0
16928,17,2806.75,2091,68,1.8646798029556648,United Kingdom,80,165.10294117647058,123.0,292,1.7465753424657535,2.0,0.10526315789473684,1,2,2,2.030383256651869,1.600315921005403,0.6216979123047404,Champions (High-Value),1
16929,7,1295.39,929,51,2.0796103896103895,United Kingdom,4,185.0557142857143,132.71428571428572,151,1.390728476821192,0.0,0.0,1,2,2,1.540693060802997,1.6895004669312448,-0.5163904049060358,Champions (High-Value),1
16930,3,378.89,339,47,1.639811320754717,United Kingdom,26,126.29666666666667,113.0,42,2.142857142857143,0.0,0.0,1,1,1,-0.4050126931025113,2.0330456277855955,0.7725986163630432,Hibernating / At-Risk,0
16931,21,4554.87,3134,448,2.0453837471783296,United Kingdom,5,216.89857142857142,149.23809523809524,364,1.7307692307692308,0.0,0.0,1,2,2,3.3386533178447397,2.0898003351281185,-0.16451472525301844,Champions (High-Value),1
16932,1,150.23000000000002,82,44,2.167708333333333,United Kingdom,53,150.23000000000002,82.0,0,1.0,0.0,0.0,1,1,1,-2.0736353054356593,0.527471003396479,-0.11977986516882044,Hibernating / At-Risk,0
16933,2,563.23,288,42,2.8868181818181817,United Kingdom,1,281.615,144.0,237,0.2531645569620253,3.0,0.6,1,0,0,0.28159311360154005,-0.20331512572916138,-2.3107903648429677,Loyal Regulars,0
16934,2,931.03,397,59,3.928524590163934,United Kingdom,55,465.515,198.5,0,2.0,0.0,0.0,1,0,0,0.29126140575881826,0.36431138517159284,1.7147535180657698,Loyal Regulars,0
16936,1,261.9,171,56,1.8964285714285716,United Kingdom,26,261.9,171.0,0,1.0,0.0,0.0,1,1,1,-1.0942521810164494,0.12472163014260493,-0.013385675077200152,Hibernating / At-Risk,0
16938,4,2711.6800000000003,2533,212,2.8279148936170215,United Kingdom,9,677.9200000000001,633.25,300,0.4,1.0,0.2,1,0,2,2.2302874327343996,-1.234407568360304,-0.9667081688792354,Loyal Regulars,0
16940,3,3049.88,2169,226,2.0787868852459015,United Kingdom,52,1016.6266666666667,723.0,237,0.37974683544303794,0.0,0.0,1,0,2,1.8349060613255752,-2.1850349209021536,-0.15467685248569596,Loyal Regulars,0
16942,9,1904.99,805,159,2.984693140794224,United Kingdom,13,211.66555555555556,89.44444444444444,215,1.255813953488372,1.0,0.1,1,2,2,1.591042674785865,1.2472866226866852,-0.309231664794453,Champions (High-Value),1
16943,3,816.73,145,23,6.822424242424242,United Kingdom,212,272.24333333333334,48.333333333333336,106,0.8490566037735849,0.0,0.0,1,1,1,-0.7185763841217481,-0.4009372748704029,0.34316448544285666,Hibernating / At-Risk,0
16945,19,4345.5,2725,137,2.2293172690763052,United Kingdom,22,228.71052631578948,143.42105263157896,336,1.6964285714285716,0.0,0.0,1,2,2,2.875274784461059,1.6141570533098308,0.3087374791299213,Champions (High-Value),1
16947,1,406.48,312,21,2.610952380952381,United Kingdom,236,406.48,312.0,0,1.0,0.0,0.0,1,1,1,-1.00690798632728,-0.9460990796045375,1.006249536829042,Hibernating / At-Risk,0
16948,3,435.02,1614,15,1.1131578947368421,United Kingdom,139,145.00666666666666,538.0,187,0.48128342245989303,0.0,0.0,1,0,0,-0.3180390108376463,-0.40908760244770953,-0.7618379549545777,Loyal Regulars,0
16949,6,1286.27,791,57,6.3966666666666665,United Kingdom,4,214.37833333333333,131.83333333333334,312,0.5769230769230769,1.0,0.14285714285714285,1,0,2,1.325771220786189,0.5611435217793078,-1.6335149180435888,Loyal Regulars,0
16950,3,1178.56,644,39,3.0883333333333334,United Kingdom,57,392.8533333333333,214.66666666666666,310,0.29032258064516125,0.0,0.0,1,0,0,0.42898384616700985,-1.3469799929033006,-0.9119731020199358,Loyal Regulars,0
16951,3,1277.75,1318,73,1.4517441860465115,United Kingdom,135,425.9166666666667,439.3333333333333,169,0.5325443786982248,1.0,0.25,1,0,0,0.6206983538466692,-1.33029873889669,-0.0450998415785407,Loyal Regulars,0
16952,2,167.61,92,16,5.236875,United Kingdom,109,83.805,46.0,0,2.0,0.0,0.0,1,1,1,-2.0438979372583286,1.938008636437372,0.9050683902108896,Hibernating / At-Risk,0
16953,1,20.8,10,1,2.08,United Kingdom,30,20.8,10.0,0,1.0,0.0,0.0,1,1,1,-3.7107114278552134,1.9922133372487705,-1.0673473894076824,Hibernating / At-Risk,0
16954,9,2085.08,1054,40,3.3449999999999998,United Kingdom,1,231.67555555555555,117.11111111111111,358,0.7541899441340782,0.0,0.0,1,2,2,2.201554424517367,1.0989601571614696,-1.6602736106061606,Champions (High-Value),1
16955,4,518.67,266,18,4.1983999999999995,United Kingdom,185,129.6675,66.5,188,0.6382978723404256,1.0,0.2,1,1,1,-0.892401806058688,0.09598863563895219,-0.5273466233019242,Hibernating / At-Risk,0
16956,1,308.74,114,16,4.229375,United Kingdom,18,308.74,114.0,0,1.0,1.0,0.5,1,1,1,-1.0100363100671343,0.10113651989567611,-0.04812863031560863,Hibernating / At-Risk,0
16957,2,416.64,172,15,3.329375,United Kingdom,239,208.32,86.0,42,1.4285714285714286,0.0,0.0,1,1,1,-1.221864820900662,0.3214625763403249,1.0971573632652807,Hibernating / At-Risk,0
16959,1,117.35000000000001,49,7,3.007142857142857,United Kingdom,87,117.35000000000001,49.0,0,1.0,0.0,0.0,1,1,1,-2.626567965417726,0.6726808654016389,-0.10957132049859433,Hibernating / At-Risk,0
16960,3,505.1,301,91,2.0311000000000003,United Kingdom,39,168.36666666666667,100.33333333333333,213,0.4225352112676057,0.0,0.0,1,0,0,-0.5312586893355237,-0.14736693663296457,-1.2681237952343993,Loyal Regulars,0
16961,1,234.17,125,14,2.674285714285714,United Kingdom,116,234.17,125.0,0,1.0,0.0,0.0,1,1,1,-1.6962054271278784,-0.14477369744745705,0.4165215048505002,Hibernating / At-Risk,0
16963,1,110.55000000000001,35,7,3.342857142857143,United Kingdom,187,110.55000000000001,35.0,0,1.0,0.0,0.0,1,1,1,-3.0054623153750857,0.5496272216299898,0.10774214016931664,Hibernating / At-Risk,0
16965,1,192.07,243,25,2.4215999999999998,United Kingdom,227,192.07,243.0,0,1.0,0.0,0.0,1,1,1,-1.790618165163836,-0.19961423194990124,0.5468884909142905,Hibernating / At-Risk,0
16966,7,2154.97,1981,8,1.2935714285714286,United Kingdom,8,307.8528571428571,283.0,231,0.9090909090909091,3.0,0.3,1,2,2,2.091158722177003,0.4615802868873637,-0.6606805056276456,Champions (High-Value),1
16967,1,319.02,333,21,1.1404761904761904,United Kingdom,189,319.02,333.0,0,1.0,0.0,0.0,1,1,1,-1.1497164336585153,-0.6602829605791393,0.7898510569561696,Hibernating / At-Risk,0
16968,2,439.43,326,31,2.803548387096774,United Kingdom,4,219.715,163.0,103,0.5825242718446603,0.0,0.0,1,0,1,-0.06269472168261937,0.3021186826964431,-1.449289851354769,Loyal Regulars,0
16969,3,650.41,816,42,2.382142857142857,United Kingdom,39,216.8033333333333,272.0,152,0.5921052631578948,0.0,0.0,1,0,0,0.1300329179490687,-0.22008086396413118,-0.7614847255882307,Loyal Regulars,0
16971,1,357.21,72,40,7.760731707317073,United Kingdom,38,357.21,72.0,0,1.0,1.0,0.5,1,1,1,-1.237786750402061,-0.1949507471264169,0.2725324401929195,Hibernating / At-Risk,0
16976,1,251.51999999999998,88,2,6.005,United Kingdom,267,251.51999999999998,88.0,0,1.0,0.0,0.0,1,1,1,-1.9790999851997488,-0.4098141024256399,0.7339862934756579,Hibernating / At-Risk,0
16978,1,344.33,166,39,2.944871794871795,United Kingdom,78,344.33,166.0,0,1.0,0.0,0.0,1,1,1,-1.126915762639529,-0.42887492564143426,0.5150862387771373,Hibernating / At-Risk,0
16979,6,1852.0,865,64,3.4710112359550562,United Kingdom,4,308.6666666666667,144.16666666666666,294,0.6122448979591836,2.0,0.25,1,0,2,1.7064487191637485,0.25676449104228843,-1.352035890533388,Loyal Regulars,0
16980,2,1028.46,739,71,2.362345679012346,United Kingdom,255,514.23,369.5,36,1.6666666666666667,0.0,0.0,1,0,0,0.20217844401483004,-0.47397259362157135,1.963650481711494,Loyal Regulars,0
16982,1,384.06,182,22,2.453181818181818,United Kingdom,61,384.06,182.0,0,1.0,0.0,0.0,1,1,1,-0.9274112112990816,-0.4743629863164118,0.4983357285370775,Hibernating / At-Risk,0
16983,7,1905.87,1335,112,2.39986013986014,United Kingdom,13,272.26714285714286,190.71428571428572,356,0.5898876404494382,1.0,0.125,1,0,2,1.651894963923618,0.07454270469386653,-1.131567653056958,Loyal Regulars,0
16984,2,4459.52,2380,354,3.5410000000000004,United Kingdom,88,2229.76,1190.0,41,1.4634146341463414,3.0,0.6,1,0,0,2.2256910493623727,-1.7859959247241013,2.2073804108945896,Loyal Regulars,0
16985,10,5464.12,1832,62,4.208,United Kingdom,17,546.412,183.2,341,0.8797653958944281,1.0,0.09090909090909091,1,2,2,2.7870584535945944,-0.17737390109399048,-0.20481597320239023,Champions (High-Value),1
16986,2,1873.2,1040,3,1.9833333333333334,United Kingdom,30,936.6,520.0,0,2.0,0.0,0.0,1,2,0,1.471559990243153,-0.22602661196626503,1.9475888828784969,Champions (High-Value),1
16987,7,1616.8,401,74,4.71765625,United Kingdom,3,230.97142857142856,57.285714285714285,202,1.0396039603960396,0.0,0.0,1,2,2,1.424281979396551,1.2529771321853769,-0.9541785332418166,Champions (High-Value),1
16988,1,126.12,43,7,5.977142857142858,United Kingdom,5,126.12,43.0,0,1.0,0.0,0.0,1,1,1,-1.9223664831906555,1.3557367952233403,-0.9932654090943949,Hibernating / At-Risk,0
16989,6,1133.25,1233,7,1.5,United Kingdom,7,188.875,205.5,143,1.2587412587412588,0.0,0.0,1,2,2,1.3735996148120542,1.3326562963356439,-0.4736077693020382,Champions (High-Value),1
16990,1,179.0,100,1,1.79,United Kingdom,219,179.0,100.0,0,1.0,0.0,0.0,1,1,1,-2.1940041926399116,-0.04348133859866959,0.47029317617301486,Hibernating / At-Risk,0
16992,5,1614.31,860,84,3.8163440860215054,United Kingdom,11,322.86199999999997,172.0,274,0.5474452554744526,1.0,0.16666666666666666,1,0,2,1.3230156579255201,-0.18093573857525067,-1.112190813796399,Loyal Regulars,0
16996,6,1456.96,544,13,2.984054054054054,United Kingdom,30,242.82666666666668,90.66666666666667,323,0.5572755417956656,3.0,0.3333333333333333,1,0,0,0.8230750333878685,-0.055034769689886506,-0.9806101833392722,Loyal Regulars,0
16997,3,702.0,360,7,1.95,United Kingdom,288,234.0,120.0,37,2.4324324324324325,0.0,0.0,1,1,1,-0.38943203763987977,0.9900423664904228,2.2095364417385626,Hibernating / At-Risk,0
16998,4,295.0,76,1,3.85,United Kingdom,150,73.75,19.0,154,0.7792207792207791,2.0,0.3333333333333333,1,1,1,-1.824999137451981,0.987555073606832,-0.7166920020380526,Hibernating / At-Risk,0
16999,2,484.82,294,21,2.427391304347826,United Kingdom,23,242.41,147.0,50,1.2,0.0,0.0,1,1,1,-0.3118494487353405,0.5379440244521215,0.11717800901808342,Hibernating / At-Risk,0
17001,11,3989.57,2164,75,3.05698224852071,United Kingdom,1,362.6881818181818,196.72727272727272,358,0.9217877094972067,0.0,0.0,1,2,2,3.142800183280619,0.8890088266217377,-1.150114756828306,Champions (High-Value),1
17002,3,1493.73,679,41,3.438775510204082,United Kingdom,86,497.91,226.33333333333334,205,0.43902439024390244,1.0,0.25,1,0,0,0.6000322191628926,-1.440259953576088,-0.3100877748667337,Loyal Regulars,0
17004,2,1312.1399999999999,771,38,2.665581395348837,United Kingdom,46,656.0699999999999,385.5,46,1.3043478260869565,0.0,0.0,1,0,0,0.8344014018595604,-0.5765422697241713,1.0944648070911442,Loyal Regulars,0
17006,4,781.78,272,37,3.7497727272727275,United Kingdom,5,195.445,68.0,70,1.7142857142857142,0.0,0.0,1,2,0,0.5328536995987716,1.8031375010030097,0.024609641376753727,Champions (High-Value),1
17007,6,889.9300000000001,597,50,3.3242307692307693,United Kingdom,51,148.3216666666667,99.5,306,0.5882352941176471,1.0,0.14285714285714285,1,0,1,0.2756080651587859,0.30763499738048933,-1.0310536541378448,Loyal Regulars,0
17010,1,195.36,118,11,2.5500000000000003,United Kingdom,18,195.36,118.0,0,1.0,1.0,0.5,1,1,1,-1.4210214688129008,0.5333899259906784,-0.3154469718492641,Hibernating / At-Risk,0
17011,1,270.9,186,15,1.79,United Kingdom,30,270.9,186.0,0,1.0,0.0,0.0,1,1,1,-1.0653769650379574,0.04699204118723656,0.05606068166651745,Hibernating / At-Risk,0
17014,3,583.4300000000001,243,63,2.9747222222222223,United Kingdom,8,194.4766666666667,81.0,58,1.5517241379310345,1.0,0.25,1,1,0,0.08153054369098606,1.4799345674019801,0.023802479712207714,Hibernating / At-Risk,0
17015,3,1838.6100000000001,1978,182,1.418551401869159,United Kingdom,29,612.87,659.3333333333334,156,0.5769230769230769,0.0,0.0,1,0,2,1.5148837007288942,-1.2321754743264575,-0.25558133819129597,Loyal Regulars,0
17017,20,8694.26,6673,88,1.6860714285714284,United Kingdom,3,434.713,333.65,369,1.6260162601626016,7.0,0.25925925925925924,1,2,2,4.320752993416795,1.3632503250847954,0.01895314426428198,Champions (High-Value),1
17018,2,920.1,176,15,6.223125,United Kingdom,41,460.05,88.0,285,0.21052631578947367,0.0,0.0,1,0,0,-0.24598084135543455,-1.5444960003418573,-1.0920931060002832,Loyal Regulars,0
17019,4,1258.08,820,166,2.120263157894737,United Kingdom,11,314.52,205.0,357,0.3361344537815126,0.0,0.0,1,0,0,1.0112654386560607,-0.557844344561976,-1.5224407233836652,Loyal Regulars,0
17022,1,71.0,108,7,0.9585714285714285,United Kingdom,31,71.0,108.0,0,1.0,0.0,0.0,1,1,1,-2.523420960266569,1.3559351278076035,-0.7290914562357176,Hibernating / At-Risk,0
17024,3,95.85,69,2,1.3833333333333335,United Kingdom,45,31.95,23.0,112,0.8035714285714286,0.0,0.0,1,1,1,-2.4509569637391024,1.7925225397905786,-1.357532242753457,Hibernating / At-Risk,0
17025,3,357.77,235,8,2.006666666666667,United Kingdom,61,119.25666666666666,78.33333333333333,312,0.28846153846153844,0.0,0.0,1,1,1,-1.0908550012533722,-0.14471156004779687,-1.6179500082312028,Hibernating / At-Risk,0
17026,2,154.82999999999998,97,4,4.035,United Kingdom,185,77.41499999999999,48.5,184,0.32608695652173914,0.0,0.0,1,1,1,-2.4837220427494517,-0.000554301283390814,-1.3699374101941972,Hibernating / At-Risk,0
17027,6,877.5600000000001,416,110,2.6454054054054055,United Kingdom,79,146.26000000000002,69.33333333333333,238,0.7563025210084033,1.0,0.14285714285714285,1,0,1,0.04148212165911558,0.464345187181672,-0.6036888883148581,Loyal Regulars,0
17029,2,716.0,400,1,1.79,United Kingdom,111,358.0,200.0,126,0.47619047619047616,0.0,0.0,1,0,0,-0.3469661792917388,-1.196252316916235,-0.2951716956575459,Loyal Regulars,0
17030,1,146.87,146,11,2.661818181818182,United Kingdom,64,146.87,146.0,0,1.0,0.0,0.0,1,1,1,-1.9170192954035987,0.4464389156475118,-0.05436592242887475,Hibernating / At-Risk,0
17031,2,380.35,235,19,1.606818181818182,United Kingdom,12,190.175,117.5,143,0.4195804195804196,0.0,0.0,1,0,1,-0.6034567294515142,-0.04260400190441338,-1.5350614245184069,Loyal Regulars,0
17033,3,1030.14,750,24,2.2567857142857144,United Kingdom,86,343.38000000000005,250.0,273,0.32967032967032966,0.0,0.0,1,0,0,0.26920803952314154,-1.275545976994269,-0.7590294839514891,Loyal Regulars,0
17034,3,745.52,410,28,3.3606666666666665,United Kingdom,16,248.50666666666666,136.66666666666666,271,0.33210332103321033,1.0,0.25,1,0,0,0.1502660470871567,-0.4594940095145422,-1.5198606710409275,Loyal Regulars,0
17035,2,433.53000000000003,229,27,3.3057142857142856,United Kingdom,246,216.76500000000001,114.5,65,0.9230769230769231,1.0,0.3333333333333333,1,1,1,-1.152480324781401,-0.28272536382228597,0.4486311389097733,Hibernating / At-Risk,0
17037,1,1267.32,656,75,2.7634666666666665,United Kingdom,88,1267.32,656.0,0,1.0,1.0,0.5,1,0,0,0.593296035041276,-1.8274817957448573,1.3574240785184846,Loyal Regulars,0
17038,1,112.4,28,22,4.440909090909091,United Kingdom,30,112.4,28.0,0,1.0,0.0,0.0,1,1,1,-2.6135399601570364,1.0499145913030248,-0.5073254584695165,Hibernating / At-Risk,0
17040,1,449.73,181,15,3.3006666666666664,United Kingdom,138,449.73,181.0,0,1.0,0.0,0.0,1,1,1,-0.9897404329546459,-0.8466818179373399,0.8681547832659441,Hibernating / At-Risk,0
17041,3,1071.49,927,59,1.9510144927536233,United Kingdom,27,357.16333333333336,309.0,333,0.2702702702702703,1.0,0.25,1,0,0,0.6653736680143505,-1.1241035968122437,-1.2547391476051284,Loyal Regulars,0
17042,5,1036.58,990,74,1.8214432989690723,United Kingdom,3,207.31599999999997,198.0,244,0.6147540983606558,0.0,0.0,1,0,2,1.2614616361990911,0.627877154757547,-1.6198611445976576,Loyal Regulars,0
17043,4,1735.18,998,100,3.143627450980392,United Kingdom,32,433.795,249.5,234,0.5128205128205129,0.0,0.0,1,0,0,1.1667202057718875,-0.8769319257259124,-0.6143943499873371,Loyal Regulars,0
17044,1,948.48,504,6,2.236666666666667,United Kingdom,25,948.48,504.0,0,1.0,2.0,0.6666666666666666,1,0,0,0.5353020754591319,-1.188278214495418,0.7575049232123732,Loyal Regulars,0
17045,3,339.44,106,20,4.968181818181819,United Kingdom,113,113.14666666666666,35.333333333333336,134,0.6716417910447761,0.0,0.0,1,1,1,-1.5263862767682452,0.4029560518205712,-0.6913481543644664,Hibernating / At-Risk,0
17046,1,642.02,510,22,2.169090909090909,United Kingdom,157,642.02,510.0,0,1.0,0.0,0.0,1,0,0,-0.28524479175512263,-1.3142033424440625,1.1482577629702837,Loyal Regulars,0
17047,3,1100.9,533,59,3.536923076923077,United Kingdom,85,366.9666666666667,177.66666666666666,119,0.7563025210084033,0.0,0.0,1,0,0,0.28580617378952006,-0.669582550904725,0.08879199972815041,Loyal Regulars,0
17048,3,925.35,485,41,3.7065116279069765,United Kingdom,118,308.45,161.66666666666666,213,0.4225352112676057,3.0,0.5,1,0,0,-0.061156905150334576,-1.0663699648238794,-0.5264352886728074,Loyal Regulars,0
17049,9,5655.03,2673,201,3.9342902208201895,United Kingdom,3,628.3366666666666,297.0,273,0.989010989010989,2.0,0.18181818181818182,1,2,2,3.356701793046623,0.1605901324081813,-0.4412401404760366,Champions (High-Value),1
17050,6,3185.64,1595,169,2.755487012987013,United Kingdom,96,530.9399999999999,265.8333333333333,203,0.8866995073891626,0.0,0.0,1,0,0,1.7405287419726179,-0.7730479538640082,0.46507440696196606,Loyal Regulars,0
17051,1,240.89000000000001,179,40,1.8349999999999997,United Kingdom,194,240.89000000000001,179.0,0,1.0,0.0,0.0,1,1,1,-1.6604035156702048,-0.34449209242804096,0.6178867463019556,Hibernating / At-Risk,0
17052,1,399.09,251,72,1.92,United Kingdom,28,399.09,251.0,0,1.0,0.0,0.0,1,0,1,-0.5711467236125537,-0.3303913238799393,0.2682574060079047,Loyal Regulars,0
17053,1,498.48,122,13,4.499230769230769,United Kingdom,131,498.48,122.0,0,1.0,1.0,0.5,1,1,1,-1.0351248985466561,-0.8952915454991645,0.9005901014192891,Hibernating / At-Risk,0
17054,5,1356.33,804,64,4.77144578313253,United Kingdom,28,271.26599999999996,160.8,216,0.6944444444444444,1.0,0.16666666666666666,1,0,0,0.9367791926001433,-0.04496706878387434,-0.6450480928260782,Loyal Regulars,0
17058,3,1179.89,592,51,3.765322580645161,United Kingdom,82,393.2966666666667,197.33333333333334,158,0.569620253164557,0.0,0.0,1,0,0,0.3657857442851126,-0.9918377427849069,-0.21182111862174505,Loyal Regulars,0
17059,5,3080.39,1850,292,2.6585408560311286,United Kingdom,30,616.078,370.0,339,0.44247787610619466,0.0,0.0,1,0,2,1.9603463248073283,-1.2874893122721378,-0.5941742919802596,Loyal Regulars,0
17060,1,234.24,216,5,1.7719999999999998,United Kingdom,266,234.24,216.0,0,1.0,0.0,0.0,1,1,1,-1.6932663330179965,-0.42125285371413784,0.7143085935389745,Hibernating / At-Risk,0
17061,11,5232.2300000000005,1526,57,5.0870707070707075,United Kingdom,74,475.65727272727275,138.72727272727272,158,2.088607594936709,1.0,0.08333333333333333,1,2,0,2.4759535679617697,0.7468776757035421,1.6458471253819202,Champions (High-Value),1
17062,4,528.29,406,51,2.213235294117647,United Kingdom,314,132.0725,101.5,55,2.181818181818182,1.0,0.2,1,1,1,-0.6388738238388129,1.4111333745944452,1.6354720827997413,Hibernating / At-Risk,0
17063,7,1461.14,770,66,2.656025641025641,United Kingdom,21,208.73428571428573,110.0,268,0.7835820895522387,4.0,0.36363636363636365,1,0,2,1.1084310620946403,0.5147946365623048,-0.8070040878095246,Loyal Regulars,0
17064,3,855.45,316,53,3.7162295081967214,United Kingdom,59,285.15000000000003,105.33333333333333,268,0.33582089552238803,0.0,0.0,1,0,0,-0.14641289645266245,-0.9081076372660671,-1.0046104363374684,Loyal Regulars,0
17068,21,4545.89,2159,115,2.5058983050847456,United Kingdom,12,216.47095238095238,102.80952380952381,355,1.7746478873239435,1.0,0.045454545454545456,1,2,2,2.9970280069532182,1.9485818874951129,0.13722017839236347,Champions (High-Value),1
17069,9,2709.7000000000003,1506,111,2.8552447552447555,United Kingdom,28,301.0777777777778,167.33333333333334,345,0.782608695652174,4.0,0.3076923076923077,1,2,2,1.905360553507551,0.11748018598382666,-0.531342881490693,Champions (High-Value),1
17070,1,304.24,131,62,2.5412903225806454,United Kingdom,114,304.24,131.0,0,1.0,0.0,0.0,1,1,1,-1.4306147161156468,-0.3932945333082035,0.5652823888975645,Hibernating / At-Risk,0
17071,9,2429.03,1197,102,3.376714285714286,United Kingdom,28,269.89222222222224,133.0,281,0.9608540925266903,5.0,0.35714285714285715,1,2,2,1.7429011538450623,0.4598304798322217,-0.32006908362874453,Champions (High-Value),1
17073,4,1444.84,758,141,3.134393063583815,United Kingdom,18,361.21,189.5,91,1.3186813186813187,0.0,0.0,1,0,0,1.1619186733498226,0.44936888567652294,0.34224138720145564,Loyal Regulars,0
17075,4,834.12,292,62,3.8464935064935064,United Kingdom,18,208.53,73.0,299,0.4013377926421405,1.0,0.2,1,0,0,0.12091303086546507,-0.0918597504084425,-1.4918193566956839,Loyal Regulars,0
17076,3,841.0799999999999,295,17,5.8696,United Kingdom,36,280.35999999999996,98.33333333333333,328,0.27439024390243905,0.0,0.0,1,0,0,-0.07987089935907479,-0.860130662840492,-1.3213982892812375,Loyal Regulars,0
17078,2,375.86,782,27,0.6103703703703703,United Kingdom,36,187.93,391.0,0,2.0,0.0,0.0,1,1,0,-0.17862393461254453,1.2811175703569524,1.0581134806423254,Hibernating / At-Risk,0
17079,1,118.80000000000001,24,2,4.95,United Kingdom,78,118.80000000000001,24.0,0,1.0,0.0,0.0,1,1,1,-2.86047997551783,0.7531224278073766,-0.157597721840437,Hibernating / At-Risk,0
17080,2,287.62,166,8,3.76375,United Kingdom,22,143.81,83.0,247,0.24291497975708504,1.0,0.3333333333333333,1,1,1,-1.1859458898855273,-0.20673774593496574,-1.904084566039807,Hibernating / At-Risk,0
17081,2,288.91,77,55,3.835714285714286,United Kingdom,25,144.455,38.5,20,2.0,0.0,0.0,1,1,1,-1.2401517063240024,1.8356373614273331,0.7226555572883085,Hibernating / At-Risk,0
17082,2,2003.85,1049,75,4.224567901234568,United Kingdom,33,1001.925,524.5,285,0.21052631578947367,0.0,0.0,1,0,2,1.2330782862189653,-2.3887863314507674,-0.6607225036808667,Loyal Regulars,0
17083,3,1405.78,772,24,2.0717307692307694,United Kingdom,109,468.5933333333333,257.3333333333333,194,0.4639175257731959,0.0,0.0,1,0,0,0.5392864582062746,-1.4194025633515561,-0.21116220457633542,Loyal Regulars,0
17084,2,2747.9900000000002,1702,146,2.8845637583892616,United Kingdom,35,1373.9950000000001,851.0,0,2.0,0.0,0.0,1,2,0,1.9836674654246955,-0.67721207366413,2.237148067076259,Champions (High-Value),1
17085,5,1562.4,785,115,2.724032258064516,United Kingdom,123,312.48,157.0,239,0.6276150627615062,1.0,0.16666666666666666,1,0,0,0.6741451893707312,-0.6696391330508565,-0.1824699481552477,Loyal Regulars,0
17086,6,2050.08,1859,76,2.1609374999999997,United Kingdom,7,341.68,309.8333333333333,56,3.2142857142857144,0.0,0.0,1,2,0,2.278901757699559,2.155634105534316,1.7262975779688112,Champions (High-Value),1
17088,4,1991.01,868,96,3.8090434782608695,United Kingdom,28,497.7525,217.0,225,0.5333333333333333,0.0,0.0,1,0,0,1.277000323285289,-0.9291426259023219,-0.5418833099409467,Loyal Regulars,0
17090,7,1974.65,903,45,2.7237704918032786,United Kingdom,4,282.09285714285716,129.0,349,0.6017191977077364,1.0,0.125,1,2,2,1.797109509546832,0.376500734495232,-1.4527451001316842,Champions (High-Value),1
17091,9,3827.76,1746,119,3.139846153846154,United Kingdom,3,425.3066666666667,194.0,365,0.7397260273972603,1.0,0.1,1,2,2,2.784639034217004,0.26522210297131943,-1.0770411288811021,Champions (High-Value),1
17092,4,1774.03,1130,99,2.2467741935483874,United Kingdom,50,443.5075,282.5,227,0.5286343612334802,0.0,0.0,1,0,2,1.1278734960795465,-1.0053794534062575,-0.417919264851708,Loyal Regulars,0
17094,1,302.0,152,14,2.1464285714285714,United Kingdom,322,302.0,152.0,0,1.0,1.0,0.5,1,1,1,-1.643899843187308,-0.6840379039173757,0.9195194994294416,Hibernating / At-Risk,0
17095,3,1324.16,618,69,3.755135135135135,United Kingdom,23,441.3866666666667,206.0,312,0.28846153846153844,3.0,0.5,1,0,0,0.746675774149282,-1.2144994628738703,-1.1519939470382978,Loyal Regulars,0
17096,4,1022.13,339,46,4.555416666666667,United Kingdom,15,255.5325,84.75,246,0.48780487804878053,3.0,0.42857142857142855,1,0,0,0.43080362523709015,-0.11456181320784929,-1.2510198270833437,Loyal Regulars,0
17097,8,954.42,459,153,2.5918009478672985,Spain,2,119.3025,57.375,363,0.6611570247933884,1.0,0.1111111111111111,0,0,2,1.014067984961503,1.5258199499432816,-2.068375426150383,Loyal Regulars,0
17100,2,971.74,800,65,1.9433846153846153,United Kingdom,18,485.87,400.0,0,2.0,0.0,0.0,1,0,0,0.8833019642435902,0.5583768644827729,1.3869254443743566,Loyal Regulars,0
17101,4,1621.73,815,28,2.8811904761904765,United Kingdom,10,405.4325,203.75,167,0.718562874251497,0.0,0.0,1,0,2,1.3450899919715875,-0.20049229934848975,-0.6602025103907304,Loyal Regulars,0
17102,1,25.5,2,1,12.75,United Kingdom,262,25.5,2.0,0,1.0,0.0,0.0,1,1,1,-4.258441234783882,1.403182241955588,-0.3329506374545292,Hibernating / At-Risk,0
17105,2,665.78,693,80,1.9445555555555554,United Kingdom,159,332.89,346.5,147,0.4081632653061224,0.0,0.0,1,0,0,-0.30456403214264793,-1.382305406595505,-0.3403005892525254,Loyal Regulars,0
17107,6,10797.48,4826,269,3.3522355769230767,United Kingdom,33,1799.58,804.3333333333334,244,0.7377049180327869,1.0,0.14285714285714285,1,2,2,3.55531358260808,-1.9363513393240852,0.6086291913980548,Champions (High-Value),1
17109,6,881.29,588,107,2.318189655172414,United Kingdom,29,146.88166666666666,98.0,203,0.8866995073891626,2.0,0.25,1,0,1,0.45480213879785486,0.8629820485219962,-0.7175792438572036,Loyal Regulars,0
17110,1,163.29999999999998,50,12,5.166666666666667,United Kingdom,165,163.29999999999998,50.0,0,1.0,0.0,0.0,1,1,1,-2.4758561602685454,0.18273759337269643,0.30197533243803765,Hibernating / At-Risk,0
17111,1,231.61,282,29,1.8762068965517242,United Kingdom,47,231.61,282.0,0,1.0,0.0,0.0,1,1,1,-1.1595939583888433,0.038342571811984284,0.12522900613511553,Hibernating / At-Risk,0
17114,8,801.12,215,85,5.1258536585365855,United Kingdom,6,100.14,26.875,329,0.729483282674772,2.0,0.2,1,0,1,0.3496973649446107,1.6182938561767688,-1.7802761897688144,Loyal Regulars,0
17115,3,837.5,372,33,4.382307692307692,United Kingdom,8,279.1666666666667,124.0,224,0.4017857142857143,2.0,0.4,1,0,0,0.39883439276598975,-0.2698701640078986,-1.5220648276177882,Loyal Regulars,0
17117,1,116.19999999999999,68,9,3.966666666666667,United Kingdom,288,116.19999999999999,68.0,0,1.0,0.0,0.0,1,1,1,-2.813464550828601,0.32545929009427543,0.3015267440509316,Hibernating / At-Risk,0
17118,1,157.02,154,10,1.3579999999999999,United Kingdom,318,157.02,154.0,0,1.0,0.0,0.0,1,1,1,-2.2418456673029303,-0.05997793999731945,0.5324815349616832,Hibernating / At-Risk,0
17119,2,606.91,334,35,3.578857142857143,United Kingdom,3,303.455,167.0,56,1.0714285714285714,1.0,0.3333333333333333,1,0,1,0.3871323274516993,0.6688362893605115,-0.541025141633859,Loyal Regulars,0
17120,1,307.46,120,18,4.396111111111111,United Kingdom,233,307.46,120.0,0,1.0,0.0,0.0,1,1,1,-1.6370773806855832,-0.5911913911827519,0.8131785541967421,Hibernating / At-Risk,0
17122,1,138.32,80,7,1.97,United Kingdom,119,138.32,80.0,0,1.0,0.0,0.0,1,1,1,-2.364178777215258,0.3880360340131175,0.10557470960461707,Hibernating / At-Risk,0
17123,1,345.29999999999995,246,9,1.7722222222222221,United Kingdom,162,345.29999999999995,246.0,0,1.0,0.0,0.0,1,1,1,-1.1557559364318297,-0.6662949812111708,0.7757537534834588,Hibernating / At-Risk,0
17124,1,294.24,129,31,3.396451612903226,United Kingdom,185,294.24,129.0,0,1.0,0.0,0.0,1,1,1,-1.590814304223106,-0.4925630662048396,0.7104267784300135,Hibernating / At-Risk,0
17125,1,230.5,281,34,3.3182857142857145,United Kingdom,50,230.5,281.0,0,1.0,0.0,0.0,1,1,1,-1.1809721403566709,0.026528558959084538,0.14314430307144005,Hibernating / At-Risk,0
17126,5,989.45,780,187,1.8836290322580644,United Kingdom,152,197.89000000000001,156.0,210,0.7142857142857143,2.0,0.2857142857142857,1,0,1,0.20950947347107263,-0.1737892825357206,-0.22507169888143164,Loyal Regulars,0
17128,1,157.09,76,14,3.985,United Kingdom,335,157.09,76.0,0,1.0,0.0,0.0,1,1,1,-2.530171497997805,-0.011771158194360276,0.5322701032191877,Hibernating / At-Risk,0
17131,5,2463.17,983,78,3.519402985074627,United Kingdom,5,492.634,196.6,70,2.142857142857143,0.0,0.0,1,2,0,2.1653528826615496,1.2131203440046714,0.9934836932935914,Champions (High-Value),1
17133,7,4892.240000000001,2730,13,2.1211111111111114,United Kingdom,16,698.8914285714287,390.0,250,0.84,0.0,0.0,1,2,2,2.805527808585645,-0.6081281798052335,-0.06122129819176548,Champions (High-Value),1
17134,2,413.2,98,21,5.558695652173912,United Kingdom,107,206.6,49.0,157,0.38216560509554137,0.0,0.0,1,1,1,-1.419240433150062,-0.6874423009608437,-0.8609584699583442,Hibernating / At-Risk,0
17135,7,1139.73,1224,34,5.040961538461539,United Kingdom,16,162.81857142857143,174.85714285714286,355,0.5915492957746479,0.0,0.0,1,0,0,1.0909008408961172,0.520180550890068,-1.365280815337822,Loyal Regulars,0
17138,1,380.5,126,24,4.90625,United Kingdom,276,380.5,126.0,0,1.0,0.0,0.0,1,1,1,-1.4633314463408138,-0.8449993253230651,0.997446944618501,Hibernating / At-Risk,0
17139,12,10650.77,5176,309,3.7661635220125786,United Kingdom,16,887.5641666666667,431.3333333333333,273,1.3186813186813187,3.0,0.2,1,2,2,3.9216983508348395,-0.17146124731486645,0.6698262981029589,Champions (High-Value),1
17140,1,454.12,296,16,2.5250000000000004,United Kingdom,247,454.12,296.0,0,1.0,0.0,0.0,1,1,1,-0.936220559253233,-1.059484656913154,1.0855256494523053,Hibernating / At-Risk,0
17142,1,579.0,81,15,19.186666666666667,United Kingdom,239,579.0,81.0,0,1.0,0.0,0.0,1,1,1,-1.2087174710625348,-1.1662664420636746,1.1832730288674713,Hibernating / At-Risk,0
17144,2,984.57,483,42,5.275833333333334,United Kingdom,1,492.285,241.5,83,0.7228915662650602,0.0,0.0,1,0,1,1.1021862178094586,-0.05494008583000072,-1.0294913106331116,Loyal Regulars,0
17146,3,749.78,212,33,7.031142857142857,United Kingdom,106,249.92666666666665,70.66666666666667,253,0.3557312252964427,0.0,0.0,1,0,1,-0.5690275624082912,-0.8724304408180615,-0.8499480214893385,Loyal Regulars,0
17147,4,1714.59,882,68,3.190987654320988,United Kingdom,23,428.6475,220.5,289,0.4152249134948097,2.0,0.3333333333333333,1,0,0,1.1679603995085526,-0.9189886256002802,-0.9309317606978312,Loyal Regulars,0
17148,1,124.88,82,9,1.62,United Kingdom,52,124.88,82.0,0,1.0,0.0,0.0,1,1,1,-2.2397051167318733,0.7078593436798041,-0.2341674826132165,Hibernating / At-Risk,0
17152,3,1689.5,517,9,3.482857142857143,United Kingdom,195,563.1666666666666,172.33333333333334,68,1.3235294117647058,1.0,0.25,1,0,0,0.5476970858266125,-0.6629867604857026,1.448891536433348,Loyal Regulars,0
17153,1,213.78,104,14,2.789285714285714,United Kingdom,24,213.78,104.0,0,1.0,0.0,0.0,1,1,1,-1.4571000512223542,0.3834051276564065,-0.17169637843720872,Hibernating / At-Risk,0
17154,1,329.34,490,23,1.1069565217391304,United Kingdom,75,329.34,490.0,0,1.0,0.0,0.0,1,1,1,-0.7337427937933814,-0.47283314277319854,0.5038908782247571,Hibernating / At-Risk,0
17155,2,251.70000000000002,242,19,2.568,United Kingdom,18,125.85000000000001,121.0,160,0.375,0.0,0.0,1,1,1,-1.0816048981286566,0.16927823135195577,-1.739616602240074,Hibernating / At-Risk,0
17157,2,319.0,172,11,2.5461538461538464,United Kingdom,8,159.5,86.0,168,0.35714285714285715,1.0,0.3333333333333333,1,0,1,-0.8085303163984962,0.15102777442350135,-1.9052527299427031,Loyal Regulars,0
17158,3,1266.97,778,53,3.2455223880597015,United Kingdom,32,422.3233333333333,259.3333333333333,328,0.27439024390243905,0.0,0.0,1,0,0,0.7111626442954478,-1.3059039352397186,-1.0949490397667943,Loyal Regulars,0
17159,3,1538.88,1111,96,2.389108910891089,United Kingdom,22,512.96,370.3333333333333,150,0.6,1.0,0.25,1,0,0,1.1949895026622093,-0.9042680956915355,-0.42356880058898094,Loyal Regulars,0
17160,6,3518.03,2856,111,1.6480349344978165,United Kingdom,31,586.3383333333334,476.0,210,0.8571428571428571,0.0,0.0,1,2,2,2.3412868080740723,-0.6506115826485843,0.11109059624185051,Champions (High-Value),1
17162,10,1715.46,1001,81,3.83,United Kingdom,29,171.546,100.1,276,1.0869565217391306,1.0,0.09090909090909091,1,2,2,1.3740639316227146,1.0780516300748666,-0.4159938991995468,Champions (High-Value),1
17163,2,293.1,66,3,4.529999999999999,United Kingdom,22,146.55,33.0,56,1.0714285714285714,0.0,0.0,1,1,1,-1.369908075092722,1.0237570977677357,-0.4086811063265678,Hibernating / At-Risk,0
17164,7,2467.35,1501,92,2.4883333333333333,United Kingdom,33,352.4785714285714,214.42857142857142,240,0.875,1.0,0.125,1,2,2,1.761756179363243,-0.04970848329529958,-0.1851884999524824,Champions (High-Value),1
17165,1,158.68,100,10,3.0669999999999997,United Kingdom,284,158.68,100.0,0,1.0,0.0,0.0,1,1,1,-2.3718654792753218,-0.0003842536730264092,0.48871507673361003,Hibernating / At-Risk,0
17166,2,206.34,78,11,3.115,United Kingdom,39,103.17,39.0,165,0.36363636363636365,1.0,0.3333333333333333,1,1,1,-1.901054403510076,0.23454790845633922,-1.6537860406556335,Hibernating / At-Risk,0
17169,2,835.78,526,51,2.830740740740741,United Kingdom,58,417.89,263.0,125,0.48,2.0,0.5,1,0,0,0.06936428369383607,-1.185753457798247,-0.40976155003793946,Loyal Regulars,0
17171,1,224.91,185,16,2.38,United Kingdom,289,224.91,185.0,0,1.0,0.0,0.0,1,1,1,-1.8128097932675595,-0.39149700671454063,0.7148421215942697,Hibernating / At-Risk,0
17172,1,317.76,480,15,0.8446666666666667,United Kingdom,79,317.76,480.0,0,1.0,1.0,0.5,1,1,1,-0.7882140465329938,-0.4510301356328551,0.4999714387563745,Hibernating / At-Risk,0
17173,8,3766.6,1122,36,3.7151162790697674,United Kingdom,5,470.825,140.25,125,1.92,1.0,0.1111111111111111,1,2,0,2.6375328522657306,1.2366963466809706,0.663139809267584,Champions (High-Value),1
17174,1,59.9,41,4,1.6625,United Kingdom,218,59.9,41.0,0,1.0,0.0,0.0,1,1,1,-3.5474991102430344,1.0717918077563429,-0.19196360957288097,Hibernating / At-Risk,0
17175,4,1443.69,866,42,4.0947619047619055,United Kingdom,44,360.9225,216.5,252,0.47619047619047616,1.0,0.2,1,0,0,0.8529032813616366,-0.8303456355368791,-0.69191902894544,Loyal Regulars,0
17176,1,306.13,170,15,2.772666666666667,United Kingdom,202,306.13,170.0,0,1.0,0.0,0.0,1,1,1,-1.4685269233080827,-0.5790261179302528,0.7708729515756849,Hibernating / At-Risk,0
17179,3,711.79,290,56,2.314375,United Kingdom,178,237.26333333333332,96.66666666666667,183,0.49180327868852464,0.0,0.0,1,0,1,-0.5966729216773493,-0.7743931200669986,-0.41310250496087136,Loyal Regulars,0
17180,4,783.97,670,91,1.9075199999999999,United Kingdom,56,195.9925,167.5,259,0.46332046332046334,2.0,0.3333333333333333,1,0,0,0.12153833405923144,-0.31126765840671244,-1.0013166247335952,Loyal Regulars,0
17181,2,239.92000000000002,241,23,3.039565217391304,United Kingdom,57,119.96000000000001,120.5,316,0.189873417721519,0.0,0.0,1,1,1,-1.456573446057446,-0.41025790498330356,-1.7955216107465592,Hibernating / At-Risk,0
17183,6,3347.31,1296,42,4.032465753424658,United Kingdom,8,557.885,216.0,97,1.8556701030927836,2.0,0.25,1,2,0,2.442248594974586,0.7997364736610374,0.8960317377942593,Champions (High-Value),1
17186,2,144.0,200,1,0.72,United Kingdom,47,72.0,100.0,13,2.0,0.0,0.0,1,1,1,-1.6680487656887524,2.2403986727744853,0.5521455251643386,Hibernating / At-Risk,0
17187,1,203.95,144,10,3.7649999999999997,United Kingdom,227,203.95,144.0,0,1.0,0.0,0.0,1,1,1,-1.9399038826663038,-0.20983298844867715,0.568410876506679,Hibernating / At-Risk,0
17188,7,2474.23,1328,71,2.6591666666666667,United Kingdom,11,353.4614285714286,189.71428571428572,351,0.5982905982905983,2.0,0.2222222222222222,1,0,2,1.93352610310105,-0.11902953245720843,-1.0159613275811727,Loyal Regulars,0
17189,2,383.75,226,52,2.3425000000000002,United Kingdom,106,191.875,113.0,253,0.23715415019762845,0.0,0.0,1,1,1,-1.1930604620815741,-0.9423113919396486,-1.2130346321379155,Hibernating / At-Risk,0
17190,2,444.74,161,19,12.313684210526317,United Kingdom,59,222.37,80.5,148,0.4054054054054054,1.0,0.3333333333333333,1,1,1,-1.0013630297722658,-0.6016918930425201,-0.9576297704673264,Hibernating / At-Risk,0
17191,7,2093.68,1166,163,2.5697881355932206,United Kingdom,28,299.09714285714284,166.57142857142858,340,0.6176470588235293,0.0,0.0,1,0,2,1.5047972704869779,-0.1638693188432857,-0.778738421962283,Loyal Regulars,0
17193,7,1699.3000000000002,1254,17,2.4309375,United Kingdom,36,242.7571428571429,179.14285714285714,141,1.4893617021276595,2.0,0.2222222222222222,1,2,2,1.410520383347668,0.9453606947597963,0.4572930023871125,Champions (High-Value),1
17194,1,226.78,112,25,3.1292,United Kingdom,361,226.78,112.0,0,1.0,0.0,0.0,1,1,1,-2.058143932006294,-0.41563397769366356,0.7828230681806444,Hibernating / At-Risk,0
17197,1,1013.01,191,29,5.508965517241379,United Kingdom,30,1013.01,191.0,0,1.0,0.0,0.0,1,0,0,0.17074762949912142,-1.2125457231266914,0.8313093451870435,Loyal Regulars,0
17198,3,692.22,357,89,2.8972916666666664,United Kingdom,24,230.74,119.0,347,0.25936599423631124,0.0,0.0,1,0,0,-0.08914505688258345,-0.6109516312490427,-1.6002950112112548,Loyal Regulars,0
17201,1,289.78,231,38,1.9963157894736843,United Kingdom,54,289.78,231.0,0,1.0,0.0,0.0,1,1,1,-1.0648405636370417,-0.19447202574389916,0.2981349930170948,Hibernating / At-Risk,0
17203,6,3560.08,2846,116,1.7545945945945947,United Kingdom,36,593.3466666666667,474.3333333333333,24,6.0,0.0,0.0,1,2,0,2.6083728476936012,1.4713300225905843,2.978039615157442,Champions (High-Value),1
17204,4,1564.56,646,44,4.6410526315789475,United Kingdom,175,391.14,161.5,88,1.3636363636363638,5.0,0.5555555555555556,1,0,0,0.6087712745215879,-0.18151234690856413,1.2060761931961033,Loyal Regulars,0
17205,1,384.08,884,13,0.5253846153846153,United Kingdom,54,384.08,884.0,0,1.0,0.0,0.0,1,0,1,-0.27616755989464487,-0.583184437910223,0.4984557121462092,Loyal Regulars,0
17206,1,204.24,76,7,2.7885714285714287,United Kingdom,53,204.24,76.0,0,1.0,0.0,0.0,1,1,1,-1.8187944831044645,0.24254714020812543,0.05796144551760597,Hibernating / At-Risk,0
17211,8,2317.2200000000003,1323,150,3.2573933649289097,United Kingdom,27,289.65250000000003,165.375,342,0.7017543859649122,1.0,0.1111111111111111,1,0,2,1.688926629776154,0.027574207713320413,-0.6829379930361195,Loyal Regulars,0
17212,1,226.85,147,4,1.385,United Kingdom,253,226.85,147.0,0,1.0,0.0,0.0,1,1,1,-1.8608659253525404,-0.342592216789772,0.6683687136910375,Hibernating / At-Risk,0
17213,7,2781.23,1176,85,4.155414012738853,United Kingdom,40,397.31857142857143,168.0,326,0.6441717791411042,4.0,0.36363636363636365,1,0,2,1.6884742198142169,-0.4934044956634644,-0.44489756173885303,Loyal Regulars,0
17214,6,1059.1200000000001,272,79,5.328415841584158,United Kingdom,60,176.52,45.333333333333336,298,0.6040268456375839,1.0,0.14285714285714285,1,0,1,0.09055153697670153,0.19147688199771928,-0.8656898203996004,Loyal Regulars,0
17217,1,113.5,24,9,3.716666666666667,United Kingdom,234,113.5,24.0,0,1.0,0.0,0.0,1,1,1,-3.1818760853256043,0.4960249675662618,0.19020476257120933,Hibernating / At-Risk,0
17218,10,1951.97,955,146,2.9098523985239853,United Kingdom,4,195.197,95.5,363,0.8264462809917356,0.0,0.0,1,2,2,1.8931786359732325,1.148686620777197,-1.3507373645711986,Champions (High-Value),1
17219,1,114.23,89,24,1.8852000000000002,United Kingdom,32,114.23,89.0,0,1.0,0.0,0.0,1,1,1,-2.16878057723249,0.9155278151070327,-0.4467995648303896,Hibernating / At-Risk,0
17220,14,3187.55,1897,303,2.4691006423982866,United Kingdom,24,227.68214285714288,135.5,339,1.238938053097345,0.0,0.0,1,2,2,2.3178054720664347,1.0870302258540518,-0.15850701065933945,Champions (High-Value),1
17221,2,334.48,287,59,1.9653225806451613,United Kingdom,7,167.24,143.5,28,2.0,0.0,0.0,1,1,1,-0.28822697809764236,1.9037961499431826,0.4376589045209212,Hibernating / At-Risk,0
17222,1,328.65,122,27,2.9444444444444446,United Kingdom,65,328.65,122.0,0,1.0,0.0,0.0,1,1,1,-1.2445287502429694,-0.30745269432396355,0.4179859567615001,Hibernating / At-Risk,0
17223,2,381.89,109,42,3.7,United Kingdom,310,190.945,54.5,58,1.0344827586206897,0.0,0.0,1,1,1,-1.6021259245694255,-0.03069110739193046,0.6004769844682134,Hibernating / At-Risk,0
17226,1,393.49,406,21,2.5752380952380953,United Kingdom,309,393.49,406.0,0,1.0,0.0,0.0,1,1,1,-1.0024740249413455,-1.0127483916874922,1.0862813400360636,Hibernating / At-Risk,0
17227,6,939.32,741,28,1.3721276595744683,United Kingdom,19,156.55333333333334,123.5,349,0.5157593123209169,0.0,0.0,1,0,0,0.6409645037955378,0.39352773598803015,-1.4599260186311516,Loyal Regulars,0
17228,8,1906.09,1532,140,1.7266346153846153,United Kingdom,16,238.26125,191.5,356,0.6741573033707865,0.0,0.0,1,2,2,1.6879156441349878,0.30042819344241917,-1.0133014140076622,Champions (High-Value),1
17229,2,318.76,185,39,2.008936170212766,United Kingdom,96,159.38,92.5,46,1.3043478260869565,0.0,0.0,1,1,1,-1.2258515152638445,0.6990687020934933,0.47609688845437875,Hibernating / At-Risk,0
17230,8,3638.41,1651,51,3.736521739130435,United Kingdom,264,454.80125,206.375,95,2.5263157894736845,3.0,0.2727272727272727,1,2,0,1.8453371255280084,0.6222434040485341,2.5110771356924837,Champions (High-Value),1
17231,10,3124.72,1724,292,2.7403389830508473,United Kingdom,12,312.472,172.4,349,0.8595988538681949,4.0,0.2857142857142857,1,2,2,2.323473565500947,0.4257052022361795,-0.6781528221743245,Champions (High-Value),1
17232,2,417.77,202,30,2.625142857142857,United Kingdom,3,208.885,101.0,11,2.0,0.0,0.0,1,1,0,-0.04214097143287179,1.9149068977584212,0.3206111861727589,Hibernating / At-Risk,0
17233,1,190.88,131,25,2.4748,United Kingdom,35,190.88,131.0,0,1.0,0.0,0.0,1,1,1,-1.5654081101600998,0.3700511027039432,-0.10681084063841378,Hibernating / At-Risk,0
17234,1,149.89000000000001,55,14,3.697857142857143,United Kingdom,183,149.89000000000001,55.0,0,1.0,0.0,0.0,1,1,1,-2.544696163051692,0.22728601609867616,0.28967825535935743,Hibernating / At-Risk,0
17235,2,550.06,224,24,3.179310344827586,United Kingdom,25,275.03,112.0,347,0.1729106628242075,0.0,0.0,1,0,1,-0.5103689464656337,-0.9709283602109998,-1.5873822698514555,Loyal Regulars,0
17236,6,916.13,474,88,2.6937142857142855,United Kingdom,13,152.68833333333333,79.0,350,0.5142857142857143,0.0,0.0,1,0,0,0.5332415346224666,0.5534233668567443,-1.6115979938244407,Loyal Regulars,0
17237,2,314.69,105,18,3.2257894736842103,United Kingdom,11,157.345,52.5,11,2.0,0.0,0.0,1,1,1,-0.8421319065572664,1.939920637348561,0.5150932038259078,Hibernating / At-Risk,0
17238,17,3719.1,1807,297,2.7016396396396396,United Kingdom,3,218.7705882352941,106.29411764705883,368,1.3858695652173911,0.0,0.0,1,2,2,2.9612890799436737,1.8531229532180686,-0.666245005418312,Champions (High-Value),1
17239,1,382.5,150,15,4.066666666666666,United Kingdom,313,382.5,150.0,0,1.0,1.0,0.5,1,1,1,-1.422433303343103,-0.9001026245605149,1.0481154950298284,Hibernating / At-Risk,0
17242,2,1135.04,611,30,2.14775,United Kingdom,108,567.52,305.5,72,0.8333333333333334,0.0,0.0,1,0,0,0.3218374311971425,-1.1712166664802728,0.6169173178370296,Loyal Regulars,0
17243,26,8531.65,3316,179,4.193031088082901,United Kingdom,1,328.1403846153846,127.53846153846153,368,2.119565217391304,4.0,0.13333333333333333,1,2,2,4.302816356696579,2.3805135005830884,0.048833367806864245,Champions (High-Value),1
17244,1,954.9,616,31,1.7067741935483869,United Kingdom,53,954.9,616.0,0,1.0,0.0,0.0,1,0,0,0.43320926634954365,-1.4140811162833176,1.0177496166780386,Loyal Regulars,0
17245,1,171.45,75,9,2.9055555555555554,United Kingdom,205,171.45,75.0,0,1.0,0.0,0.0,1,1,1,-2.329026507018719,0.04114015106119463,0.4150532805819832,Hibernating / At-Risk,0
17247,1,280.09000000000003,105,53,3.303888888888889,United Kingdom,15,280.09000000000003,105.0,0,1.0,0.0,0.0,1,1,1,-1.0884824261712573,0.2485116742847188,-0.16640178457946084,Hibernating / At-Risk,0
17248,1,318.65,213,68,1.905217391304348,United Kingdom,120,318.65,213.0,0,1.0,0.0,0.0,1,1,1,-1.2104621862979306,-0.49482638191922645,0.6225375643027321,Hibernating / At-Risk,0
17250,2,381.97,167,55,3.0223214285714284,United Kingdom,4,190.985,83.5,257,0.23346303501945526,0.0,0.0,1,0,1,-0.5320524557533117,-0.07372484657997398,-2.284638948284893,Loyal Regulars,0
17251,1,269.83,108,37,3.3294594594594593,United Kingdom,363,269.83,108.0,0,1.0,0.0,0.0,1,1,1,-1.9125352980053225,-0.5792521432526493,0.8856424227489119,Hibernating / At-Risk,0
17252,2,348.91,192,86,2.747558139534884,United Kingdom,117,174.455,96.0,69,0.8695652173913044,0.0,0.0,1,1,1,-1.2424581942877873,0.07851150096579461,-0.02016797323479114,Hibernating / At-Risk,0
17253,1,178.26,43,18,5.614444444444445,United Kingdom,18,178.26,43.0,0,1.0,0.0,0.0,1,1,1,-1.897571727900665,0.7099108160029185,-0.39509524637709675,Hibernating / At-Risk,0
17254,2,271.19,251,100,1.5078378378378379,United Kingdom,5,135.595,125.5,10,2.0,0.0,0.0,1,1,1,-0.4614505258359239,2.194148586657658,0.21270184957980592,Hibernating / At-Risk,0
17255,2,291.48,227,69,1.9629729729729728,United Kingdom,41,145.74,113.5,258,0.23255813953488372,0.0,0.0,1,1,1,-1.2078665551356091,-0.4323903269203236,-1.7060240319334063,Hibernating / At-Risk,0
17256,2,240.0,141,12,2.448125,United Kingdom,107,120.0,70.5,204,0.29411764705882354,0.0,0.0,1,1,1,-1.8010728488304277,-0.3544104283437347,-1.3636377213194497,Hibernating / At-Risk,0
17259,2,581.23,388,104,2.3613793103448275,United Kingdom,148,290.615,194.0,220,0.27272727272727276,0.0,0.0,1,0,0,-0.6716947948300673,-1.412181193786727,-0.7581936159892747,Loyal Regulars,0
17262,5,1253.3600000000001,367,9,4.0275,United Kingdom,52,250.67200000000003,73.4,313,0.4792332268370607,0.0,0.0,1,0,0,0.358742164895352,-0.3756641038703962,-0.9058053508101993,Loyal Regulars,0
17263,1,63.440000000000005,36,23,2.011304347826087,United Kingdom,208,63.440000000000005,36.0,0,1.0,0.0,0.0,1,1,1,-3.532811564601827,1.042103215213918,-0.17808379039681324,Hibernating / At-Risk,0
17265,2,550.01,389,106,2.3179508196721312,United Kingdom,139,275.005,194.5,41,1.4634146341463414,0.0,0.0,1,1,1,-0.5015690374778908,0.16515315246500256,1.1381315586468275,Hibernating / At-Risk,0
17266,3,296.58,153,60,2.668493150684932,United Kingdom,2,98.86,51.0,145,0.6206896551724138,0.0,0.0,1,1,1,-0.5856714131319909,1.4294198993232186,-2.101356259114869,Hibernating / At-Risk,0
17267,2,317.2,158,37,3.4818918918918924,United Kingdom,127,158.6,79.0,0,2.0,0.0,0.0,1,1,1,-1.2815201758105377,1.2438000485851992,1.3433853646385538,Hibernating / At-Risk,0
17268,4,763.64,844,3,1.0066666666666666,United Kingdom,108,190.91,211.0,137,0.8759124087591241,0.0,0.0,1,0,1,0.09874391248049896,0.0815093062027501,-0.05454505993137091,Loyal Regulars,0
17272,4,2148.63,1778,70,1.8583333333333334,United Kingdom,42,537.1575,444.5,220,0.5454545454545455,1.0,0.2,1,0,2,1.5314629964229207,-1.1567662167406645,-0.31983897611368894,Loyal Regulars,0
17274,1,107.82,77,24,1.7172,United Kingdom,35,107.82,77.0,0,1.0,0.0,0.0,1,1,1,-2.300708247574515,0.959096336961954,-0.45433869822790535,Hibernating / At-Risk,0
17277,2,1065.3500000000001,430,67,3.351594202898551,United Kingdom,228,532.6750000000001,215.0,95,0.6315789473684211,0.0,0.0,1,0,0,-0.10139160923746732,-1.5499743316006358,0.48123570841607594,Loyal Regulars,0
17278,1,246.04,179,15,4.753333333333334,United Kingdom,241,246.04,179.0,0,1.0,0.0,0.0,1,1,1,-1.6961012352320606,-0.42410138054338187,0.7044524051244153,Hibernating / At-Risk,0
17279,1,187.82999999999998,48,8,6.736666666666666,United Kingdom,58,187.82999999999998,48.0,0,1.0,0.0,0.0,1,1,1,-2.097027450153783,0.3384026348734293,0.027512498632964757,Hibernating / At-Risk,0
17282,3,1685.46,1866,79,2.405393258426966,United Kingdom,130,561.82,622.0,169,0.5325443786982248,0.0,0.0,1,0,0,1.024622021651722,-1.6152406597520426,0.11377892694073803,Loyal Regulars,0
17284,6,1647.48,1362,229,1.6152233676975944,United Kingdom,60,274.58,227.0,276,0.6521739130434783,1.0,0.14285714285714285,1,0,2,1.143051978604014,-0.305863207183693,-0.47740201883879363,Loyal Regulars,0
17286,1,151.37,117,44,1.856818181818182,United Kingdom,22,151.37,117.0,0,1.0,0.0,0.0,1,1,1,-1.709485143633675,0.7237715929368798,-0.39930317808310983,Hibernating / At-Risk,0
17287,7,1049.06,556,88,3.1524590163934425,United Kingdom,26,149.8657142857143,79.42857142857143,346,0.6069364161849711,0.0,0.0,1,0,0,0.5881812179395348,0.5643166385301684,-1.2470866289261722,Loyal Regulars,0
17288,7,1417.63,1201,118,2.697857142857143,United Kingdom,9,202.51857142857145,171.57142857142858,349,0.6017191977077364,0.0,0.0,1,0,0,1.4238682286345063,0.47524691960195253,-1.401477277449335,Loyal Regulars,0
17289,3,931.02,513,86,2.2070192307692307,United Kingdom,32,310.34,171.0,148,0.6081081081081081,1.0,0.25,1,0,0,0.3330948370223425,-0.4439149967288164,-0.5998516831802174,Loyal Regulars,0
17290,2,513.01,397,92,2.6145833333333335,United Kingdom,4,256.505,198.5,12,2.0,0.0,0.0,1,0,0,0.3563656221572679,1.5975268854065698,0.5352200369127983,Loyal Regulars,0
17291,1,550.8000000000001,72,1,7.65,United Kingdom,308,550.8000000000001,72.0,0,1.0,0.0,0.0,1,1,1,-1.3656383546311044,-1.1778183816888053,1.2376963580740143,Hibernating / At-Risk,0
17293,9,1854.06,1135,93,2.7444696969696967,United Kingdom,8,206.00666666666666,126.11111111111111,352,0.7670454545454546,0.0,0.0,1,2,2,1.7385755220520875,0.8063241200588974,-1.1889825617251426,Champions (High-Value),1
17295,3,547.0,293,53,2.8467647058823533,United Kingdom,29,182.33333333333334,97.66666666666667,35,2.571428571428571,0.0,0.0,1,1,0,-0.10925046115085799,1.960399982246447,1.3972015578925419,Hibernating / At-Risk,0
17297,1,128.18,65,49,2.2220408163265306,United Kingdom,17,128.18,65.0,0,1.0,0.0,0.0,1,1,1,-2.0291954310934495,1.0012598384217013,-0.5958563002781543,Hibernating / At-Risk,0
17298,2,498.42,387,30,2.0803333333333334,United Kingdom,101,249.21,193.5,23,2.0,0.0,0.0,1,1,0,-0.45292356346259316,0.7965383098290838,1.5533864145077054,Hibernating / At-Risk,0
17299,4,656.61,668,50,1.6403636363636362,United Kingdom,12,164.1525,167.0,161,0.7453416149068324,0.0,0.0,1,0,0,0.3890648667758965,0.6670625455978426,-1.0924385183278273,Loyal Regulars,0
17301,1,163.24,137,59,1.6742372881355931,United Kingdom,21,163.24,137.0,0,1.0,0.0,0.0,1,1,1,-1.5665980794061931,0.6502830697108288,-0.3663295948080537,Hibernating / At-Risk,0
17302,5,1135.63,575,68,2.506582278481013,United Kingdom,15,227.12600000000003,115.0,290,0.5172413793103449,1.0,0.16666666666666666,1,0,0,0.7581755553114725,0.06576274650806227,-1.288364563237263,Loyal Regulars,0
17303,1,250.04,144,53,2.940943396226415,United Kingdom,361,250.04,144.0,0,1.0,0.0,0.0,1,1,1,-1.8694303871081124,-0.5309319013875894,0.8465647376327144,Hibernating / At-Risk,0
17306,19,8631.31,11491,13,1.558030303030303,United Kingdom,11,454.2794736842105,604.7894736842105,342,1.6666666666666665,2.0,0.09523809523809523,1,2,2,4.22168399067309,0.9898700439633726,0.49140578716796124,Champions (High-Value),1
17309,1,82.75,41,11,2.9375,United Kingdom,95,82.75,41.0,0,1.0,0.0,0.0,1,1,1,-3.0395338868624697,0.9946852438009635,-0.28774472292868186,Hibernating / At-Risk,0
17311,2,1384.85,1005,55,3.0627272727272725,United Kingdom,78,692.425,502.5,238,0.25210084033613445,0.0,0.0,1,0,0,0.6669483175235832,-2.187598232328044,-0.4897298280157549,Loyal Regulars,0
17312,3,644.3,372,11,2.305,United Kingdom,139,214.76666666666665,124.0,20,3.0,0.0,0.0,1,1,0,-0.223149094736586,1.6177476802799746,2.3630538122926454,Hibernating / At-Risk,0
17313,1,2328.84,1402,24,2.1425,United Kingdom,31,2328.84,1402.0,0,1.0,1.0,0.5,1,0,0,1.65117251188064,-2.0747383646304622,1.3080669512461154,Loyal Regulars,0
17314,8,2527.92,1896,120,2.458091603053435,United Kingdom,25,315.99,237.0,287,0.8362369337979094,3.0,0.2727272727272727,1,2,2,1.953923201866246,0.10642999594207006,-0.4233344911207832,Champions (High-Value),1
17315,36,6241.15,3837,254,2.7120726495726495,United Kingdom,2,173.36527777777778,106.58333333333333,355,3.0422535211267605,5.0,0.12195121951219512,1,2,2,3.9815466071255727,3.4924612903401915,0.5604403576231974,Champions (High-Value),1
17317,3,2600.34,1146,8,3.2244444444444444,United Kingdom,46,866.7800000000001,382.0,43,2.0930232558139537,2.0,0.4,1,2,0,1.7161764165930475,-0.0992587147609838,2.0773365940963973,Champions (High-Value),1
17320,3,1200.6200000000001,634,57,3.742191780821918,United Kingdom,100,400.2066666666667,211.33333333333334,267,0.33707865168539325,0.0,0.0,1,0,0,0.3090002911049246,-1.4347773811982882,-0.6058725523010245,Loyal Regulars,0
17321,2,657.16,364,94,2.632222222222222,United Kingdom,8,328.58,182.0,59,1.0169491525423728,0.0,0.0,1,0,1,0.2788123857002359,0.3011181833919057,-0.29228298747359877,Loyal Regulars,0
17323,7,903.12,756,124,1.4299484536082476,United Kingdom,15,129.01714285714286,108.0,277,0.7581227436823106,2.0,0.2222222222222222,1,0,1,0.7319405493920673,1.028312537888054,-1.240829595676111,Loyal Regulars,0
17324,4,986.48,843,43,2.745510204081633,United Kingdom,18,246.62,210.75,348,0.3448275862068966,0.0,0.0,1,0,0,0.6804808947306551,-0.44059924746095247,-1.487365353428087,Loyal Regulars,0
17325,1,96.8,60,6,1.633333333333333,United Kingdom,280,96.8,60.0,0,1.0,0.0,0.0,1,1,1,-3.0233052950848402,0.5171141999954989,0.1821733966708711,Hibernating / At-Risk,0
17329,2,523.11,142,29,4.12939393939394,United Kingdom,14,261.555,71.0,300,0.2,0.0,0.0,1,0,1,-0.5936003388568659,-0.7237463257313318,-1.8084805067063832,Loyal Regulars,0
17330,2,363.9,120,5,4.488333333333333,United Kingdom,23,181.95,60.0,44,1.3636363636363638,0.0,0.0,1,1,1,-0.9066977783782526,1.054708349770105,0.13765098027419703,Hibernating / At-Risk,0
17331,1,175.2,16,1,10.95,United Kingdom,124,175.2,16.0,0,1.0,0.0,0.0,1,1,1,-2.7705901066752836,0.2929212692777527,0.2169461845018124,Hibernating / At-Risk,0
17333,1,494.25,375,28,1.772142857142857,United Kingdom,86,494.25,375.0,0,1.0,0.0,0.0,1,0,1,-0.496331540355198,-0.8728347102559196,0.7816307455264412,Loyal Regulars,0
17334,2,307.02,315,11,1.3527272727272728,United Kingdom,302,153.51,157.5,6,2.0,1.0,0.3333333333333333,1,1,1,-1.262083640611492,0.9755991003644321,1.6382468699496018,Hibernating / At-Risk,0
17337,4,1979.61,1246,420,2.3060384615384617,United Kingdom,151,494.9025,311.5,158,0.759493670886076,3.0,0.42857142857142855,1,0,0,1.0320707990988445,-1.0983799164760186,0.43944322040588996,Loyal Regulars,0
17338,8,6484.75,3044,388,2.7848817802503474,United Kingdom,17,810.59375,380.5,344,0.6976744186046512,2.0,0.2,1,2,2,3.0863729534211046,-0.9120868930959788,-0.21561842494029856,Champions (High-Value),1
17339,2,243.36,152,9,2.9522222222222223,United Kingdom,94,121.68,76.0,270,0.2222222222222222,0.0,0.0,1,1,1,-1.743672522768481,-0.46947404817622745,-1.5664016468184556,Hibernating / At-Risk,0
17340,11,12353.29,5967,229,3.148869778869779,United Kingdom,30,1123.0263636363636,542.4545454545455,336,0.9821428571428572,5.0,0.3125,1,2,2,3.9009994999079036,-0.9645618806298751,0.5732164471220895,Champions (High-Value),1
17341,3,682.29,443,147,2.0989808917197452,United Kingdom,157,227.42999999999998,147.66666666666666,209,0.43062200956937796,0.0,0.0,1,0,1,-0.45063329895421234,-0.8333684731866396,-0.5933732114040412,Loyal Regulars,0
17343,1,193.64,56,17,4.70235294117647,United Kingdom,355,193.64,56.0,0,1.0,0.0,0.0,1,1,1,-2.4697018824007384,-0.19929899933743367,0.6666537097035788,Hibernating / At-Risk,0
17344,1,157.62,65,31,2.8296774193548386,United Kingdom,46,157.62,65.0,0,1.0,0.0,0.0,1,1,1,-2.0838703079539505,0.540765763912895,-0.14538711339097848,Hibernating / At-Risk,0
17345,4,519.6899999999999,341,70,2.697710843373494,United Kingdom,15,129.92249999999999,85.25,181,0.6629834254143646,0.0,0.0,1,0,1,-0.1600668585930224,0.7818099379718875,-1.3181469139358228,Loyal Regulars,0
17346,15,2622.88,1617,299,2.3961490683229814,United Kingdom,4,174.85866666666666,107.8,369,1.2195121951219512,1.0,0.0625,1,2,2,2.494077423386202,1.8019383969480025,-0.9104453439367931,Champions (High-Value),1
17347,1,228.96,216,1,1.06,United Kingdom,86,228.96,216.0,0,1.0,0.0,0.0,1,1,1,-1.4271549210044951,-0.09065916970128277,0.3158027555173536,Hibernating / At-Risk,0
17348,5,1156.6,1398,180,1.6993427230046947,United Kingdom,15,231.32,279.6,283,0.5300353356890459,0.0,0.0,1,0,0,1.1271364844427223,-0.012295759021642332,-1.2296273341579431,Loyal Regulars,0
17349,1,98.25,102,8,3.3175,United Kingdom,179,98.25,102.0,0,1.0,0.0,0.0,1,1,1,-2.689263129868799,0.5786350023021634,0.05155943025068055,Hibernating / At-Risk,0
17350,4,1281.32,770,66,2.472857142857143,United Kingdom,8,320.33,192.5,42,2.857142857142857,1.0,0.2,1,2,0,1.4054138336517585,1.9302351510797087,1.5183208522192515,Champions (High-Value),1
17351,3,587.15,113,22,5.725555555555555,United Kingdom,36,195.71666666666667,37.666666666666664,237,0.37974683544303794,0.0,0.0,1,0,1,-0.7646454300289537,-0.25102284357383414,-1.322454539611994,Loyal Regulars,0
17353,2,1740.0,1200,5,1.45,United Kingdom,129,870.0,600.0,25,2.0,0.0,0.0,1,0,0,1.0919856696964443,-0.5634281430627466,2.4003495418998453,Loyal Regulars,0
17354,1,1393.06,1006,15,1.4068749999999999,United Kingdom,51,1393.06,1006.0,0,1.0,0.0,0.0,1,0,0,0.9871137394191032,-1.808137815969032,1.2396450378669768,Loyal Regulars,0
17356,1,178.22,166,19,1.121578947368421,United Kingdom,312,178.22,166.0,0,1.0,0.0,0.0,1,1,1,-2.090387346962959,-0.1816974869299257,0.6019941924258687,Hibernating / At-Risk,0
17357,2,384.39,152,41,3.4481818181818182,United Kingdom,24,192.195,76.0,0,2.0,0.0,0.0,1,1,1,-0.7001676594753566,1.5146573775092653,0.8938798389778672,Hibernating / At-Risk,0
17358,2,360.81,190,55,2.731551724137931,United Kingdom,303,180.405,95.0,52,1.1538461538461537,0.0,0.0,1,1,1,-1.4140661381189161,0.11007998635197043,0.7422067487874076,Hibernating / At-Risk,0
17359,1,127.86,161,13,2.104,United Kingdom,11,127.86,161.0,0,1.0,0.0,0.0,1,1,1,-1.5741212761752728,1.034555375159512,-0.7130870463096735,Hibernating / At-Risk,0
17360,3,568.24,328,113,2.848,United Kingdom,17,189.41333333333333,109.33333333333333,166,0.5421686746987951,0.0,0.0,1,0,0,-0.15872795250708227,0.13736071179859694,-1.2327564032846208,Loyal Regulars,0
17361,3,488.2,157,26,4.833793103448276,United Kingdom,49,162.73333333333332,52.333333333333336,242,0.37190082644628103,0.0,0.0,1,0,1,-0.8862505972517444,-0.20099628196530914,-1.335365436856526,Loyal Regulars,0
17362,2,312.23,191,30,2.991142857142857,United Kingdom,239,156.115,95.5,70,0.8571428571428571,0.0,0.0,1,1,1,-1.5313947093365146,-0.026341051656631066,0.13887280202808377,Hibernating / At-Risk,0
17364,11,4462.68,2692,288,2.711477832512315,United Kingdom,1,405.69818181818187,244.72727272727272,330,1.0,1.0,0.08333333333333333,1,2,2,3.3452732404114096,0.8536760563238804,-0.960822364571418,Champions (High-Value),1
17365,8,4762.32,4737,277,1.9420689655172414,United Kingdom,13,595.29,592.125,320,0.75,0.0,0.0,1,2,2,3.0469593205753287,-0.5188338782219537,-0.3821580801619436,Champions (High-Value),1
17367,1,167.55,149,33,1.9278787878787877,United Kingdom,238,167.55,149.0,0,1.0,0.0,0.0,1,1,1,-2.120716770248262,-0.03910426590603872,0.47041668881379567,Hibernating / At-Risk,0
17368,8,1878.87,1377,93,2.50392523364486,United Kingdom,23,234.85875,172.125,314,0.7643312101910827,1.0,0.1111111111111111,1,2,2,1.5604918280602242,0.34848872654595026,-0.7511661307612998,Champions (High-Value),1
17370,4,446.18,540,31,1.396969696969697,United Kingdom,73,111.545,135.0,96,1.25,0.0,0.0,1,1,1,-0.419509458670009,1.1534913824909905,0.023519579058769825,Hibernating / At-Risk,0
17371,3,418.4,151,83,3.1536046511627904,United Kingdom,17,139.46666666666667,50.333333333333336,343,0.26239067055393583,0.0,0.0,1,0,1,-0.8085584453137069,0.04044741575968664,-2.0231611721327205,Loyal Regulars,0
17372,8,1337.18,747,215,2.3232270916334663,United Kingdom,41,167.1475,93.375,321,0.7476635514018692,0.0,0.0,1,0,1,0.8578713208138985,0.5509660850750394,-0.8021743332303624,Loyal Regulars,0
17373,4,646.92,408,47,1.8789473684210525,United Kingdom,40,161.73,102.0,272,0.4411764705882353,0.0,0.0,1,0,0,-0.17197018832096522,-0.028207177536810242,-1.2849415824186563,Loyal Regulars,0
17374,2,495.77,85,24,7.0996428571428565,United Kingdom,219,247.885,42.5,62,0.9677419354838709,0.0,0.0,1,1,1,-1.3784939170537371,-0.2375295810215816,0.5295486644729286,Hibernating / At-Risk,0
17375,3,400.1,367,63,2.7102898550724634,United Kingdom,199,133.36666666666667,122.33333333333333,162,0.5555555555555555,1.0,0.25,1,1,1,-1.054085186558631,-0.18320669766500028,-0.5824710421586012,Hibernating / At-Risk,0
17376,2,203.2,86,23,3.454166666666667,United Kingdom,71,101.6,43.0,240,0.25,0.0,0.0,1,1,1,-2.0547602695460645,-0.1202139191591195,-1.7152486960779785,Hibernating / At-Risk,0
17377,20,4058.32,2038,190,2.6302475247524755,United Kingdom,24,202.916,101.9,349,1.7191977077363898,1.0,0.047619047619047616,1,2,2,2.687106253621625,1.7701309828974336,0.2734000830821879,Champions (High-Value),1
17379,1,389.71999999999997,623,71,1.3534615384615383,United Kingdom,11,389.71999999999997,623.0,0,1.0,0.0,0.0,1,0,1,-0.010202620218734026,-0.14623464364894773,-0.025038987535100105,Loyal Regulars,0
17381,29,20275.61,25649,40,1.3353211009174313,United Kingdom,9,699.1589655172414,884.448275862069,363,2.396694214876033,1.0,0.03333333333333333,1,2,2,5.173724466504191,1.354366561395079,1.300367626751044,Champions (High-Value),1
17382,1,65.4,25,2,8.55,United Kingdom,65,65.4,25.0,0,1.0,0.0,0.0,1,1,1,-3.348534223663152,1.3627676800195654,-0.5655943601389357,Hibernating / At-Risk,0
17383,1,193.39000000000001,148,49,1.8118367346938775,United Kingdom,4,193.39000000000001,148.0,0,1.0,0.0,0.0,1,1,1,-0.9999149579640364,0.890568817374379,-0.7740314803076368,Hibernating / At-Risk,0
17384,2,336.4,88,12,3.2493333333333334,United Kingdom,19,168.2,44.0,199,0.3015075376884422,0.0,0.0,1,1,1,-1.238484191301425,-0.1551696199701432,-1.7409103779555455,Hibernating / At-Risk,0
17385,1,256.11,197,42,1.9497777777777776,United Kingdom,15,256.11,197.0,0,1.0,0.0,0.0,1,1,1,-0.9255296502144399,0.2774755915886137,-0.20252761258459276,Hibernating / At-Risk,0
17386,6,2686.42,1902,23,1.6421428571428573,United Kingdom,8,447.7366666666667,317.0,157,1.1464968152866242,0.0,0.0,1,2,2,2.300236746996221,0.3231377834074676,-0.06608282431052871,Champions (High-Value),1
17387,2,746.81,522,71,2.432236842105263,United Kingdom,20,373.405,261.0,13,2.0,0.0,0.0,1,0,0,0.4451035369605756,0.8200529998844536,1.2555669176848037,Loyal Regulars,0
17388,4,1259.56,1068,13,4.6979999999999995,United Kingdom,78,314.89,267.0,209,0.5741626794258373,0.0,0.0,1,0,0,0.6842679328202977,-0.7275420231244446,-0.38345861631447964,Loyal Regulars,0
17389,34,31833.68,7612,45,5.688826291079812,United Kingdom,1,936.2847058823529,223.88235294117646,330,3.090909090909091,9.0,0.20930232558139536,1,2,2,5.668958947475086,2.0218617767934206,1.4355813516995999,Champions (High-Value),1
17391,2,508.8,480,2,1.06,United Kingdom,164,254.4,240.0,0,2.0,0.0,0.0,1,1,1,-0.4724062376998068,0.6250973785304852,1.7362913478553441,Hibernating / At-Risk,0
17392,2,411.27,275,52,3.392181818181818,United Kingdom,307,205.635,137.5,51,1.1764705882352942,0.0,0.0,1,1,1,-1.1478330368524152,-0.02718796810482289,0.8638317889106335,Hibernating / At-Risk,0
17394,1,203.86999999999998,241,4,3.4425,United Kingdom,219,203.86999999999998,241.0,0,1.0,0.0,0.0,1,1,1,-1.7294645764780667,-0.24569465179049182,0.5693144825112566,Hibernating / At-Risk,0
17396,7,7312.8,2004,23,3.8938461538461535,United Kingdom,39,1044.6857142857143,286.2857142857143,332,0.6325301204819277,0.0,0.0,1,2,2,2.801713083263474,-1.4727367658141162,0.10761410397649113,Champions (High-Value),1
17397,2,681.41,250,88,3.0520224719101123,United Kingdom,22,340.705,125.0,0,2.0,0.0,0.0,1,1,0,0.04761255760144102,0.9483305499340333,1.2138187587489229,Hibernating / At-Risk,0
17398,3,653.38,310,30,4.841578947368421,United Kingdom,115,217.79333333333332,103.33333333333333,140,0.6428571428571428,0.0,0.0,1,0,1,-0.5090190519656349,-0.35919540611790524,-0.3257292836984971,Loyal Regulars,0
17400,5,2097.84,1088,175,3.3175728155339805,United Kingdom,126,419.56800000000004,217.6,226,0.6637168141592921,0.0,0.0,1,0,0,1.0771319207786851,-0.9362108132923541,0.07201773478184983,Loyal Regulars,0
17402,12,2598.85,700,32,5.357758620689655,United Kingdom,5,216.57083333333333,58.333333333333336,364,0.989010989010989,0.0,0.0,1,2,2,2.042087129629781,1.289390273843461,-1.0212283594704274,Champions (High-Value),1
17403,1,263.92,111,32,3.141875,United Kingdom,36,263.92,111.0,0,1.0,0.0,0.0,1,1,1,-1.3367321264123273,0.06920060552424771,0.08811514642020198,Hibernating / At-Risk,0
17404,13,31781.82,32744,109,1.7917948717948717,Sweden,4,2444.7553846153846,2518.769230769231,356,1.095505617977528,3.0,0.1875,0,2,2,5.200557972655843,-0.8550849925030439,0.42140843159599406,Champions (High-Value),1
17405,3,1031.41,726,77,3.1534146341463414,United Kingdom,1,343.80333333333334,242.0,149,0.6040268456375839,2.0,0.4,1,0,0,1.282096071593272,0.193849249816613,-1.5010692714869958,Loyal Regulars,0
17406,3,2184.42,780,99,6.7990090090090085,United Kingdom,333,728.14,260.0,33,2.727272727272727,2.0,0.4,1,0,0,0.9580968686696775,-0.01273988068471989,3.1891738091328663,Loyal Regulars,0
17408,1,32.65,3,2,11.35,United Kingdom,163,32.65,3.0,0,1.0,0.0,0.0,1,1,1,-4.137456288709052,1.5332899965436537,-0.4951673916070997,Hibernating / At-Risk,0
17409,2,771.85,105,13,7.625384615384615,United Kingdom,185,385.925,52.5,63,0.9523809523809523,0.0,0.0,1,1,1,-0.8443781309276105,-0.6494934960061522,0.7139051933987297,Hibernating / At-Risk,0
17410,5,1214.72,616,57,3.48953125,United Kingdom,16,242.94400000000002,123.2,199,0.7537688442211055,0.0,0.0,1,0,0,0.8770950664900453,0.30960748695217,-0.7984880788398392,Loyal Regulars,0
17411,3,778.94,306,39,4.144146341463415,United Kingdom,12,259.6466666666667,102.0,249,0.36144578313253006,1.0,0.25,1,0,0,0.15159926479250269,-0.35133118291460463,-1.5295874514763779,Loyal Regulars,0
17412,7,1258.06,738,48,2.721060606060606,United Kingdom,3,179.72285714285712,105.42857142857143,369,0.5691056910569106,0.0,0.0,1,0,2,1.3498538016760986,0.837971499156256,-1.859600480652525,Loyal Regulars,0
17414,2,778.0,2100,5,0.425,United Kingdom,44,389.0,1050.0,141,0.425531914893617,0.0,0.0,1,0,0,0.6050290950154709,-1.2528867169906932,-0.6193957807735607,Loyal Regulars,0
17415,1,507.84,114,14,13.96642857142857,United Kingdom,80,507.84,114.0,0,1.0,0.0,0.0,1,1,1,-0.9192119962149502,-0.7724414143178485,0.7420213272498969,Hibernating / At-Risk,0
17416,7,6893.42,4302,186,2.3484758364312266,United Kingdom,30,984.7742857142857,614.5714285714286,251,0.8366533864541832,2.0,0.2222222222222222,1,2,2,3.149166778966895,-1.145852202805889,0.3532146556107479,Champions (High-Value),1
17418,2,463.46000000000004,289,29,2.941666666666667,United Kingdom,42,231.73000000000002,144.5,281,0.21352313167259784,0.0,0.0,1,0,1,-0.6939549366952562,-0.9366909329741375,-1.4661351646879444,Loyal Regulars,0
17419,12,4226.57,1876,155,4.12121359223301,United Kingdom,11,352.21416666666664,156.33333333333334,355,1.0140845070422535,2.0,0.14285714285714285,1,2,2,2.708110543918343,0.5754786617629253,-0.43517133985688167,Champions (High-Value),1
17420,3,598.83,265,28,3.881333333333333,United Kingdom,50,199.61,88.33333333333333,323,0.2786377708978328,0.0,0.0,1,0,1,-0.5185526449605734,-0.6081385112657957,-1.4032548686758628,Loyal Regulars,0
17422,6,1979.37,2253,93,1.4844444444444445,United Kingdom,16,329.895,375.5,279,0.6451612903225806,4.0,0.4,1,0,2,1.837636166880079,-0.18361260636838014,-0.8079706429005411,Loyal Regulars,0
17423,2,698.41,459,26,2.2849999999999997,United Kingdom,46,349.205,229.5,171,0.3508771929824561,2.0,0.5,1,0,0,-0.12105667389951082,-1.148239590972911,-0.8663820877617778,Loyal Regulars,0
17425,2,759.17,407,42,2.670930232558139,United Kingdom,19,379.585,203.5,41,1.4634146341463414,0.0,0.0,1,0,1,0.31409345302615427,0.39024023225584575,0.6600426340223476,Loyal Regulars,0
17426,6,5037.26,3094,179,3.014686346863469,United Kingdom,8,839.5433333333334,515.6666666666666,274,0.6569343065693432,1.0,0.14285714285714285,1,2,2,2.996419116043774,-0.9112121568538348,-0.4483913822099318,Champions (High-Value),1
17427,1,100.8,34,2,4.165,United Kingdom,72,100.8,34.0,0,1.0,0.0,0.0,1,1,1,-2.859397000284317,0.900122659029626,-0.2717345320899809,Hibernating / At-Risk,0
17428,28,17256.85,9474,252,3.572774390243903,United Kingdom,1,616.3160714285714,338.35714285714283,368,2.282608695652174,5.0,0.15151515151515152,1,2,2,5.399733107603156,1.830718484792592,0.5805879820835946,Champions (High-Value),1
17429,3,524.9200000000001,624,36,2.086153846153846,United Kingdom,128,174.97333333333336,208.0,90,1.0,1.0,0.25,1,1,1,-0.40369866799026116,0.20599805700957893,0.18167562199507523,Hibernating / At-Risk,0
17430,2,265.76,190,14,1.997857142857143,United Kingdom,33,132.88,95.0,332,0.18072289156626506,0.0,0.0,1,1,1,-1.3182505251713188,-0.3388075877035219,-1.925415815077706,Hibernating / At-Risk,0
17431,1,403.3,292,41,1.9611627906976743,United Kingdom,313,403.3,292.0,0,1.0,0.0,0.0,1,1,1,-1.1122684728663825,-1.0101790953756273,1.0965409269255628,Hibernating / At-Risk,0
17432,2,365.76,207,44,2.5272916666666667,United Kingdom,18,182.88,103.5,19,2.0,0.0,0.0,1,1,1,-0.5550380793061761,1.6098478829031437,0.7785675563866284,Hibernating / At-Risk,0
17433,1,303.15999999999997,185,53,2.4059259259259256,United Kingdom,88,303.15999999999997,185.0,0,1.0,0.0,0.0,1,1,1,-1.2332444930308724,-0.3501526404045448,0.4841395175445121,Hibernating / At-Risk,0
17434,7,2373.82,1693,100,2.741044776119403,United Kingdom,2,339.1171428571429,241.85714285714286,82,2.5609756097560976,2.0,0.2222222222222222,1,2,0,2.5936626596056134,2.1096431273389764,0.8554687470353043,Champions (High-Value),1
17436,2,216.29999999999998,90,7,2.4277777777777776,United Kingdom,2,108.14999999999999,45.0,225,0.26666666666666666,0.0,0.0,1,1,1,-1.1610882149160853,0.7223513284902577,-2.7300964827882663,Hibernating / At-Risk,0
17438,1,388.45000000000005,103,17,5.238235294117647,United Kingdom,254,388.45000000000005,103.0,0,1.0,1.0,0.5,1,1,1,-1.5015850539536169,-0.823928689227403,0.9759327835904006,Hibernating / At-Risk,0
17440,3,186.42000000000002,246,3,0.678,United Kingdom,157,62.14000000000001,82.0,90,1.0,2.0,0.4,1,1,1,-1.7786348701018082,1.2133047366030514,-0.37646229248188173,Hibernating / At-Risk,0
17442,6,2248.56,1496,96,2.5273333333333334,United Kingdom,37,374.76,249.33333333333334,253,0.7114624505928854,4.0,0.4,1,0,2,1.601234149565144,-0.3996535111201581,-0.3508947340879067,Loyal Regulars,0
17443,1,534.24,504,1,1.06,Canada,220,534.24,504.0,0,1.0,0.0,0.0,0,0,1,-0.5467032628244936,-1.2303571697096503,1.155246006876044,Loyal Regulars,0
17444,2,2389.1,2118,131,2.484776119402985,Canada,152,1194.55,1059.0,21,2.0,0.0,0.0,0,0,0,1.5688039917163263,-0.9619014801135228,2.6575440936024983,Loyal Regulars,0
17446,2,120.9,198,6,0.7722222222222223,United Kingdom,177,60.45,99.0,133,0.45112781954887216,0.0,0.0,1,1,1,-2.393503010946277,0.3866104879333442,-1.2439746542813004,Hibernating / At-Risk,0
17447,2,541.53,443,33,1.6922222222222223,United Kingdom,40,270.765,221.5,31,1.9354838709677418,0.0,0.0,1,1,0,-0.09607878615029394,0.906904488512762,1.2283162734570077,Hibernating / At-Risk,0
17449,7,2516.21,1120,177,3.4996363636363634,United Kingdom,2,359.4585714285714,160.0,357,0.5882352941176471,1.0,0.125,1,2,2,2.2353288303221333,0.24774440629303393,-1.5053266457937187,Champions (High-Value),1
17450,46,194390.79,69973,124,3.3789285714285713,United Kingdom,8,4225.886739130435,1521.1521739130435,359,3.8440111420612815,9.0,0.16363636363636364,1,2,2,5.8541892758298255,1.2864277439619969,2.855367758857881,Champions (High-Value),1
17451,7,1721.4,1203,83,2.2744,United Kingdom,1,245.91428571428574,171.85714285714286,104,2.019230769230769,3.0,0.3,1,2,0,2.213368425461444,2.1812134893512116,0.03144794660142316,Champions (High-Value),1
17453,2,486.71999999999997,219,19,3.4231578947368417,United Kingdom,18,243.35999999999999,109.5,46,1.3043478260869565,0.0,0.0,1,1,1,-0.3495187379299228,0.7307753283470249,0.1683927663439776,Hibernating / At-Risk,0
17454,4,517.53,243,57,2.6434426229508197,United Kingdom,192,129.3825,60.75,167,0.718562874251497,0.0,0.0,1,1,1,-0.9245623173013919,0.2052115480819194,-0.3770624144352471,Hibernating / At-Risk,0
17455,1,131.7,66,8,2.825,United Kingdom,204,131.7,66.0,0,1.0,0.0,0.0,1,1,1,-2.6214032630682493,0.30407617265039,0.25589648225930806,Hibernating / At-Risk,0
17456,1,249.86,222,17,1.5076470588235293,United Kingdom,365,249.86,222.0,0,1.0,0.0,0.0,1,1,1,-1.7034513471842303,-0.5719933701774175,0.8611791867977135,Hibernating / At-Risk,0
17457,5,1737.7,826,14,3.221052631578947,United Kingdom,127,347.54,165.2,212,0.7075471698113208,0.0,0.0,1,0,0,0.7997129608470867,-0.6747794470629384,0.03373244156676425,Loyal Regulars,0
17458,1,316.5,170,52,2.4331481481481485,United Kingdom,15,316.5,170.0,0,1.0,0.0,0.0,1,1,1,-0.7867786314655174,0.08915722831983239,-0.08221255494835122,Hibernating / At-Risk,0
17459,2,657.3,537,88,1.9172072072072073,United Kingdom,43,328.65,268.5,16,2.0,0.0,0.0,1,1,0,0.14812382333225269,0.7353543286941328,1.4354360206315568,Hibernating / At-Risk,0
17460,6,622.4300000000001,236,18,4.310689655172414,United Kingdom,94,103.73833333333334,39.333333333333336,278,0.6474820143884892,2.0,0.25,1,1,1,-0.5631115332260008,0.6474588237907488,-0.9489443021568323,Hibernating / At-Risk,0
17461,3,735.82,770,104,2.4043396226415097,United Kingdom,23,245.27333333333334,256.6666666666667,6,3.0,0.0,0.0,1,2,0,0.6378132492499132,1.9119245832271052,1.8541517835612722,Champions (High-Value),1
17462,2,675.69,227,25,3.8862962962962966,United Kingdom,60,337.845,113.5,223,0.26905829596412556,1.0,0.3333333333333333,1,0,0,-0.5142453978005911,-1.2680853290852068,-0.9990947372104453,Loyal Regulars,0
17463,5,1875.86,1086,162,2.815817307692308,United Kingdom,16,375.17199999999997,217.2,296,0.5067567567567567,1.0,0.16666666666666666,1,0,2,1.4568912715420632,-0.5017389759674797,-0.9770139943526499,Loyal Regulars,0
17464,1,289.96000000000004,220,9,2.7211111111111115,United Kingdom,158,289.96000000000004,220.0,0,1.0,0.0,0.0,1,1,1,-1.3553284368658953,-0.48313964744381177,0.6618463244326565,Hibernating / At-Risk,0
17466,2,763.28,306,41,4.690975609756098,United Kingdom,10,381.64,153.0,68,0.8823529411764706,0.0,0.0,1,0,1,0.2770029702543529,-0.038885584606978,-0.34396819607773055,Loyal Regulars,0
17468,2,137.0,116,5,1.17,United Kingdom,10,68.5,58.0,4,2.0,0.0,0.0,1,1,1,-1.54958348319413,2.7419099124667365,0.0030206054955058148,Hibernating / At-Risk,0
17469,5,1870.97,787,61,3.0990909090909096,United Kingdom,16,374.194,157.4,188,0.7978723404255319,1.0,0.16666666666666666,1,0,2,1.382502976804209,-0.06698773764466703,-0.46535415202836633,Loyal Regulars,0
17470,5,1125.07,1675,67,1.2026923076923077,United Kingdom,45,225.01399999999998,335.0,323,0.46439628482972134,0.0,0.0,1,0,2,0.8884892692844721,-0.3932949426622568,-1.0078534370053933,Loyal Regulars,0
17472,3,697.54,455,142,2.0647126436781607,United Kingdom,191,232.51333333333332,151.66666666666666,108,0.8333333333333333,0.0,0.0,1,0,1,-0.3927578154691567,-0.34417404791339246,0.21961252637738826,Loyal Regulars,0
17475,1,194.37,178,14,1.7764285714285715,United Kingdom,79,194.37,178.0,0,1.0,0.0,0.0,1,1,1,-1.6332607864210789,0.105460523485339,0.1860291431715106,Hibernating / At-Risk,0
17480,1,511.82,338,29,1.8,United Kingdom,78,511.82,338.0,0,1.0,1.0,0.5,1,0,1,-0.4799389069184389,-0.8702409679462187,0.7663043962900564,Loyal Regulars,0
17481,4,1255.59,1061,69,2.549390243902439,United Kingdom,4,313.8975,265.25,90,1.3333333333333333,1.0,0.2,1,2,2,1.507609219458611,0.9350338170338933,-0.17128906402946864,Champions (High-Value),1
17483,3,414.04,191,18,3.264761904761905,United Kingdom,65,138.01333333333335,63.666666666666664,117,0.7692307692307693,0.0,0.0,1,1,1,-0.9546382000886913,0.4421316960288893,-0.5802008964314834,Hibernating / At-Risk,0
17486,1,396.87,191,24,2.89625,United Kingdom,261,396.87,191.0,0,1.0,0.0,0.0,1,1,1,-1.2472259046024903,-0.9069696031181909,1.0138629092594384,Hibernating / At-Risk,0
17489,2,376.64,428,28,1.076896551724138,United Kingdom,59,188.32,214.0,153,0.3921568627450981,0.0,0.0,1,0,1,-0.7750857397296231,-0.5529109851497258,-1.0574643034029625,Loyal Regulars,0
17490,7,2092.32,1134,63,3.0061842105263157,United Kingdom,1,298.90285714285716,162.0,175,1.2,4.0,0.36363636363636365,1,2,2,2.273463731544582,1.2780089279618054,-0.7903744625968295,Champions (High-Value),1
17491,10,3558.87,2013,72,3.312935779816514,United Kingdom,1,355.887,201.3,366,0.819672131147541,1.0,0.09090909090909091,1,2,2,2.9781769807563045,0.7539432859564983,-1.3047524899807426,Champions (High-Value),1
17492,1,374.57,155,12,3.5233333333333334,United Kingdom,248,374.57,155.0,0,1.0,0.0,0.0,1,1,1,-1.369650686971051,-0.8191800890230099,0.9570074592995094,Hibernating / At-Risk,0
17495,2,497.56,229,21,3.68,United Kingdom,8,248.78,114.5,31,1.9354838709677418,0.0,0.0,1,1,0,-0.04521971604188574,1.4643880684509476,0.6406373055851049,Hibernating / At-Risk,0
17496,1,271.05,79,10,5.165,United Kingdom,359,271.05,79.0,0,1.0,0.0,0.0,1,1,1,-2.0272979255991945,-0.5526765407895368,0.8763988539353129,Hibernating / At-Risk,0
17498,1,272.22,394,17,2.0194117647058825,United Kingdom,76,272.22,394.0,0,1.0,0.0,0.0,1,1,1,-0.9995357857054102,-0.27553896000330547,0.39097117908169027,Hibernating / At-Risk,0
17499,1,622.88,711,40,1.73825,United Kingdom,290,622.88,711.0,0,1.0,0.0,0.0,1,0,0,-0.33924146304107833,-1.4834257995835318,1.348921542105858,Loyal Regulars,0
17500,3,1138.0,17,3,54.3,United Kingdom,17,379.3333333333333,5.666666666666667,12,3.0,0.0,0.0,1,1,1,-0.3625910918105355,1.9139611129183915,1.9128315044553195,Hibernating / At-Risk,0
17501,2,288.6,160,18,3.4944444444444445,United Kingdom,221,144.3,80.0,0,2.0,0.0,0.0,1,1,1,-1.5052087884158025,1.180669423138999,1.4775888787315192,Hibernating / At-Risk,0
17502,4,689.1,376,25,2.8096428571428573,United Kingdom,9,172.275,94.0,19,4.0,0.0,0.0,1,2,0,0.5891014761993361,3.0597727450051853,1.8242386322933921,Champions (High-Value),1
17503,2,558.96,486,36,2.3276315789473685,United Kingdom,3,279.48,243.0,35,1.7142857142857142,0.0,0.0,1,0,0,0.5416557866148897,1.3306836571106426,0.2186234079202312,Loyal Regulars,0
17504,9,2997.0299999999997,1664,112,3.409527559055118,United Kingdom,206,333.00333333333333,184.88888888888889,116,2.3275862068965516,1.0,0.1,1,2,0,1.7280367837325006,0.896234397743411,2.048557620454591,Champions (High-Value),1
17505,2,1145.84,556,48,2.9532692307692305,United Kingdom,162,572.92,278.0,44,1.3636363636363638,0.0,0.0,1,0,0,0.2691376579967457,-0.702529675405073,1.5084531966366552,Loyal Regulars,0
17506,1,302.2,139,14,3.6342857142857143,United Kingdom,76,302.2,139.0,0,1.0,1.0,0.5,1,1,1,-1.3109382459345138,-0.2816786004080834,0.4251007346159186,Hibernating / At-Risk,0
17507,2,605.58,359,79,2.6617045454545454,United Kingdom,262,302.79,179.5,47,1.2765957446808511,0.0,0.0,1,1,1,-0.6296170419940816,-0.2730481792982708,1.1761668177638762,Hibernating / At-Risk,0
17508,1,387.31,289,22,1.622272727272727,Greece,281,387.31,289.0,0,1.0,0.0,0.0,0,1,1,-1.1263645388926176,-0.9411004294267077,1.0356069722931656,Hibernating / At-Risk,0
17509,8,6083.64,3512,75,2.2636538461538462,United Kingdom,58,760.455,439.0,5,8.0,3.0,0.2727272727272727,1,2,0,3.101526505447826,1.1868663645915294,3.23365173997605,Champions (High-Value),1
17510,1,308.48,214,20,2.211,United Kingdom,25,308.48,214.0,0,1.0,0.0,0.0,1,1,1,-0.844828963580556,-0.04075326039348471,0.07548039301516078,Hibernating / At-Risk,0
17511,31,91062.38,64549,453,2.3066251298027,United Kingdom,3,2937.496129032258,2082.2258064516127,370,2.5135135135135136,15.0,0.32608695652173914,1,2,2,5.964689084265136,0.7926394841414899,1.6493280446836842,Champions (High-Value),1
17512,10,2924.9900000000002,2753,61,1.9543809523809526,United Kingdom,29,292.499,275.3,272,1.1029411764705883,1.0,0.09090909090909091,1,2,2,2.270109200887803,0.4969390718534616,-0.05430494077095251,Champions (High-Value),1
17513,1,513.2,254,6,2.77,United Kingdom,72,513.2,254.0,0,1.0,0.0,0.0,1,0,1,-0.5693018533602712,-0.8254347668457349,0.7333057315344335,Loyal Regulars,0
17514,1,208.65,135,40,2.228,United Kingdom,128,208.65,135.0,0,1.0,0.0,0.0,1,1,1,-1.7981208460654012,-0.06882741160978989,0.38445909671563894,Hibernating / At-Risk,0
17515,4,639.02,243,49,3.7408045977011493,United Kingdom,31,159.755,60.75,286,0.4195804195804196,0.0,0.0,1,0,0,-0.3279155586818582,0.06372746014700326,-1.4353532346947502,Loyal Regulars,0
17516,5,764.88,414,113,2.7762962962962963,United Kingdom,15,152.976,82.8,270,0.5555555555555556,0.0,0.0,1,0,0,0.2700128630174571,0.527823949921488,-1.45471001610077,Loyal Regulars,0
17517,1,153.94,102,11,2.5381818181818185,United Kingdom,309,153.94,102.0,0,1.0,0.0,0.0,1,1,1,-2.4137471042271432,0.003469866627417846,0.5003754250848278,Hibernating / At-Risk,0
17519,6,1844.02,1236,60,3.1192682926829267,United Kingdom,17,307.33666666666664,206.0,351,0.5128205128205129,1.0,0.14285714285714285,1,0,2,1.4949733385224064,-0.2694085437503616,-1.093233039355786,Loyal Regulars,0
17520,1,546.81,365,30,3.2976666666666663,United Kingdom,54,546.81,365.0,0,1.0,0.0,0.0,1,0,0,-0.29554094728250746,-0.8404190240878817,0.6827746771920726,Loyal Regulars,0
17521,3,723.2099999999999,519,38,1.9406666666666665,United Kingdom,30,241.06999999999996,173.0,169,0.5325443786982248,1.0,0.25,1,0,0,0.10415547687883898,-0.29720139905237164,-0.9112633695426336,Loyal Regulars,0
17522,5,1066.15,1022,58,1.9662499999999998,United Kingdom,2,213.23000000000002,204.4,216,0.6944444444444444,0.0,0.0,1,0,2,1.3886965958049613,0.7875124966691469,-1.5591146406576344,Loyal Regulars,0
17523,4,652.74,872,25,3.128181818181818,United Kingdom,11,163.185,218.0,7,4.0,0.0,0.0,1,2,0,0.8226932018048133,2.985505177109504,1.877108686927668,Champions (High-Value),1
17524,1,145.0,90,6,1.5916666666666668,United Kingdom,361,145.0,90.0,0,1.0,0.0,0.0,1,1,1,-2.557583702653094,0.02865663547159299,0.5154237713827435,Hibernating / At-Risk,0
17525,1,422.70000000000005,82,9,6.005555555555556,United Kingdom,360,422.70000000000005,82.0,0,1.0,0.0,0.0,1,1,1,-1.6009363339379672,-0.9799094357777326,1.1390285069003896,Hibernating / At-Risk,0
17526,4,1195.8999999999999,310,17,5.22578947368421,United Kingdom,5,298.97499999999997,77.5,360,0.3333333333333333,4.0,0.5,1,0,0,0.758901148138075,-0.23609695322285779,-1.821848694702175,Loyal Regulars,0
17527,4,939.37,488,45,3.408936170212766,United Kingdom,54,234.8425,122.0,164,0.7317073170731707,2.0,0.3333333333333333,1,0,0,0.22614871620065996,-0.060446523709576074,-0.41864675491867803,Loyal Regulars,0
17528,8,3628.5,2138,183,3.161818181818182,United Kingdom,1,453.5625,267.25,70,3.4285714285714284,3.0,0.2727272727272727,1,2,0,3.266823950599096,2.4679638893800453,1.5105726562197075,Champions (High-Value),1
17530,10,2362.53,1511,305,2.3243298969072166,United Kingdom,1,236.25300000000001,151.1,363,0.8264462809917356,0.0,0.0,1,2,2,2.485679053859348,1.178312563260444,-1.5416094318411098,Champions (High-Value),1
17531,1,296.7,136,14,4.1242857142857146,United Kingdom,190,296.7,136.0,0,1.0,1.0,0.5,1,1,1,-1.5692344238404567,-0.5125137910918977,0.7257930558968939,Hibernating / At-Risk,0
17534,1,223.36,103,9,2.677777777777778,United Kingdom,54,223.36,103.0,0,1.0,0.0,0.0,1,1,1,-1.6222076618242183,0.1253791146254346,0.12454417172190135,Hibernating / At-Risk,0
17535,1,164.4,136,13,1.473076923076923,United Kingdom,280,164.4,136.0,0,1.0,0.0,0.0,1,1,1,-2.215446969943126,-0.057529053063458395,0.5125477771390907,Hibernating / At-Risk,0
17536,1,76.5,6,3,12.75,United Kingdom,177,76.5,6.0,0,1.0,0.0,0.0,1,1,1,-3.7219948315297553,1.0019591186446695,-0.15135790819792497,Hibernating / At-Risk,0
17537,2,887.67,699,74,2.561891891891892,United Kingdom,30,443.835,349.5,273,0.21978021978021978,0.0,0.0,1,0,0,0.3421172503388085,-1.5329270709535066,-1.159008243113171,Loyal Regulars,0
17538,1,98.42,134,9,1.1933333333333334,United Kingdom,26,98.42,134.0,0,1.0,0.0,0.0,1,1,1,-2.0951750805384095,1.075290505998238,-0.5919591694415973,Hibernating / At-Risk,0
17540,2,578.9,194,20,3.534,United Kingdom,25,289.45,97.0,291,0.2061855670103093,1.0,0.3333333333333333,1,0,1,-0.516697034550031,-0.9878933657419984,-1.5368322186099206,Loyal Regulars,0
17542,1,170.75,134,24,2.5839999999999996,United Kingdom,270,170.75,134.0,0,1.0,0.0,0.0,1,1,1,-2.176871333675565,-0.08220625298134154,0.5218864169709078,Hibernating / At-Risk,0
17545,3,642.32,337,122,2.5307801418439717,United Kingdom,43,214.10666666666668,112.33333333333333,0,3.0,0.0,0.0,1,1,0,0.031704189991212994,1.9483979080345144,1.96112189196728,Hibernating / At-Risk,0
17548,1,103.3,58,5,2.43,United Kingdom,234,103.3,58.0,0,1.0,2.0,0.6666666666666666,1,1,1,-2.9307121783874646,0.5079019330623972,0.15776515233293895,Hibernating / At-Risk,0
17549,2,148.86,210,5,1.7666666666666666,United Kingdom,24,74.43,105.0,27,2.0,0.0,0.0,1,1,1,-1.4512370821786835,2.3844381279790903,0.3486421156918274,Hibernating / At-Risk,0
17550,3,267.16,86,42,2.978095238095238,United Kingdom,197,89.05333333333334,28.666666666666668,45,2.0,0.0,0.0,1,1,1,-1.7897104891589775,1.8313571078312767,1.0801232990353133,Hibernating / At-Risk,0
17551,1,290.34,142,39,2.5902564102564103,United Kingdom,359,290.34,142.0,0,1.0,0.0,0.0,1,1,1,-1.7348367226913712,-0.670353653974153,0.9319084365110791,Hibernating / At-Risk,0
17552,4,930.41,719,43,2.2583673469387753,United Kingdom,60,232.6025,179.75,311,0.3858520900321543,2.0,0.3333333333333333,1,0,0,0.27407320309106475,-0.6233515287193325,-1.0364566102684096,Loyal Regulars,0
17553,1,1487.6,1048,2,3.1,United Kingdom,130,1487.6,1048.0,0,1.0,0.0,0.0,1,0,0,0.8276178933794299,-2.1290190838593,1.5966773555490006,Loyal Regulars,0
17554,5,1952.45,1763,58,3.0594318181818183,United Kingdom,1,390.49,352.6,146,1.0273972602739727,0.0,0.0,1,2,2,2.324802374933566,0.683794393871142,-0.7995106048036522,Champions (High-Value),1
17555,2,480.31,348,101,2.1773333333333333,United Kingdom,20,240.155,174.0,314,0.19108280254777069,0.0,0.0,1,0,0,-0.4087345198925724,-0.8225446192077903,-1.7287499431478375,Loyal Regulars,0
17556,1,157.9,101,6,4.778333333333333,United Kingdom,206,157.9,101.0,0,1.0,0.0,0.0,1,1,1,-2.29063180280554,0.09149816362609876,0.37625966918406983,Hibernating / At-Risk,0
17557,3,541.46,306,27,2.702058823529412,United Kingdom,14,180.48666666666668,102.0,66,1.3636363636363635,0.0,0.0,1,1,0,-0.05187390243231562,1.214676475322523,-0.06454192665322182,Hibernating / At-Risk,0
17560,4,854.95,635,22,3.4342307692307696,United Kingdom,95,213.7375,158.75,215,0.5581395348837209,0.0,0.0,1,0,0,0.06680284610044708,-0.3891152794220999,-0.5875030253523414,Loyal Regulars,0
17561,1,165.12,144,44,2.1131111111111114,United Kingdom,19,165.12,144.0,0,1.0,0.0,0.0,1,1,1,-1.5121034254728567,0.6612177670108607,-0.3910734908863199,Hibernating / At-Risk,0
17562,7,1122.38,817,48,1.8968253968253967,United Kingdom,14,160.34,116.71428571428571,159,1.3207547169811322,1.0,0.125,1,2,2,1.0665045397321,1.4667734609076697,-0.31403428898162195,Champions (High-Value),1
17564,3,454.01,146,38,3.722448979591837,United Kingdom,24,151.33666666666667,48.666666666666664,55,1.6363636363636365,0.0,0.0,1,1,0,-0.6022118892081971,1.5568293474164145,0.31102683997895836,Hibernating / At-Risk,0
17566,2,869.77,497,113,2.6519718309859153,United Kingdom,8,434.885,248.5,17,2.0,0.0,0.0,1,0,0,0.7845398160327869,0.9126401846367874,1.0527434635614272,Loyal Regulars,0
17567,8,4331.48,2632,110,2.3494545454545457,United Kingdom,7,541.435,329.0,365,0.6575342465753425,2.0,0.2,1,2,2,2.8540025119433587,-0.34534356409304756,-0.8057471428827202,Champions (High-Value),1
17569,1,344.14,159,29,3.3531034482758617,United Kingdom,332,344.14,159.0,0,1.0,0.0,0.0,1,1,1,-1.512833819367474,-0.8208350694439691,1.0077908674322065,Hibernating / At-Risk,0
17571,4,1424.42,875,246,2.7939629629629628,United Kingdom,50,356.105,218.75,248,0.48387096774193544,0.0,0.0,1,0,0,0.8140214961197956,-0.8411044843739264,-0.6412222485721175,Loyal Regulars,0
17572,4,226.75000000000003,95,7,3.158333333333333,United Kingdom,71,56.68750000000001,23.75,302,0.3973509933774835,0.0,0.0,1,1,1,-1.86585016166244,0.867891054568804,-1.8313296383132054,Hibernating / At-Risk,0
17573,3,380.6,308,24,2.2028,United Kingdom,29,126.86666666666667,102.66666666666667,64,1.40625,1.0,0.25,1,1,1,-0.548143308508029,1.3985723669742696,0.020313235672141987,Hibernating / At-Risk,0
17574,1,185.65,77,8,3.3162499999999997,United Kingdom,243,185.65,77.0,0,1.0,0.0,0.0,1,1,1,-2.2884798010427336,-0.08341049585076371,0.520443728601374,Hibernating / At-Risk,0
17576,19,3564.83,1967,245,2.9943781094527364,United Kingdom,8,187.62263157894736,103.52631578947368,357,1.5966386554621848,3.0,0.13636363636363635,1,2,2,2.791764681251429,2.0041582169352608,-0.2494229162587992,Champions (High-Value),1
17578,1,143.45999999999998,138,5,1.286,United Kingdom,218,143.45999999999998,138.0,0,1.0,1.0,0.5,1,1,1,-2.2719400074538054,0.13913006124515653,0.34764855987671195,Hibernating / At-Risk,0
17579,3,448.90000000000003,258,46,2.476,United Kingdom,5,149.63333333333335,86.0,174,0.5172413793103449,1.0,0.25,1,0,1,-0.19517022483077306,0.6482467808859019,-1.8024273619988707,Loyal Regulars,0
17580,3,212.77,87,42,2.1395454545454546,United Kingdom,253,70.92333333333333,29.0,105,0.8571428571428571,0.0,0.0,1,1,1,-2.2076418541914897,0.8816174670216684,-0.3825286532653318,Hibernating / At-Risk,0
17581,25,11025.24,5915,229,3.12125284738041,United Kingdom,1,441.0096,236.6,371,2.0215633423180592,6.0,0.1935483870967742,1,2,2,4.752464410419111,1.958530952012629,0.15186292200677165,Champions (High-Value),1
17582,1,175.27,123,28,2.134137931034483,United Kingdom,236,175.27,123.0,0,1.0,0.0,0.0,1,1,1,-2.1518004142733274,-0.062441002164466734,0.48890401755003116,Hibernating / At-Risk,0
17584,2,1242.3,458,30,3.982857142857143,United Kingdom,7,621.15,229.0,120,0.5,1.0,0.3333333333333333,1,0,0,0.8995248078371898,-0.9700936513233225,-0.8272261175045815,Loyal Regulars,0
17585,4,1116.68,1650,176,1.39625,United Kingdom,109,279.17,412.5,228,0.5263157894736842,0.0,0.0,1,0,0,0.6491559913559911,-0.8136695256095288,-0.4201608037241752,Loyal Regulars,0
17588,3,1240.2,676,19,5.203043478260869,United Kingdom,100,413.40000000000003,225.33333333333334,132,0.6818181818181818,0.0,0.0,1,0,0,0.43537858980842764,-0.9476896239785219,0.092200146939279,Loyal Regulars,0
17589,4,2402.92,1630,171,2.1784920634920635,United Kingdom,60,600.73,407.5,180,0.6666666666666666,0.0,0.0,1,0,2,1.5351114983907015,-1.1795393289393088,0.08666902896218472,Loyal Regulars,0
17590,3,1466.77,821,161,2.693076923076923,United Kingdom,2,488.92333333333335,273.6666666666667,37,2.4324324324324325,0.0,0.0,1,2,0,1.7894542889211114,1.4725426036894487,1.0945540614703708,Champions (High-Value),1
17591,7,2203.67,1000,81,3.5926751592356685,United Kingdom,73,314.81,142.85714285714286,293,0.7167235494880545,1.0,0.125,1,0,0,1.270409427771452,-0.3211615644714764,-0.2554283248929125,Loyal Regulars,0
17593,5,3923.86,3089,190,2.5075471698113208,United Kingdom,4,784.772,617.8,349,0.42979942693409745,1.0,0.16666666666666666,1,2,2,2.851929820835324,-1.0819615890654422,-1.0912847181378205,Champions (High-Value),1
17594,2,993.18,550,42,1.9409999999999998,United Kingdom,85,496.59,275.0,169,0.35502958579881655,0.0,0.0,1,0,0,0.12347510355103213,-1.659453069222965,-0.43834800432420623,Loyal Regulars,0
17595,2,386.69,228,68,2.502560975609756,United Kingdom,12,193.345,114.0,24,2.0,0.0,0.0,1,1,1,-0.3683474513685447,1.6528570389865773,0.6833204032140581,Hibernating / At-Risk,0
17596,7,2806.69,4376,168,1.9309811320754717,United Kingdom,23,400.9557142857143,625.1428571428571,345,0.6086956521739131,0.0,0.0,1,2,2,2.344456983188925,-0.5225107439733808,-0.6535293902951077,Champions (High-Value),1
17597,1,2044.3700000000001,1176,55,3.3992727272727272,United Kingdom,214,2044.3700000000001,1176.0,0,1.0,0.0,0.0,1,0,0,1.0369403828288652,-2.5706930315488696,1.9513807491820652,Loyal Regulars,0
17600,1,161.67000000000002,144,13,3.5307692307692307,United Kingdom,18,161.67000000000002,144.0,0,1.0,0.0,0.0,1,1,1,-1.518507592084128,0.6953932280720936,-0.4210412289860412,Hibernating / At-Risk,0
17601,1,116.00999999999999,103,9,1.6122222222222222,United Kingdom,239,116.00999999999999,103.0,0,1.0,0.0,0.0,1,1,1,-2.605854965063471,0.34128419640717217,0.2474941961758855,Hibernating / At-Risk,0
17602,6,5054.42,4116,335,1.9610889292196005,United Kingdom,2,842.4033333333333,686.0,321,0.5607476635514019,2.0,0.25,1,2,2,3.374836224426423,-0.7740228638466259,-0.9928612962321652,Champions (High-Value),1
17603,1,394.72,74,11,13.392727272727273,United Kingdom,78,394.72,74.0,0,1.0,4.0,0.8,1,1,1,-1.3152307108765409,-0.4869607586140883,0.5742943668486441,Hibernating / At-Risk,0
17604,2,309.36,169,57,2.5342857142857143,United Kingdom,217,154.68,84.5,94,0.6382978723404256,0.0,0.0,1,1,1,-1.602048128435725,-0.2664218494226113,-0.2729700032662375,Hibernating / At-Risk,0
17608,2,191.99,229,54,1.1892857142857143,United Kingdom,33,95.995,114.5,0,2.0,0.0,0.0,1,1,1,-1.2612440350870588,2.0516572521730763,0.6045546239448665,Hibernating / At-Risk,0
17609,5,1098.28,692,198,2.3332900432900434,United Kingdom,41,219.656,138.4,286,0.5244755244755245,1.0,0.16666666666666666,1,0,0,0.5541721976856789,-0.17406441644327306,-0.9576015988102258,Loyal Regulars,0
17611,15,3961.12,2550,440,2.537425044091711,United Kingdom,7,264.07466666666664,170.0,353,1.2747875354107647,4.0,0.21052631578947367,1,2,2,2.9434460249142935,1.2955759818730477,-0.4229088842029876,Champions (High-Value),1
17612,6,2048.45,1808,116,2.5762962962962965,United Kingdom,53,341.4083333333333,301.3333333333333,244,0.7377049180327869,4.0,0.4,1,0,2,1.5038079614030342,-0.38994549561849784,-0.23501947892849998,Loyal Regulars,0
17613,14,4544.55,2490,211,2.649313725490196,United Kingdom,23,324.6107142857143,177.85714285714286,282,1.4893617021276595,3.0,0.17647058823529413,1,2,2,2.797729147705364,0.9782706404041754,0.3556679528780877,Champions (High-Value),1
17614,1,386.32,235,97,2.231224489795918,United Kingdom,57,386.32,235.0,0,1.0,0.0,0.0,1,1,1,-0.8047422578172913,-0.48445917436574615,0.48552773134322885,Hibernating / At-Risk,0
17615,3,329.6,140,13,3.9107142857142856,United Kingdom,130,109.86666666666667,46.666666666666664,91,0.989010989010989,0.0,0.0,1,1,1,-1.4267762101883834,0.7646130590553583,-0.14025074428343842,Hibernating / At-Risk,0
17616,3,571.1999999999999,224,1,2.55,United Kingdom,174,190.39999999999998,74.66666666666667,194,0.4639175257731959,0.0,0.0,1,1,1,-0.9022470003588258,-0.5788626714805484,-0.612228412030541,Hibernating / At-Risk,0
17618,3,930.28,319,56,4.394179104477613,United Kingdom,6,310.0933333333333,106.33333333333333,356,0.25280898876404495,0.0,0.0,1,0,0,0.46570728827305696,-0.543430101070353,-1.8825458826953845,Loyal Regulars,0
17619,1,214.37,124,71,1.8206756756756755,United Kingdom,312,214.37,124.0,0,1.0,0.0,0.0,1,1,1,-2.0333233297158917,-0.3311372765256238,0.7025415801486498,Hibernating / At-Risk,0
17620,1,81.44,60,4,2.7575,United Kingdom,60,81.44,60.0,0,1.0,0.0,0.0,1,1,1,-2.791120461226637,1.1010972683569993,-0.4430124573202347,Hibernating / At-Risk,0
17621,3,1379.9,514,24,3.1365384615384615,United Kingdom,21,459.9666666666667,171.33333333333334,333,0.2702702702702703,1.0,0.25,1,0,0,0.7304870638113317,-1.2457509615815785,-1.2044666206121786,Loyal Regulars,0
17623,1,527.0500000000001,265,33,2.8709090909090906,United Kingdom,33,527.0500000000001,265.0,0,1.0,0.0,0.0,1,0,0,-0.33218603262574115,-0.64412247674354,0.4876060954850361,Loyal Regulars,0
17624,2,843.48,554,49,2.958,United Kingdom,15,421.74,277.0,203,0.2955665024630542,0.0,0.0,1,0,0,0.3913549661923354,-1.1435474929404168,-1.2442435450663443,Loyal Regulars,0
17625,4,2020.4,1180,223,2.5556209150326796,United Kingdom,18,505.1,295.0,239,0.502092050209205,0.0,0.0,1,0,2,1.5133545192471298,-0.901219349771652,-0.7312740014555777,Loyal Regulars,0
17628,1,75.75,79,5,2.41,United Kingdom,81,75.75,79.0,0,1.0,0.0,0.0,1,1,1,-2.8267547994525852,1.0635133621356752,-0.3763893559840596,Hibernating / At-Risk,0
17629,8,1814.12,1629,106,2.0857723577235774,United Kingdom,6,226.765,203.625,354,0.6779661016949152,1.0,0.1111111111111111,1,2,2,1.89413508670312,0.5915862455444041,-1.3387341864315352,Champions (High-Value),1
17630,2,503.59999999999997,158,24,7.825000000000001,United Kingdom,170,251.79999999999998,79.0,62,0.9677419354838709,0.0,0.0,1,1,1,-1.057451470082246,-0.23830917424923906,0.46827209696265487,Hibernating / At-Risk,0
17631,3,528.33,334,39,3.712820512820513,United Kingdom,2,176.11,111.33333333333333,230,0.3913043478260869,0.0,0.0,1,0,0,0.2079476219875593,0.46347979310700393,-2.1943251158138857,Loyal Regulars,0
17633,4,1324.84,644,59,2.797428571428571,United Kingdom,31,331.21,161.0,88,1.3636363636363638,2.0,0.3333333333333333,1,0,0,0.8896540814186047,0.44684038847023627,0.5228500072499587,Loyal Regulars,0
17634,9,2358.59,838,209,3.7335810810810814,United Kingdom,36,262.0655555555556,93.11111111111111,301,0.8970099667774086,0.0,0.0,1,2,2,1.5026671096925839,0.3771902083188163,-0.3607127174766057,Champions (High-Value),1
17636,1,285.56,182,20,2.3905000000000003,United Kingdom,19,285.56,182.0,0,1.0,1.0,0.5,1,1,1,-0.9127197714383569,0.11951244110245872,-0.06413015689332169,Hibernating / At-Risk,0
17637,2,547.0600000000001,280,35,3.432857142857143,United Kingdom,31,273.53000000000003,140.0,83,0.7228915662650602,0.0,0.0,1,0,0,-0.3682160545532769,-0.21002626252409085,-0.43631183933540163,Loyal Regulars,0
17639,1,108.5,49,7,5.514285714285714,United Kingdom,276,108.5,49.0,0,1.0,0.0,0.0,1,1,1,-2.99268883941749,0.4310223108392537,0.23854281482151857,Hibernating / At-Risk,0
17640,1,621.66,250,5,2.566,United Kingdom,87,621.66,250.0,0,1.0,0.0,0.0,1,0,0,-0.4451689824340055,-1.058293577226401,0.9097043322837736,Loyal Regulars,0
17642,2,712.29,474,34,2.3432500000000003,United Kingdom,120,356.145,237.0,56,1.0714285714285714,0.0,0.0,1,0,0,-0.20004816468557662,-0.45431562062620945,0.7331135191331783,Loyal Regulars,0
17643,1,101.55,71,8,4.01875,United Kingdom,373,101.55,71.0,0,1.0,0.0,0.0,1,1,1,-2.9843524601644305,0.3811041247630482,0.30892502380763714,Hibernating / At-Risk,0
17644,11,2895.64,1793,102,2.771783439490446,United Kingdom,1,263.24,163.0,259,1.2741312741312742,6.0,0.35294117647058826,1,2,2,2.8230183968249403,1.595487355387899,-0.8459646753150246,Champions (High-Value),1
17646,3,1008.39,323,46,4.756666666666667,United Kingdom,219,336.13,107.66666666666667,145,0.6206896551724138,1.0,0.25,1,0,0,-0.25797374039974685,-0.9832635066256462,0.10953110526976602,Loyal Regulars,0
17647,1,133.06,30,7,7.097142857142857,United Kingdom,65,133.06,30.0,0,1.0,0.0,0.0,1,1,1,-2.625002746848149,0.6758859886368905,-0.1475420106221849,Hibernating / At-Risk,0
17648,4,1797.5,487,81,5.536483516483516,United Kingdom,61,449.375,121.75,188,0.6382978723404256,1.0,0.2,1,0,0,0.7805919991126218,-0.8379094663829665,-0.16052663994104652,Loyal Regulars,0
17649,1,868.49,399,52,3.581153846153846,United Kingdom,138,868.49,399.0,0,1.0,1.0,0.5,1,0,0,-0.06785706732729864,-1.5450680675883424,1.2754025295893772,Loyal Regulars,0
17650,1,166.08,150,8,1.89625,United Kingdom,21,166.08,150.0,0,1.0,0.0,0.0,1,1,1,-1.5151898392116903,0.6258103548225914,-0.3538854897282431,Hibernating / At-Risk,0
17651,10,3945.0,3112,149,2.0029310344827587,United Kingdom,12,394.5,311.2,165,1.8181818181818181,4.0,0.2857142857142857,1,2,0,2.9013117993928352,1.0997610280897212,0.7017072503250258,Champions (High-Value),1
17652,12,4867.72,2509,118,3.3447490347490345,United Kingdom,25,405.6433333333334,209.08333333333334,255,1.411764705882353,6.0,0.3333333333333333,1,2,2,2.8115634708449204,0.6131943316775935,0.45299891434112,Champions (High-Value),1
17653,4,1207.56,1409,44,4.069090909090909,United Kingdom,37,301.89,352.25,83,1.4457831325301205,1.0,0.2,1,0,0,1.077974709176282,0.4954255789438029,0.648837149036651,Loyal Regulars,0
17654,1,117.55,41,22,3.1568181818181817,United Kingdom,277,117.55,41.0,0,1.0,0.0,0.0,1,1,1,-2.988303911655634,0.3698666817337076,0.28194892448984404,Hibernating / At-Risk,0
17655,7,2638.94,1116,66,4.826153846153846,United Kingdom,11,376.99142857142857,159.42857142857142,355,0.5915492957746479,1.0,0.125,1,0,2,1.923720082148522,-0.17445097377976865,-0.9951599591479673,Loyal Regulars,0
17656,5,1674.69,1399,67,2.772560975609756,United Kingdom,73,334.938,279.8,55,2.7272727272727275,0.0,0.0,1,2,0,1.3546523413011322,1.2463746811467793,2.14268904381819,Champions (High-Value),1
17658,2,595.42,616,17,2.561052631578947,United Kingdom,26,297.71,308.0,185,0.3243243243243243,1.0,0.3333333333333333,1,0,0,-0.01781770458974333,-0.9153443645539091,-1.2013130080611452,Loyal Regulars,0
17659,12,2999.46,1525,127,4.0412025316455695,United Kingdom,17,249.955,127.08333333333333,354,1.0169491525423728,2.0,0.14285714285714285,1,2,2,2.204412690792776,0.8122149187516688,-0.4983158511672861,Champions (High-Value),1
17660,1,178.75,121,37,1.963684210526316,United Kingdom,141,178.75,121.0,0,1.0,0.0,0.0,1,1,1,-2.0087785087532515,0.061461059243861284,0.324046287202993,Hibernating / At-Risk,0
17663,7,1802.91,797,63,3.9981395348837214,United Kingdom,26,257.55857142857144,113.85714285714286,261,0.8045977011494253,2.0,0.2222222222222222,1,0,2,1.2683780483791494,0.28206076378866873,-0.577980506398655,Loyal Regulars,0
17664,2,604.64,604,41,1.9167441860465118,United Kingdom,19,302.32,302.0,193,0.31088082901554404,0.0,0.0,1,0,0,0.06244189765380701,-0.868830438152475,-1.3260186247202126,Loyal Regulars,0
17666,2,728.16,596,14,1.8988888888888888,United Kingdom,4,364.08,298.0,61,0.9836065573770493,0.0,0.0,1,0,1,0.7132596149268376,0.28300332864185296,-0.4703136904417326,Loyal Regulars,0
17667,5,2055.51,1033,85,3.6650862068965515,United Kingdom,66,411.10200000000003,206.6,232,0.646551724137931,0.0,0.0,1,0,2,1.1983818035915814,-0.759631450315605,-0.1915780737675056,Loyal Regulars,0
17668,2,347.75,93,14,7.336666666666667,United Kingdom,1,173.875,46.5,36,1.6666666666666667,0.0,0.0,1,1,0,-0.3743025881185698,2.080528972650329,-0.392818251875636,Hibernating / At-Risk,0
17669,7,3406.7200000000003,1916,45,1.8576470588235294,United Kingdom,43,486.67428571428576,273.7142857142857,206,1.0194174757281553,0.0,0.0,1,2,2,2.114717101922021,-0.2807104061281596,0.3182712802854515,Champions (High-Value),1
17670,1,205.7,110,11,2.590909090909091,United Kingdom,228,205.7,110.0,0,1.0,0.0,0.0,1,1,1,-2.0383043019406637,-0.19512368091919646,0.5679262228110555,Hibernating / At-Risk,0
17671,4,1572.71,772,40,3.197358490566038,United Kingdom,16,393.1775,193.0,349,0.34383954154727797,2.0,0.3333333333333333,1,0,0,1.1075868523385282,-0.8478869442163178,-1.256401069342167,Loyal Regulars,0
17672,2,3178.17,1690,105,3.331818181818182,United Kingdom,50,1589.085,845.0,259,0.23166023166023167,2.0,0.5,1,0,2,1.751437907133106,-2.9440348846756232,-0.186668243714713,Loyal Regulars,0
17673,6,1594.97,1462,118,1.6019266055045873,United Kingdom,2,265.8283333333333,243.66666666666666,318,0.5660377358490566,1.0,0.14285714285714285,1,2,2,1.8958988244762092,0.4261783811000354,-1.6872743810171902,Champions (High-Value),1
17674,2,551.04,672,19,0.7588888888888888,United Kingdom,74,275.52,336.0,294,0.2040816326530612,0.0,0.0,1,0,0,-0.34673664083244865,-1.3482028114952653,-1.1746332871576826,Loyal Regulars,0
17675,31,20374.28,8360,239,3.53868085106383,United Kingdom,1,657.2348387096774,269.6774193548387,366,2.540983606557377,10.0,0.24390243902439024,1,2,2,5.487032162327946,1.9860497318374308,0.821052898353136,Champions (High-Value),1
17676,6,1371.18,922,49,1.9038961038961038,United Kingdom,4,228.53,153.66666666666666,362,0.4972375690607735,1.0,0.14285714285714285,1,0,2,1.4293487975423917,0.3681725292642753,-1.7451672703348748,Loyal Regulars,0
17677,30,16345.38,9772,178,2.7223762376237626,United Kingdom,2,544.846,325.73333333333335,367,2.452316076294278,13.0,0.3023255813953488,1,2,2,5.285130780782799,1.9760527560329584,0.7818779875625307,Champions (High-Value),1
17678,1,298.11,207,16,2.235625,United Kingdom,264,298.11,207.0,0,1.0,0.0,0.0,1,1,1,-1.4843271020990476,-0.6447964703819055,0.8519702573981476,Hibernating / At-Risk,0
17679,2,1992.1100000000001,729,29,5.309,United Kingdom,53,996.0550000000001,364.5,32,1.875,0.0,0.0,1,0,0,1.2337619734413428,-0.5028976874199389,2.039437068049669,Loyal Regulars,0
17680,1,184.4,96,11,2.8000000000000003,United Kingdom,24,184.4,96.0,0,1.0,0.0,0.0,1,1,1,-1.6252851224704576,0.5310310056382546,-0.26033234731211397,Hibernating / At-Risk,0
17682,6,2474.33,1367,48,2.400762711864407,United Kingdom,10,412.3883333333333,227.83333333333334,358,0.5027932960893855,1.0,0.14285714285714285,1,0,2,1.9320396527742358,-0.43808418250175324,-1.1068186841052043,Loyal Regulars,0
17684,1,239.41,145,15,2.916,United Kingdom,44,239.41,145.0,0,1.0,0.0,0.0,1,1,1,-1.372910777031815,0.08415409370016805,0.10515447097179108,Hibernating / At-Risk,0
17685,7,3155.83,1907,88,2.0283464566929137,United Kingdom,17,450.8328571428571,272.42857142857144,355,0.5915492957746479,0.0,0.0,1,2,2,2.1969767176807857,-0.5047817983343877,-0.7368617112473796,Champions (High-Value),1
17686,7,5739.46,2478,205,3.8588811188811194,United Kingdom,7,819.9228571428572,354.0,295,0.711864406779661,0.0,0.0,1,2,2,3.0867767800937447,-0.7089438936309782,-0.4419268604697499,Champions (High-Value),1
17690,15,4726.8,1769,186,5.674761904761905,United Kingdom,30,315.12,117.93333333333334,342,1.3157894736842104,1.0,0.0625,1,2,2,2.6223384017476343,0.827823015471477,0.18918697414779195,Champions (High-Value),1
17691,2,290.40000000000003,134,18,3.4026315789473687,United Kingdom,358,145.20000000000002,67.0,10,2.0,0.0,0.0,1,1,1,-1.6919165424647034,1.058202751807141,1.6417026481622825,Hibernating / At-Risk,0
17692,4,725.5799999999999,624,33,1.6777777777777778,United Kingdom,127,181.39499999999998,156.0,232,0.5172413793103449,1.0,0.2,1,0,0,-0.17428546346639703,-0.37155202188977654,-0.6637843667826469,Loyal Regulars,0
17693,1,200.47,231,16,2.0825,United Kingdom,137,200.47,231.0,0,1.0,2.0,0.6666666666666666,1,1,1,-1.6421932067999117,-0.09743587766163225,0.39817672394139836,Hibernating / At-Risk,0
17694,1,283.12,184,15,2.6086666666666667,United Kingdom,142,283.12,184.0,0,1.0,0.0,0.0,1,1,1,-1.420314864693339,-0.4152061233314658,0.6067667467275334,Hibernating / At-Risk,0
17695,2,765.34,779,30,1.2517142857142858,United Kingdom,132,382.67,389.5,39,1.5384615384615383,0.0,0.0,1,0,0,0.10069206718364715,-0.12918012117806701,1.421108707641868,Loyal Regulars,0
17696,8,2285.71,1756,78,2.3863478260869564,United Kingdom,38,285.71375,219.5,326,0.7361963190184049,6.0,0.42857142857142855,1,0,2,1.7089187097695138,-0.03037579411061954,-0.5105878924820832,Loyal Regulars,0
17697,1,338.95,93,19,5.084210526315789,United Kingdom,236,338.95,93.0,0,1.0,0.0,0.0,1,1,1,-1.6492245146780267,-0.6648319977620146,0.868150267509017,Hibernating / At-Risk,0
17698,1,154.95,93,8,2.1375,United Kingdom,261,154.95,93.0,0,1.0,0.0,0.0,1,1,1,-2.400599123401546,0.0518328420531244,0.44402542155922675,Hibernating / At-Risk,0
17700,4,2534.64,1266,116,3.167887323943662,United Kingdom,17,633.66,316.5,264,0.45454545454545453,2.0,0.3333333333333333,1,0,2,1.7558446751006327,-1.182316921485903,-0.7097687645859272,Loyal Regulars,0
17701,1,417.95,109,24,5.754166666666666,United Kingdom,253,417.95,109.0,0,1.0,0.0,0.0,1,1,1,-1.410500375878379,-0.8976309569968708,1.0190181948234454,Hibernating / At-Risk,0
17702,4,1824.37,1353,58,1.7451351351351354,United Kingdom,30,456.0925,338.25,175,0.6857142857142857,2.0,0.3333333333333333,1,0,2,1.3825531379362814,-0.6877535473679651,-0.27893773220890977,Loyal Regulars,0
17703,3,798.74,590,47,1.6427272727272726,United Kingdom,35,266.24666666666667,196.66666666666666,103,0.8737864077669903,0.0,0.0,1,0,0,0.2707263647142428,0.014572920822367743,-0.20469495401472293,Loyal Regulars,0
17704,2,885.19,343,27,3.918709677419355,United Kingdom,169,442.595,171.5,71,0.8450704225352113,0.0,0.0,1,0,0,-0.24801952383413498,-0.9902495302450378,0.6273191854354694,Loyal Regulars,0
17705,9,1823.52,963,63,2.987378640776699,United Kingdom,3,202.61333333333334,107.0,298,0.9060402684563759,1.0,0.1,1,2,2,1.8896901177676708,1.2331719873656273,-1.2579497616822997,Champions (High-Value),1
17706,17,10504.49,3899,270,4.205471204188481,United Kingdom,4,617.9111764705882,229.35294117647058,362,1.408839779005525,5.0,0.22727272727272727,1,2,2,4.175154398399401,0.7551868149382572,0.06822475759078205,Champions (High-Value),1
17707,2,152.4,144,3,1.7700000000000002,United Kingdom,185,76.2,72.0,151,0.3973509933774835,0.0,0.0,1,1,1,-2.3278670902495553,0.09865024319863432,-1.2143108410973282,Hibernating / At-Risk,0
17708,2,263.33,90,28,3.1261764705882356,United Kingdom,188,131.665,45.0,137,0.43795620437956206,0.0,0.0,1,1,1,-2.001116318212716,-0.3158491518145095,-0.8176762065459026,Hibernating / At-Risk,0
17709,1,137.45,17,7,13.007142857142858,United Kingdom,170,137.45,17.0,0,1.0,0.0,0.0,1,1,1,-3.05289014872453,0.4317467703346252,0.18418282485524173,Hibernating / At-Risk,0
17711,2,385.1,246,22,2.4530434782608697,United Kingdom,11,192.55,123.0,279,0.2150537634408602,0.0,0.0,1,0,1,-0.6016644553979066,-0.3916635946242592,-2.013481957469662,Loyal Regulars,0
17712,1,522.91,215,29,4.665172413793103,United Kingdom,45,522.91,215.0,0,1.0,0.0,0.0,1,0,1,-0.4989253052613174,-0.7011484011650895,0.5813508678407387,Loyal Regulars,0
17714,1,153.0,92,10,2.05,United Kingdom,321,153.0,92.0,0,1.0,0.0,0.0,1,1,1,-2.4693511677293616,0.00800629432564053,0.5071670075731598,Hibernating / At-Risk,0
17715,1,326.4,384,1,0.85,United Kingdom,201,326.4,384.0,0,1.0,0.0,0.0,1,1,1,-1.0882282385614699,-0.7117131494337362,0.8280209564976349,Hibernating / At-Risk,0
17716,11,5655.99,3072,171,2.530040816326531,United Kingdom,23,514.180909090909,279.27272727272725,245,1.3469387755102042,1.0,0.08333333333333333,1,2,2,3.030602809960001,0.29661090255519496,0.5076419727983738,Champions (High-Value),1
17718,1,139.35,83,6,4.191666666666666,United Kingdom,232,139.35,83.0,0,1.0,0.0,0.0,1,1,1,-2.512980933424169,0.19493274863888882,0.33876936918743755,Hibernating / At-Risk,0
17719,15,5396.04,2466,111,4.476167883211679,United Kingdom,38,359.736,164.4,217,2.0737327188940093,3.0,0.16666666666666666,1,2,2,2.905002912162267,1.2550680555595308,1.19051831746756,Champions (High-Value),1
17720,4,1195.94,576,39,5.4342,United Kingdom,26,298.985,144.0,341,0.3519061583577712,0.0,0.0,1,0,0,0.6212421566494305,-0.6744880385733862,-1.2482038284884214,Loyal Regulars,0
17722,4,2424.04,1595,111,3.3454782608695655,United Kingdom,96,606.01,398.75,270,0.4444444444444444,2.0,0.3333333333333333,1,0,2,1.3715929046997906,-1.6404521398850116,-0.1720012516739658,Loyal Regulars,0
17723,6,3276.4000000000005,792,4,4.07,United Kingdom,127,546.0666666666667,132.0,87,2.0689655172413794,0.0,0.0,1,2,0,1.5708604465220355,0.297525948337911,1.9951345056819312,Champions (High-Value),1
17724,3,1033.0,300,38,4.37125,United Kingdom,71,344.3333333333333,100.0,67,1.3432835820895521,1.0,0.25,1,0,0,0.1357117556785134,0.14994553711514358,0.8268397642315676,Loyal Regulars,0
17725,11,3439.08,2162,115,2.5801041666666666,United Kingdom,16,312.64363636363635,196.54545454545453,250,1.3199999999999998,3.0,0.21428571428571427,1,2,2,2.514477526859534,0.8709403924445215,0.05383391526225101,Champions (High-Value),1
17727,1,1060.25,645,66,3.1312121212121213,United Kingdom,15,1060.25,645.0,0,1.0,1.0,0.5,1,0,0,0.8602545904262452,-1.1829725562046856,0.66267946259653,Loyal Regulars,0
17728,3,2876.01,1469,153,3.3267272727272728,United Kingdom,4,958.6700000000001,489.6666666666667,82,1.0975609756097562,2.0,0.4,1,2,0,2.361393228219515,-0.48720388565370965,0.2266261421176554,Champions (High-Value),1
17730,13,5298.4800000000005,3576,127,1.9898165137614678,United Kingdom,3,407.5753846153847,275.0769230769231,323,1.2074303405572755,2.0,0.13333333333333333,1,2,2,3.49362398550929,0.9201848531342437,-0.45600833481618186,Champions (High-Value),1
17731,4,1240.11,493,54,5.1274626865671635,United Kingdom,79,310.0275,123.25,104,1.1538461538461537,1.0,0.2,1,0,0,0.45972890435115227,0.06913142097282755,0.5173530307385561,Loyal Regulars,0
17732,1,303.97,93,18,4.9494444444444445,United Kingdom,373,303.97,93.0,0,1.0,0.0,0.0,1,1,1,-1.8644520784609206,-0.6838323626622413,0.9572480318940217,Hibernating / At-Risk,0
17733,2,692.19,463,33,2.959142857142857,United Kingdom,39,346.095,231.5,222,0.27027027027027023,0.0,0.0,1,0,0,-0.10369438982744991,-1.236547869815817,-1.108470132756492,Loyal Regulars,0
17734,3,700.63,422,40,2.8969767441860466,United Kingdom,54,233.54333333333332,140.66666666666666,180,0.5,0.0,0.0,1,0,0,-0.16009691023370443,-0.4554086327723017,-0.8017109727013964,Loyal Regulars,0
17735,19,13110.02,8439,319,2.192463768115942,United Kingdom,2,690.001052631579,444.1578947368421,365,1.5616438356164384,0.0,0.0,1,2,2,4.852930755537171,0.9043688286236993,0.13550308126526894,Champions (High-Value),1
17736,3,377.44,238,24,5.2212,United Kingdom,9,125.81333333333333,79.33333333333333,104,0.8653846153846153,1.0,0.25,1,1,1,-0.4543832655856666,1.150906992591866,-1.1204263648767203,Hibernating / At-Risk,0
17737,2,168.24,108,8,2.414,United Kingdom,9,84.12,54.0,49,1.2244897959183674,0.0,0.0,1,1,1,-1.456258173296631,1.8978742078305098,-0.7953600770132996,Hibernating / At-Risk,0
17738,4,1879.05,1029,89,3.5612371134020617,United Kingdom,19,469.7625,257.25,262,0.45801526717557256,1.0,0.2,1,0,2,1.3696835407590697,-0.901902829905532,-0.8477791599447138,Loyal Regulars,0
17739,7,2791.35,861,29,4.5727659574468085,United Kingdom,12,398.7642857142857,123.0,348,0.603448275862069,1.0,0.125,1,0,2,1.8557036690483864,-0.20968598959411533,-0.9194912315745444,Loyal Regulars,0
17742,2,355.11,89,13,8.895333333333333,United Kingdom,113,177.555,44.5,219,0.273972602739726,0.0,0.0,1,1,1,-1.636373093723786,-0.7358849488249949,-1.1742854568543515,Hibernating / At-Risk,0
17744,6,2322.4,3412,110,0.8940441176470588,United Kingdom,4,387.06666666666666,568.6666666666666,354,0.5084745762711864,1.0,0.14285714285714285,1,2,2,2.4361972295916523,-0.23411320029190727,-1.3797711594411506,Champions (High-Value),1
17746,1,110.25,29,6,5.741666666666667,United Kingdom,240,110.25,29.0,0,1.0,1.0,0.5,1,1,1,-3.143370148172351,0.5001818899152187,0.1866896394347075,Hibernating / At-Risk,0
17747,1,71.4,12,1,5.95,United Kingdom,113,71.4,12.0,0,1.0,1.0,0.5,1,1,1,-3.6712415909332345,1.1897274973239786,-0.34446096428183537,Hibernating / At-Risk,0
17749,2,674.52,320,33,4.591714285714286,United Kingdom,178,337.26,160.0,78,0.7692307692307692,0.0,0.0,1,0,0,-0.5540837079166228,-0.8351052207958201,0.3597390800281016,Loyal Regulars,0
17750,9,1694.16,3696,100,0.6767032967032967,United Kingdom,5,188.24,410.6666666666667,158,1.7088607594936709,0.0,0.0,1,2,2,2.3555159648172648,1.8730863506791895,-0.0886753624157135,Champions (High-Value),1
17752,1,80.64,192,1,0.42,United Kingdom,359,80.64,192.0,0,1.0,0.0,0.0,1,1,1,-2.801492130294121,0.5177538506245186,0.19112441735102814,Hibernating / At-Risk,0
17754,5,1664.65,1816,82,0.9578651685393258,United Kingdom,1,332.93,363.2,259,0.5791505791505792,1.0,0.16666666666666666,1,2,2,2.110858696431538,0.2625457593642378,-1.6301579141773765,Champions (High-Value),1
17757,30,5589.4400000000005,3317,274,2.7428010825439784,United Kingdom,1,186.31466666666668,110.56666666666666,370,2.4324324324324325,1.0,0.03225806451612903,1,2,2,3.9644124031479,3.193624412502517,-0.03226570574243438,Champions (High-Value),1
17758,8,3408.2000000000003,2054,310,2.3832425742574257,United Kingdom,19,426.02500000000003,256.75,230,1.0434782608695652,0.0,0.0,1,2,2,2.3635300394262417,0.13100185555827373,-0.020208675988898066,Champions (High-Value),1
17759,3,818.71,696,81,2.343595505617978,United Kingdom,17,272.90333333333336,232.0,152,0.5921052631578948,0.0,0.0,1,0,0,0.4857457997574562,-0.20477564280278387,-0.9050077800098707,Loyal Regulars,0
17760,2,287.59,239,25,2.2716,United Kingdom,22,143.795,119.5,351,0.17094017094017094,0.0,0.0,1,0,1,-1.0551060375464865,-0.32655831251421613,-2.007556902006548,Loyal Regulars,0
17761,1,712.78,398,19,3.142105263157895,United Kingdom,33,712.78,398.0,0,1.0,0.0,0.0,1,0,0,0.10810647773169021,-0.9684537226819058,0.6755688135334031,Loyal Regulars,0
17763,1,15.0,12,1,1.25,United Kingdom,263,15.0,12.0,0,1.0,0.0,0.0,1,1,1,-4.259413410323209,1.4021367600126595,-0.33164714337883855,Hibernating / At-Risk,0
17764,2,772.55,351,71,3.2528169014084507,United Kingdom,51,386.275,175.5,160,0.375,0.0,0.0,1,0,0,-0.1530680723298494,-1.207720492717876,-0.7271794707641006,Loyal Regulars,0
17765,3,367.63,143,51,3.8707142857142856,United Kingdom,159,122.54333333333334,47.666666666666664,98,0.9183673469387755,0.0,0.0,1,1,1,-1.379817630913358,0.5215915315283552,-0.1140589665388536,Hibernating / At-Risk,0
17767,1,271.2,128,21,2.7976190476190474,United Kingdom,15,271.2,128.0,0,1.0,0.0,0.0,1,1,1,-1.0410990708164993,0.26154283345645085,-0.18017581473374902,Hibernating / At-Risk,0
17768,3,2081.9,1122,77,3.716326530612245,United Kingdom,8,693.9666666666667,374.0,157,0.5732484076433121,0.0,0.0,1,0,2,1.7151220602822226,-0.9733855144618204,-0.6178001942753379,Loyal Regulars,0
17769,10,3957.43,1850,200,3.0790131578947366,United Kingdom,13,395.743,185.0,308,0.9740259740259739,2.0,0.16666666666666666,1,2,2,2.5703763850701637,0.31022551477182697,-0.33586614510941176,Champions (High-Value),1
17770,5,1143.27,365,33,4.827105263157895,United Kingdom,199,228.654,73.0,83,1.8072289156626506,0.0,0.0,1,1,0,0.12933490050589294,0.8092872897300922,1.3881274387280869,Hibernating / At-Risk,0
17771,2,245.33,283,50,2.2877358490566038,United Kingdom,57,122.665,141.5,266,0.22556390977443608,0.0,0.0,1,1,1,-1.365448190846936,-0.3905871956305313,-1.7069279724979767,Hibernating / At-Risk,0
17772,2,173.45,55,50,3.3338,United Kingdom,11,86.725,27.5,0,2.0,0.0,0.0,1,1,1,-1.6444293206887795,2.5616396727899633,0.15074353292313664,Hibernating / At-Risk,0
17774,4,1213.73,508,123,3.3523529411764703,United Kingdom,97,303.4325,127.0,208,0.5769230769230769,1.0,0.2,1,0,0,0.30302209262276986,-0.680870308322329,-0.3454202628264372,Loyal Regulars,0
17775,1,56.4,72,3,0.7833333333333333,United Kingdom,255,56.4,72.0,0,1.0,0.0,0.0,1,1,1,-3.4249761746313756,1.0355946238815843,-0.15871320105358025,Hibernating / At-Risk,0
17777,3,647.56,501,141,1.6206315789473684,United Kingdom,25,215.85333333333332,167.0,75,1.2,0.0,0.0,1,0,0,0.14467563651075663,0.6849923847743797,0.030197624724815655,Loyal Regulars,0
17779,3,650.32,396,73,2.735925925925926,United Kingdom,21,216.77333333333334,132.0,122,0.7377049180327869,2.0,0.4,1,0,0,0.026008185291551255,0.20946985641716873,-0.7273878239423399,Loyal Regulars,0
17781,2,188.02,34,12,5.5566666666666675,United Kingdom,159,94.01,17.0,93,0.6451612903225806,0.0,0.0,1,1,1,-2.604505106982874,0.44236793822442577,-0.6989162934070609,Hibernating / At-Risk,0
17783,2,283.47,354,67,1.922686567164179,United Kingdom,72,141.735,177.0,175,0.34285714285714286,0.0,0.0,1,1,1,-1.1744358050105725,-0.4023690713987328,-1.2677773187975863,Hibernating / At-Risk,0
17785,1,131.94,67,13,2.563076923076923,United Kingdom,53,131.94,67.0,0,1.0,0.0,0.0,1,1,1,-2.272153206984345,0.6685206600882136,-0.200850815561587,Hibernating / At-Risk,0
17786,2,266.85,195,57,2.1176470588235294,United Kingdom,85,133.425,97.5,231,0.2597402597402597,0.0,0.0,1,1,1,-1.526009352235547,-0.48265971027284615,-1.4510079450044044,Hibernating / At-Risk,0
17787,4,1817.54,896,94,2.8246875,United Kingdom,153,454.385,224.0,218,0.5504587155963303,0.0,0.0,1,0,0,0.7804359626980069,-1.2797006072379535,0.011683096885355388,Loyal Regulars,0
17788,2,1112.95,210,2,5.5375,United Kingdom,74,556.475,105.0,55,1.090909090909091,0.0,0.0,1,0,0,0.02078914988285254,-0.6535285660601077,0.8372939886288817,Loyal Regulars,0
17789,1,225.9,74,14,3.9714285714285715,United Kingdom,281,225.9,74.0,0,1.0,0.0,0.0,1,1,1,-2.159150187220462,-0.3062664677237515,0.6840431825661613,Hibernating / At-Risk,0
17790,14,1964.3,835,121,3.136825396825397,United Kingdom,27,140.30714285714285,59.642857142857146,338,1.242603550295858,0.0,0.0,1,2,2,1.5170722052736398,1.5933454822308548,-0.4196135422631235,Champions (High-Value),1
17791,1,106.1,46,10,2.77,United Kingdom,30,106.1,46.0,0,1.0,0.0,0.0,1,1,1,-2.4766712747600423,1.06107386677354,-0.5283277477036974,Hibernating / At-Risk,0
17793,1,300.34,226,49,3.7665384615384614,United Kingdom,25,300.34,226.0,0,1.0,0.0,0.0,1,1,1,-0.8482681722268196,-0.020180698274105218,0.0612163034847725,Hibernating / At-Risk,0
17795,2,342.83,305,43,1.9642222222222223,United Kingdom,180,171.415,152.5,85,0.7058823529411764,0.0,0.0,1,1,1,-1.2152588887659863,-0.273305737822751,-0.1420082298436014,Hibernating / At-Risk,0
17796,4,690.0,176,63,4.017901234567901,United Kingdom,40,172.5,44.0,329,0.364741641337386,0.0,0.0,1,0,1,-0.4587813569309053,-0.138529908993649,-1.430045613690037,Loyal Regulars,0
17797,3,780.43,498,102,2.552792792792793,United Kingdom,22,260.1433333333333,166.0,160,0.5625,0.0,0.0,1,0,0,0.24109937022808617,-0.23952308184092463,-0.9130638543649987,Loyal Regulars,0
17799,10,3039.17,1753,280,2.5177227722772275,United Kingdom,22,303.91700000000003,175.3,339,0.8849557522123893,1.0,0.09090909090909091,1,2,2,2.16227108851696,0.3243898586881683,-0.4580460769972455,Champions (High-Value),1
17800,9,1186.21,731,50,2.204901960784314,United Kingdom,37,131.8011111111111,81.22222222222223,296,0.9121621621621622,0.0,0.0,1,0,1,0.8065721289502171,1.0534883281565253,-0.7340394150932654,Loyal Regulars,0
17802,3,1285.04,752,102,2.2339285714285713,United Kingdom,82,428.34666666666664,250.66666666666666,290,0.3103448275862069,1.0,0.25,1,0,0,0.4833056113639611,-1.5069086175974369,-0.6885717398758988,Loyal Regulars,0
17805,1,512.31,478,10,2.257,United Kingdom,74,512.31,478.0,0,1.0,0.0,0.0,1,0,1,-0.3296379424236001,-0.8879358897859101,0.7580647879987104,Loyal Regulars,0
17806,1,546.04,727,43,1.0211627906976743,United Kingdom,11,546.04,727.0,0,1.0,0.0,0.0,1,0,1,0.3638786106795174,-0.4815289915152645,0.1770310215393297,Loyal Regulars,0
17809,12,5411.91,2057,46,2.9057377049180326,United Kingdom,16,450.9925,171.41666666666666,357,1.0084033613445378,3.0,0.2,1,2,2,2.884140765518895,0.2292136536327408,-0.17633249629020042,Champions (High-Value),1
17811,39,7755.12,4145,358,2.7188875453446193,United Kingdom,4,198.84923076923076,106.28205128205128,329,3.5562310030395134,12.0,0.23529411764705882,1,2,2,4.080574826744426,3.479726546961105,1.17557451121746,Champions (High-Value),1
17812,4,699.81,329,113,3.090827067669173,United Kingdom,13,174.9525,82.25,355,0.3380281690140845,0.0,0.0,1,0,0,0.06870397392939848,0.042897545231664475,-1.832920440120605,Loyal Regulars,0
17813,5,1698.07,752,297,3.4466666666666668,United Kingdom,14,339.614,150.4,57,2.6315789473684212,2.0,0.2857142857142857,1,2,0,1.5241800531107825,1.6692444620779328,1.5096133143475834,Champions (High-Value),1
17816,4,36.56,30,16,1.4105882352941177,United Kingdom,37,9.14,7.5,328,0.36585365853658536,0.0,0.0,1,1,1,-2.9179267760667496,1.457603762893848,-2.3568181086977087,Hibernating / At-Risk,0
17817,3,387.68,67,32,9.148484848484848,United Kingdom,4,129.22666666666666,22.333333333333332,272,0.33088235294117646,0.0,0.0,1,1,1,-0.8514014379685421,0.6586510868198031,-2.3727165570393174,Hibernating / At-Risk,0
17819,7,3704.87,1031,36,4.4487499999999995,United Kingdom,72,529.2671428571429,147.28571428571428,299,0.7023411371237458,1.0,0.125,1,0,2,1.7663888414282234,-0.8344590986758061,0.02087396643242961,Loyal Regulars,0
17824,1,298.4,408,13,1.0692307692307692,United Kingdom,51,298.4,408.0,0,1.0,0.0,0.0,1,1,1,-0.8000499877220616,-0.25792413215682836,0.31089564043194545,Hibernating / At-Risk,0
17827,5,1987.33,1240,190,2.403627906976744,United Kingdom,5,397.466,248.0,359,0.4178272980501393,0.0,0.0,1,0,2,1.810679123440745,-0.4206576887565058,-1.4770033165327203,Loyal Regulars,0
17828,4,1165.09,655,53,3.255,Malta,23,291.2725,163.75,162,0.7407407407407407,5.0,0.5555555555555556,0,0,0,0.7559045231078971,-0.0514981944359675,-0.5541598112311863,Loyal Regulars,0
17829,1,889.24,496,30,2.5856666666666666,United Arab Emirates,299,889.24,496.0,0,1.0,0.0,0.0,0,0,0,-0.1574849349067317,-1.7990573405875816,1.5591966044362733,Loyal Regulars,0
17830,3,398.7,92,18,6.01304347826087,United Kingdom,2,132.9,30.666666666666668,287,0.31358885017421606,0.0,0.0,1,0,1,-0.5753637761431194,0.7147660140906367,-2.562223196233214,Loyal Regulars,0
17831,1,35.400000000000006,12,2,2.95,United Kingdom,33,35.400000000000006,12.0,0,1.0,0.0,0.0,1,1,1,-3.7343745116452283,1.9667659506239594,-1.035619899581945,Hibernating / At-Risk,0
17832,1,155.37,208,61,1.1116393442622952,United Kingdom,50,155.37,208.0,0,1.0,0.0,0.0,1,1,1,-1.664291559522404,0.4282229627469422,-0.09558116224240912,Hibernating / At-Risk,0
17835,3,342.24,344,45,1.684915254237288,United Kingdom,3,114.08,114.66666666666667,20,3.0,0.0,0.0,1,1,1,0.0703518047997457,3.204841848157176,0.7698310874116383,Hibernating / At-Risk,0
17836,1,109.83,87,22,1.408695652173913,United Kingdom,47,109.83,87.0,0,1.0,0.0,0.0,1,1,1,-2.3098683464669634,0.851512636266348,-0.34160200551774655,Hibernating / At-Risk,0
17837,8,1535.33,508,109,3.724285714285714,United Kingdom,42,191.91625,63.5,120,2.0,2.0,0.2,1,2,0,0.9958152727382396,1.6815258651349054,0.8722653480114991,Champions (High-Value),1
17838,5,2720.8,1831,96,3.876239316239316,United Kingdom,27,544.1600000000001,366.2,345,0.43478260869565216,1.0,0.16666666666666666,1,0,2,1.8652304873320797,-1.1523628548103713,-0.7181273452202092,Loyal Regulars,0
17839,1,318.15,257,50,1.6819230769230769,United Kingdom,42,318.15,257.0,0,1.0,0.0,0.0,1,1,1,-0.8732762576169368,-0.2251376698398846,0.2711575897595609,Hibernating / At-Risk,0
17841,124,40495.99,22816,1322,2.5378218338333114,United Kingdom,2,326.580564516129,184.0,371,10.026954177897574,45.0,0.26627218934911245,1,2,2,5.238160660135819,3.146754333149537,1.4952182960900058,Champions (High-Value),1
17843,1,197.73,88,35,3.298285714285714,United Kingdom,303,197.73,88.0,0,1.0,0.0,0.0,1,1,1,-2.2344611404802355,-0.2157431371720107,0.6363145189754899,Hibernating / At-Risk,0
17844,1,51.559999999999995,52,5,0.998,Canada,107,51.559999999999995,52.0,0,1.0,0.0,0.0,0,1,1,-3.4066650682233313,1.3850762098978668,-0.514766341567227,Hibernating / At-Risk,0
17848,9,901.1999999999999,398,41,4.231372549019608,United Kingdom,81,100.13333333333333,44.22222222222222,276,0.9782608695652175,0.0,0.0,1,0,1,0.12655273324099384,1.234182014624143,-0.545802010179408,Loyal Regulars,0
17849,4,605.8000000000001,114,14,10.323076923076924,United Kingdom,218,151.45000000000002,28.5,115,1.0434782608695652,0.0,0.0,1,1,1,-1.053504378174559,0.4840144379887445,0.2500542385298317,Hibernating / At-Risk,0
17850,34,5391.21,1733,21,3.9603703703703705,United Kingdom,372,158.565,50.970588235294116,1,34.0,1.0,0.02857142857142857,1,2,2,2.3812720226396116,2.7250928023183634,2.651965081982291,Champions (High-Value),1
17852,2,114.34,53,21,2.3679166666666664,United Kingdom,12,57.17,26.5,0,2.0,0.0,0.0,1,1,1,-2.0631207178056505,2.93555184020986,-0.06462188323415158,Hibernating / At-Risk,0
17854,2,311.26,84,15,3.586,United Kingdom,185,155.63,42.0,41,1.4634146341463414,0.0,0.0,1,1,1,-1.7023304436320685,0.7651763655471144,0.8623990846500682,Hibernating / At-Risk,0
17855,1,208.97,197,17,1.7658823529411765,United Kingdom,373,208.97,197.0,0,1.0,0.0,0.0,1,1,1,-1.9187449930076266,-0.39434669371783154,0.7570956445492356,Hibernating / At-Risk,0
17856,4,1418.03,842,12,3.5593333333333335,United Kingdom,2,354.5075,210.5,279,0.4301075268817204,2.0,0.3333333333333333,1,0,0,1.5090787036074758,-0.13712505883887016,-1.7269648204391774,Loyal Regulars,0
17857,22,25301.54,14822,18,1.8218750000000001,United Kingdom,4,1150.07,673.7272727272727,361,1.8282548476454294,2.0,0.08333333333333333,1,2,2,5.3567101170472595,0.5662402811009707,0.863785178926355,Champions (High-Value),1
17858,12,5140.66,2694,101,5.932131979695432,United Kingdom,6,428.3883333333333,224.5,363,0.9917355371900827,0.0,0.0,1,2,2,3.167201896080696,0.4793786467610617,-0.5288432811839285,Champions (High-Value),1
17859,1,141.92000000000002,102,23,1.9047826086956523,United Kingdom,305,141.92000000000002,102.0,0,1.0,0.0,0.0,1,1,1,-2.4856209568782464,0.08417654289777207,0.4483943972418928,Hibernating / At-Risk,0
17860,1,226.45000000000002,93,49,2.6282692307692312,United Kingdom,369,226.45000000000002,93.0,0,1.0,0.0,0.0,1,1,1,-2.1375704218325913,-0.40371124189069335,0.7846610838622589,Hibernating / At-Risk,0
17861,8,2097.88,1985,172,2.4416438356164383,United Kingdom,3,262.235,248.125,316,0.759493670886076,1.0,0.1111111111111111,1,2,2,2.26495882912348,0.6980196119823663,-1.3004862170626537,Champions (High-Value),1
17862,1,330.9,100,11,5.145454545454545,United Kingdom,324,330.9,100.0,0,1.0,0.0,0.0,1,1,1,-1.7241529682931707,-0.7353918674779327,0.964382964644381,Hibernating / At-Risk,0
17863,6,3160.0,2638,110,1.547027027027027,United Kingdom,59,526.6666666666666,439.6666666666667,310,0.5806451612903225,0.0,0.0,1,0,2,1.999265097591329,-1.0823775407411949,-0.2141527341521081,Loyal Regulars,0
17864,3,554.85,706,70,1.8374444444444444,United Kingdom,13,184.95000000000002,235.33333333333334,262,0.3435114503816794,0.0,0.0,1,0,0,0.14200316196366758,-0.15442529468766525,-1.7202325669549314,Loyal Regulars,0
17865,20,10524.220000000001,5756,190,2.7654742547425477,United Kingdom,31,526.211,287.8,333,1.8018018018018018,7.0,0.25925925925925924,1,2,2,3.92761266560887,0.7695362886605885,1.0328331178445531,Champions (High-Value),1
17866,1,329.65,174,9,3.4000000000000004,United Kingdom,143,329.65,174.0,0,1.0,1.0,0.5,1,1,1,-1.3027415753965867,-0.55698461766237,0.696955222431333,Hibernating / At-Risk,0
17867,6,1157.8700000000001,508,62,2.3976470588235292,United Kingdom,30,192.97833333333335,84.66666666666667,258,0.6976744186046512,2.0,0.25,1,0,1,0.6095197081756101,0.36674353514067626,-0.8621335962324622,Loyal Regulars,0
17869,5,428.18,111,37,6.1585,United Kingdom,107,85.636,22.2,260,0.576923076923077,0.0,0.0,1,1,1,-1.2679089948039146,0.7004237766905254,-1.1314374860979872,Hibernating / At-Risk,0
17870,12,1865.89,1351,214,2.236259259259259,United Kingdom,2,155.49083333333334,112.58333333333333,364,0.989010989010989,1.0,0.07692307692307693,1,2,2,2.170646750592165,1.7361610791377462,-1.4361144131390151,Champions (High-Value),1
17871,1,155.9,182,10,2.132,United Kingdom,205,155.9,182.0,0,1.0,0.0,0.0,1,1,1,-2.071065803767814,0.05235143193403825,0.3824359970003616,Hibernating / At-Risk,0
17873,5,1719.5800000000002,1034,23,1.812857142857143,United Kingdom,80,343.91600000000005,206.8,293,0.5119453924914675,1.0,0.16666666666666666,1,0,2,0.9578516822350948,-0.8367041156828423,-0.48296372834454576,Loyal Regulars,0
17874,6,683.46,221,37,4.084565217391304,United Kingdom,185,113.91000000000001,36.833333333333336,70,2.571428571428571,1.0,0.14285714285714285,1,1,1,-0.43482805551571707,2.1462671491590344,1.6193780137648373,Hibernating / At-Risk,0
17877,1,237.61,98,12,3.5408333333333335,United Kingdom,170,237.61,98.0,0,1.0,0.0,0.0,1,1,1,-1.8748399046381725,-0.24149386903796516,0.5491006353712169,Hibernating / At-Risk,0
17878,1,379.45,401,26,2.246153846153846,United Kingdom,44,379.45,401.0,0,1.0,0.0,0.0,1,0,1,-0.5467069341069555,-0.44536418253928634,0.40176584264896215,Loyal Regulars,0
17879,1,178.51999999999998,45,6,3.638333333333333,United Kingdom,174,178.51999999999998,45.0,0,1.0,0.0,0.0,1,1,1,-2.447503238377324,0.09285750087433464,0.36954389535359344,Hibernating / At-Risk,0
17880,1,458.92,314,26,2.4615384615384617,United Kingdom,365,458.92,314.0,0,1.0,0.0,0.0,1,1,1,-1.0029868817760677,-1.1820178496300806,1.226919228642994,Hibernating / At-Risk,0
17881,1,133.35000000000002,32,8,4.53125,United Kingdom,304,133.35000000000002,32.0,0,1.0,0.0,0.0,1,1,1,-2.990481651495638,0.2465264216480655,0.3811005852409858,Hibernating / At-Risk,0
17883,4,664.34,374,133,2.308732394366197,United Kingdom,3,166.085,93.5,242,0.49586776859504134,0.0,0.0,1,0,0,0.4262126777555811,0.6805353867645053,-1.961030831556421,Loyal Regulars,0
17884,4,695.0699999999999,817,107,1.9502654867256637,United Kingdom,4,173.76749999999998,204.25,367,0.32697547683923706,0.0,0.0,1,0,0,0.6809720529132676,0.23240271127042753,-2.1912842777200634,Loyal Regulars,0
17885,1,156.34,110,50,2.1401886792452833,United Kingdom,12,156.34,110.0,0,1.0,0.0,0.0,1,1,1,-1.5575156869856308,0.855791849602188,-0.5779802855855591,Hibernating / At-Risk,0
17886,3,869.28,469,93,3.021078431372549,United Kingdom,32,289.76,156.33333333333334,217,0.4147465437788018,0.0,0.0,1,0,0,0.19445335758412044,-0.6630376704191262,-1.0207308286177876,Loyal Regulars,0
17887,1,111.35,30,10,5.235,United Kingdom,129,111.35,30.0,0,1.0,0.0,0.0,1,1,1,-2.963175444856274,0.6578808592338541,-0.018673795239762942,Hibernating / At-Risk,0
17888,8,716.0,973,60,3.008,United Kingdom,21,89.5,121.625,335,0.7164179104477613,2.0,0.2,1,0,1,0.5429998466215401,1.2563023015021877,-1.4354041280105403,Loyal Regulars,0
17889,2,201.37,77,20,3.5685000000000002,United Kingdom,212,100.685,38.5,109,0.5504587155963303,0.0,0.0,1,1,1,-2.317277847340722,0.09120670084983465,-0.7147724252560852,Hibernating / At-Risk,0
17890,2,586.89,402,88,2.4861538461538464,United Kingdom,323,293.445,201.0,38,1.5789473684210527,0.0,0.0,1,1,1,-0.6291460169928805,-0.026088520446590144,1.6005979349095099,Hibernating / At-Risk,0
17891,1,203.85999999999999,393,34,0.711764705882353,United Kingdom,162,203.85999999999999,393.0,0,1.0,0.0,0.0,1,1,1,-1.4607980763097788,-0.2068808857056551,0.47903962120183036,Hibernating / At-Risk,0
17892,3,244.1,109,27,3.275,United Kingdom,56,81.36666666666666,36.333333333333336,99,0.9090909090909092,0.0,0.0,1,1,1,-1.601685185986327,1.2065732090944055,-0.7286261386617845,Hibernating / At-Risk,0
17893,1,107.21,149,15,2.2066666666666666,United Kingdom,225,107.21,149.0,0,1.0,0.0,0.0,1,1,1,-2.519079008743378,0.39957389510640756,0.19042326025357328,Hibernating / At-Risk,0
17894,8,1118.54,402,126,2.817958115183246,United Kingdom,72,139.8175,50.25,294,0.8163265306122448,0.0,0.0,1,0,1,0.3190786444475393,0.7118213534362173,-0.6191262786720776,Loyal Regulars,0
17895,1,95.45,127,15,1.9280000000000002,United Kingdom,44,95.45,127.0,0,1.0,0.0,0.0,1,1,1,-2.275237749918953,0.9683231314847781,-0.4357461713651772,Hibernating / At-Risk,0
17896,1,256.32,288,2,0.89,United Kingdom,23,256.32,288.0,0,1.0,0.0,0.0,1,1,1,-0.8797562778035559,0.1309799541872674,-0.05288767665243549,Hibernating / At-Risk,0
17897,3,541.8100000000001,222,100,3.085833333333333,United Kingdom,173,180.60333333333335,74.0,200,0.44999999999999996,1.0,0.25,1,1,1,-0.9562621789302912,-0.5480902593074192,-0.6735653154123323,Hibernating / At-Risk,0
17898,2,152.06,190,27,1.4814285714285713,United Kingdom,85,76.03,95.0,121,0.49586776859504134,0.0,0.0,1,1,1,-2.0027495882097095,0.44403547464048865,-1.27217840273112,Hibernating / At-Risk,0
17899,1,154.55,170,29,2.420967741935484,United Kingdom,159,154.55,170.0,0,1.0,0.0,0.0,1,1,1,-2.0410803928230408,0.13632140788824748,0.28878053166887824,Hibernating / At-Risk,0
17900,2,112.19999999999999,73,4,3.608333333333333,United Kingdom,190,56.099999999999994,36.5,0,2.0,2.0,0.5,1,1,1,-2.6448410371199094,2.1846428122222137,0.8557047426798755,Hibernating / At-Risk,0
17901,1,110.38,24,19,5.328947368421052,United Kingdom,29,110.38,24.0,0,1.0,0.0,0.0,1,1,1,-2.6803105738608504,1.0894655033813767,-0.5330479448421059,Hibernating / At-Risk,0
17904,1,181.07,59,33,3.7317647058823527,United Kingdom,21,181.07,59.0,0,1.0,1.0,0.5,1,1,1,-1.7985352956046665,0.6267685541020116,-0.32747335598201355,Hibernating / At-Risk,0
17905,4,798.99,406,33,3.8709090909090906,United Kingdom,71,199.7475,101.5,302,0.3973509933774835,0.0,0.0,1,0,0,-0.13180202228208687,-0.45402150928650775,-1.0592583792739667,Loyal Regulars,0
17906,1,72.9,26,12,3.8249999999999997,United Kingdom,247,72.9,26.0,0,1.0,0.0,0.0,1,1,1,-3.573126532084727,0.8924808970100021,-0.046954785918748326,Hibernating / At-Risk,0
17908,1,232.03,169,51,2.6622222222222223,United Kingdom,374,232.03,169.0,0,1.0,0.0,0.0,1,1,1,-1.8817332797621331,-0.4801578450746099,0.8144260229785377,Hibernating / At-Risk,0
17911,1,366.23,223,39,2.181025641025641,United Kingdom,9,366.23,223.0,0,1.0,0.0,0.0,1,0,1,-0.4245815539559165,0.05536966532890142,-0.15095298464278123,Loyal Regulars,0
17912,5,310.06,184,35,4.063513513513513,United Kingdom,310,62.012,36.8,54,2.7777777777777777,1.0,0.16666666666666666,1,1,1,-1.3688513310318753,2.6631717926746865,1.637243758460355,Hibernating / At-Risk,0
17913,2,408.65,288,55,2.425344827586207,United Kingdom,59,204.325,144.0,296,0.2027027027027027,0.0,0.0,1,0,1,-0.9002253711113847,-0.9289153512589815,-1.451987731416973,Loyal Regulars,0
17914,1,329.36,457,72,2.0296,United Kingdom,4,329.36,457.0,0,1.0,0.0,0.0,1,0,1,-0.06396918127830689,0.2830413011848916,-0.4325779673340107,Loyal Regulars,0
17917,3,335.03,184,77,2.2221739130434783,United Kingdom,45,111.67666666666666,61.333333333333336,317,0.28391167192429023,0.0,0.0,1,1,1,-1.1721355635864905,0.013564547710484811,-1.775620585280754,Hibernating / At-Risk,0
17919,1,1304.04,756,23,2.1630434782608696,United Kingdom,88,1304.04,756.0,0,1.0,0.0,0.0,1,0,0,0.6756528942885536,-1.8674859490619098,1.3779261184367282,Loyal Regulars,0
17920,17,4107.6,2471,406,2.345632530120482,United Kingdom,4,241.62352941176474,145.35294117647058,369,1.3821138211382114,0.0,0.0,1,2,2,3.1190926726891424,1.6653878324853737,-0.5278346339339105,Champions (High-Value),1
17921,4,820.23,425,114,2.365774647887324,United Kingdom,64,205.0575,106.25,202,0.594059405940594,0.0,0.0,1,0,0,-0.022512894134926516,-0.15417458281354993,-0.6889166063074688,Loyal Regulars,0
17923,1,207.50000000000003,50,1,4.15,United Kingdom,282,207.50000000000003,50.0,0,1.0,0.0,0.0,1,1,1,-2.390646774727184,-0.19177507720162823,0.6254016807353759,Hibernating / At-Risk,0
17924,7,2962.5,1160,26,3.246451612903226,United Kingdom,12,423.2142857142857,165.71428571428572,361,0.5817174515235457,6.0,0.46153846153846156,1,0,2,2.0240517254207324,-0.324340126386829,-0.9170531060828672,Loyal Regulars,0
17925,1,244.08,72,1,3.39,United Kingdom,373,244.08,72.0,0,1.0,0.0,0.0,1,1,1,-2.1675894671997997,-0.45227187025596893,0.8219772891331039,Hibernating / At-Risk,0
17926,2,397.29,306,17,3.1552380952380954,United Kingdom,133,198.645,153.0,70,0.8571428571428571,0.0,0.0,1,1,1,-0.9739279337947581,-0.13688851835507346,0.09198659387299708,Hibernating / At-Risk,0
17928,2,184.46,68,22,3.1068181818181815,United Kingdom,45,92.23,34.0,200,0.3,0.0,0.0,1,1,1,-2.1085087454213935,0.20513255415798612,-1.8157634895527748,Hibernating / At-Risk,0
17929,4,843.0,108,4,7.57,United Kingdom,11,210.75,27.0,297,0.40404040404040403,1.0,0.2,1,0,0,-0.14023888019688324,0.11801104072607822,-1.6636336188265346,Loyal Regulars,0
17930,5,1740.48,1594,26,1.4825641025641025,United Kingdom,36,348.096,318.8,203,0.7389162561576355,0.0,0.0,1,0,2,1.383357043665577,-0.3519137037979537,-0.3206747435908116,Loyal Regulars,0
17931,2,408.36,249,63,3.069384615384615,United Kingdom,134,204.18,124.5,121,0.49586776859504134,0.0,0.0,1,1,1,-1.09816462389798,-0.640535546300847,-0.5335405198588759,Hibernating / At-Risk,0
17932,3,1331.57,789,84,2.7395555555555555,United Kingdom,29,443.8566666666666,263.0,182,0.4945054945054945,0.0,0.0,1,0,0,0.8366581240477838,-0.9645166418106521,-0.6276434204790001,Loyal Regulars,0
17934,2,704.25,478,21,3.4528571428571433,United Kingdom,52,352.125,239.0,7,2.0,0.0,0.0,1,1,0,0.11882457983574239,0.6288213172804149,1.536803282316021,Hibernating / At-Risk,0
17935,2,142.89,81,27,1.8303571428571428,United Kingdom,138,71.445,40.5,3,2.0,0.0,0.0,1,1,1,-2.3005383160532715,2.0354290335328313,0.8893960175460105,Hibernating / At-Risk,0
17936,1,380.13,257,68,2.414722222222222,United Kingdom,5,380.13,257.0,0,1.0,0.0,0.0,1,0,1,-0.2034919451144579,0.14789758016718577,-0.3008462608854803,Loyal Regulars,0
17937,7,4301.22,1754,19,3.473255813953488,United Kingdom,9,614.46,250.57142857142858,353,0.5949008498583569,0.0,0.0,1,2,2,2.603322155946392,-0.6257721675053755,-0.7528297041069242,Champions (High-Value),1
17939,1,99.14,40,12,2.455833333333333,United Kingdom,160,99.14,40.0,0,1.0,0.0,0.0,1,1,1,-3.015029964398348,0.6837001921810436,-0.005603544779714161,Hibernating / At-Risk,0
17940,9,2152.1800000000003,9322,5,0.23470588235294118,United Kingdom,49,239.13111111111115,1035.7777777777778,253,1.0671936758893281,4.0,0.3076923076923077,1,2,2,2.3150737181761687,0.3609510932602768,0.005707933816916363,Champions (High-Value),1
17941,1,304.56,252,2,1.255,United Kingdom,131,304.56,252.0,0,1.0,0.0,0.0,1,1,1,-1.2088225546505633,-0.49079861371439504,0.6302753226038628,Hibernating / At-Risk,0
17942,1,77.50000000000001,38,2,1.525,United Kingdom,8,77.50000000000001,38.0,0,1.0,0.0,0.0,1,1,1,-2.522615282945039,1.7152888231873553,-1.140816127770728,Hibernating / At-Risk,0
17946,2,149.57999999999998,75,18,3.1445,United Kingdom,233,74.78999999999999,37.5,26,2.0,0.0,0.0,1,1,1,-2.4217083851981314,1.855635411965056,1.0928809987857935,Hibernating / At-Risk,0
17947,1,176.68,168,9,0.9422222222222223,United Kingdom,37,176.68,168.0,0,1.0,0.0,0.0,1,1,1,-1.553576901944371,0.4063648558498285,-0.12702001163501483,Hibernating / At-Risk,0
17948,1,358.56000000000006,144,1,2.49,United Kingdom,147,358.56000000000006,144.0,0,1.0,0.0,0.0,1,1,1,-1.3057382996406879,-0.6276756967803109,0.7507712723277854,Hibernating / At-Risk,0
17949,44,58030.48,30450,28,3.3681159420289855,United Kingdom,1,1318.8745454545456,692.0454545454545,370,3.5675675675675675,7.0,0.13725490196078433,1,2,2,6.012627237541428,1.948589386637432,1.9550873804921756,Champions (High-Value),1
17950,3,482.2,366,63,2.3209859154929577,United Kingdom,72,160.73333333333332,122.0,293,0.3071672354948805,1.0,0.25,1,0,1,-0.677829287187314,-0.4796771971512103,-1.333294908393678,Loyal Regulars,0
17951,3,1008.5400000000001,616,18,2.2085,United Kingdom,40,336.18,205.33333333333334,333,0.2702702702702703,1.0,0.25,1,0,0,0.3507149658650358,-1.1347743825048104,-1.1699626575338686,Loyal Regulars,0
17954,12,2314.13,2221,326,1.9439832285115304,United Kingdom,5,192.84416666666667,185.08333333333334,365,0.9863013698630138,4.0,0.25,1,2,2,2.388097453784108,1.2928424869327981,-1.0630446178458195,Champions (High-Value),1
17955,4,557.3,273,14,5.631052631578947,United Kingdom,199,139.325,68.25,20,4.0,0.0,0.0,1,1,0,-0.5008094232820168,2.464756821078468,2.720665770402148,Hibernating / At-Risk,0
17956,1,12.75,1,1,12.75,United Kingdom,249,12.75,1.0,0,1.0,0.0,0.0,1,1,1,-4.245455283754692,1.4171473920375932,-0.35036221545561624,Hibernating / At-Risk,0
17957,1,110.72,275,30,1.3913333333333333,United Kingdom,66,110.72,275.0,0,1.0,0.0,0.0,1,1,1,-1.937829262812474,0.6491795503140613,-0.192443402960327,Hibernating / At-Risk,0
17958,1,508.4599999999999,84,7,4.04,United Kingdom,117,508.4599999999999,84.0,0,1.0,0.0,0.0,1,1,1,-1.1334644730359895,-0.8500603007041788,0.8640546488423916,Hibernating / At-Risk,0
17960,1,73.78,41,26,1.7196153846153845,United Kingdom,171,73.78,41.0,0,1.0,0.0,0.0,1,1,1,-3.2944140308772925,0.9422393814285058,-0.15411604695243816,Hibernating / At-Risk,0
17961,39,1296.44,560,211,3.2722489959839356,United Kingdom,21,33.242051282051285,14.35897435897436,350,3.342857142857143,0.0,0.0,1,2,2,1.3763852523219835,4.601950657227432,0.5946623018289404,Champions (High-Value),1
17962,1,102.41,127,33,1.6879411764705883,United Kingdom,142,102.41,127.0,0,1.0,0.0,0.0,1,1,1,-2.506528253977012,0.5832632725157885,0.0023705058544532353,Hibernating / At-Risk,0
17964,2,463.21,294,84,2.7619387755102043,United Kingdom,32,231.605,147.0,340,0.1764705882352941,0.0,0.0,1,0,1,-0.6243474084806607,-0.8974527813969017,-1.599150865732266,Loyal Regulars,0
17965,14,2599.19,1532,274,3.510123076923077,United Kingdom,38,185.65642857142856,109.42857142857143,331,1.2688821752265862,0.0,0.0,1,2,2,1.9344159803860794,1.2081148522854204,-0.09166867801399742,Champions (High-Value),1
17966,5,1098.43,2571,53,1.4894117647058824,United Kingdom,38,219.686,514.2,223,0.6726457399103138,0.0,0.0,1,0,2,1.1182943695646317,-0.05995584709834725,-0.6747660741469537,Loyal Regulars,0
17967,1,112.27,73,41,1.9209523809523812,United Kingdom,372,112.27,73.0,0,1.0,0.0,0.0,1,1,1,-2.8809775831597597,0.28367754934384515,0.3681494242819175,Hibernating / At-Risk,0
17968,1,265.1,151,74,1.9256790123456788,United Kingdom,374,265.1,151.0,0,1.0,0.0,0.0,1,1,1,-1.802214137617894,-0.5968399715929542,0.8895900869214527,Hibernating / At-Risk,0
17969,2,228.2,152,14,4.701428571428571,United Kingdom,166,114.1,76.0,194,0.30927835051546393,0.0,0.0,1,1,1,-1.9263928665737828,-0.40683472280272637,-1.207014978583736,Hibernating / At-Risk,0
17970,1,562.79,513,27,3.056551724137931,United Kingdom,211,562.79,513.0,0,1.0,0.0,0.0,1,0,1,-0.4807044855546518,-1.2701269865311957,1.1720084836111957,Loyal Regulars,0
17972,1,135.19,36,30,4.343,United Kingdom,242,135.19,36.0,0,1.0,0.0,0.0,1,1,1,-2.8745570280470365,0.28584654613951893,0.3140449982961493,Hibernating / At-Risk,0
17973,1,337.04,176,15,3.244,United Kingdom,52,337.04,176.0,0,1.0,0.0,0.0,1,1,1,-1.0216382864022304,-0.3037663617040053,0.3669539966674422,Hibernating / At-Risk,0
17974,3,703.99,500,143,2.0266060606060607,United Kingdom,25,234.66333333333333,166.66666666666666,194,0.4639175257731959,0.0,0.0,1,0,0,0.09536510228440466,-0.32437593824511707,-1.1237191536387072,Loyal Regulars,0
17975,13,4479.96,1563,188,3.187431506849315,United Kingdom,15,344.6123076923077,120.23076923076923,351,1.1111111111111112,1.0,0.07142857142857142,1,2,2,2.642959214173102,0.6707205277081645,-0.2317491484005556,Champions (High-Value),1
17976,1,321.79,93,56,3.6531578947368417,United Kingdom,372,321.79,93.0,0,1.0,0.0,0.0,1,1,1,-1.811568021829555,-0.7380723709738208,0.9906661385684821,Hibernating / At-Risk,0
17977,1,288.14,342,19,3.2476190476190476,United Kingdom,29,288.14,342.0,0,1.0,0.0,0.0,1,1,1,-0.7609023830547588,-0.057260101009857005,0.09684707315873654,Hibernating / At-Risk,0
17978,1,300.91999999999996,499,12,2.3633333333333333,United Kingdom,365,300.91999999999996,499.0,0,1.0,0.0,0.0,1,1,1,-1.2130372250976627,-0.8215774642055934,0.9913284809532117,Hibernating / At-Risk,0
17979,4,729.01,379,115,2.3555474452554743,United Kingdom,36,182.2525,94.75,224,0.5357142857142857,1.0,0.2,1,0,0,-0.04412549150798671,0.038263672206742524,-1.0645922895051292,Loyal Regulars,0
17980,3,811.45,682,23,2.2036666666666664,United Kingdom,166,270.48333333333335,227.33333333333334,193,0.46632124352331605,0.0,0.0,1,0,0,-0.12663882746714603,-0.9960615030481934,-0.38866299762330875,Loyal Regulars,0
17984,1,152.68,98,48,2.066666666666667,United Kingdom,145,152.68,98.0,0,1.0,0.0,0.0,1,1,1,-2.244059436126252,0.22226192954704999,0.23591267835991572,Hibernating / At-Risk,0
17985,1,631.35,171,20,4.866666666666667,United Kingdom,22,631.35,171.0,0,1.0,0.0,0.0,1,0,0,-0.23585226827484446,-0.6693880634639692,0.44801960043309086,Loyal Regulars,0
17986,1,20.8,10,1,2.08,United Kingdom,56,20.8,10.0,0,1.0,0.0,0.0,1,1,1,-3.8667341186503754,1.8244258345656588,-0.8581519870368183,Hibernating / At-Risk,0
17987,1,198.57,261,13,0.9092307692307693,United Kingdom,185,198.57,261.0,0,1.0,0.0,0.0,1,1,1,-1.6796051612206204,-0.18155470432419224,0.49830598947170957,Hibernating / At-Risk,0
17988,7,201.12,43,37,5.094736842105263,United Kingdom,12,28.731428571428573,6.142857142857143,314,0.6687898089171974,1.0,0.125,1,1,1,-1.5345018560397665,2.285731952716046,-2.1902742783791447,Hibernating / At-Risk,0
17990,3,630.84,414,27,2.3224137931034488,United Kingdom,237,210.28,138.0,124,0.7258064516129031,0.0,0.0,1,0,1,-0.5968863346185598,-0.43727595941969183,0.05354717157959724,Loyal Regulars,0
17991,2,93.35,25,4,4.91,United Kingdom,225,46.675,12.5,0,2.0,0.0,0.0,1,1,1,-3.2684990211495726,2.4048533838825015,0.7798876843759206,Hibernating / At-Risk,0
17994,4,674.89,495,63,2.3658227848101268,United Kingdom,122,168.7225,123.75,169,0.7100591715976331,2.0,0.3333333333333333,1,0,1,-0.28525132021914995,0.002186959262924946,-0.3726447576598305,Loyal Regulars,0
17995,1,76.1,133,2,1.685,United Kingdom,282,76.1,133.0,0,1.0,0.0,0.0,1,1,1,-2.9367660782862157,0.6715188280713167,0.06525011245998455,Hibernating / At-Risk,0
17997,8,1962.46,2273,133,1.5246951219512195,United Kingdom,74,245.3075,284.125,89,2.696629213483146,4.0,0.3333333333333333,1,2,0,1.7352144552136324,1.6369418219768486,1.862909269588629,Champions (High-Value),1
17999,2,380.39,219,87,2.866593406593407,United Kingdom,37,190.195,109.5,329,0.182370820668693,0.0,0.0,1,0,1,-0.9587506007956433,-0.7226338030095171,-1.6737600577005312,Loyal Regulars,0
18001,2,415.13,362,56,2.850701754385965,United Kingdom,12,207.565,181.0,74,0.8108108108108107,0.0,0.0,1,0,1,-0.2774194305654835,0.3912688010112835,-0.7537837756355124,Loyal Regulars,0
18004,1,157.92,75,32,2.6772972972972973,United Kingdom,362,157.92,75.0,0,1.0,0.0,0.0,1,1,1,-2.5502411746568336,-0.03688935694826231,0.5615569390928519,Hibernating / At-Risk,0
18005,2,226.47,86,52,3.168490566037736,United Kingdom,4,113.235,43.0,43,1.3953488372093024,0.0,0.0,1,1,1,-1.069914796600063,1.9969264506984126,-0.6476199693969039,Hibernating / At-Risk,0
18006,1,444.68,220,21,3.2290909090909095,United Kingdom,23,444.68,220.0,0,1.0,0.0,0.0,1,0,1,-0.4738559105369706,-0.36951919425634805,0.2633262283550929,Loyal Regulars,0
18008,9,2116.19,1581,24,3.8,United Kingdom,70,235.13222222222223,175.66666666666666,248,1.0887096774193548,0.0,0.0,1,2,2,1.5144486954612808,0.463597012619106,0.10042838558141343,Champions (High-Value),1
18009,1,247.39,125,31,3.950322580645161,United Kingdom,235,247.39,125.0,0,1.0,1.0,0.5,1,1,1,-1.8250165512465395,-0.39030633799638953,0.6897041565672156,Hibernating / At-Risk,0
18010,1,174.8,60,14,5.014285714285714,United Kingdom,257,174.8,60.0,0,1.0,0.0,0.0,1,1,1,-2.4553268013699823,-0.019465944360950598,0.4979321475850091,Hibernating / At-Risk,0
18011,1,102.78999999999999,71,28,2.3610714285714285,United Kingdom,373,102.78999999999999,71.0,0,1.0,0.0,0.0,1,1,1,-2.973159692314145,0.3696243733994022,0.3159978758887587,Hibernating / At-Risk,0
18013,2,187.29,285,31,1.1703225806451614,United Kingdom,155,93.645,142.5,0,2.0,0.0,0.0,1,1,1,-1.5886197960531836,1.6357950315545595,1.1190923404441977,Hibernating / At-Risk,0
18014,1,154.27,65,28,2.8148275862068965,United Kingdom,28,154.27,65.0,0,1.0,0.0,0.0,1,1,1,-1.9800573960609638,0.6941716941707328,-0.3237936542144424,Hibernating / At-Risk,0
18015,1,120.03,157,46,1.2758695652173913,United Kingdom,4,120.03,157.0,0,1.0,0.0,0.0,1,1,1,-1.418075161666288,1.3378568894576275,-1.0513284654774053,Hibernating / At-Risk,0
18016,5,1477.66,1027,90,3.3571311475409837,United Kingdom,32,295.53200000000004,205.4,331,0.45317220543806647,0.0,0.0,1,0,0,1.0320100876718366,-0.5348523530765671,-0.9975964608350427,Loyal Regulars,0
18017,3,523.0,300,1,1.7433333333333334,United Kingdom,81,174.33333333333334,100.0,229,0.3930131004366812,0.0,0.0,1,0,1,-0.6906426020828585,-0.42578850192141154,-1.0631992520422178,Loyal Regulars,0
18018,2,122.14,55,29,3.8113793103448277,United Kingdom,108,61.07,27.5,91,0.6593406593406593,0.0,0.0,1,1,1,-2.7161677267960482,0.9323175930066249,-1.0437692151641662,Hibernating / At-Risk,0
18019,1,38.45,7,5,5.71,United Kingdom,52,38.45,7.0,0,1.0,0.0,0.0,1,1,1,-3.8480955042273957,1.8444698842584755,-0.8831426625852212,Hibernating / At-Risk,0
18022,1,612.72,703,141,1.7510365853658538,United Kingdom,36,612.72,703.0,0,1.0,0.0,0.0,1,0,0,0.16934174343097233,-0.8985669737292565,0.6305887988935909,Loyal Regulars,0
18024,2,389.78,184,21,2.5828571428571427,United Kingdom,153,194.89,92.0,0,2.0,1.0,0.3333333333333333,1,1,1,-1.078214178400872,0.9834872188246018,1.5314581377527305,Hibernating / At-Risk,0
18027,1,115.31,78,21,2.7923809523809524,United Kingdom,99,115.31,78.0,0,1.0,0.0,0.0,1,1,1,-2.495419930268784,0.612925018658192,-0.06392798796373328,Hibernating / At-Risk,0
18030,2,230.64999999999998,67,8,6.705555555555555,United Kingdom,4,115.32499999999999,33.5,38,1.5789473684210527,1.0,0.3333333333333333,1,1,1,-1.1271416076059133,2.170392032826519,-0.42531708213271613,Hibernating / At-Risk,0
18032,1,73.5,42,5,1.8699999999999999,United Kingdom,334,73.5,42.0,0,1.0,0.0,0.0,1,1,1,-3.4594143608898857,0.7600580588729072,0.07326174494045283,Hibernating / At-Risk,0
18033,1,93.82000000000001,252,32,1.7966666666666666,United Kingdom,65,93.82000000000001,252.0,0,1.0,0.0,0.0,1,1,1,-2.120971664945309,0.8178039438648016,-0.2964024713300074,Hibernating / At-Risk,0
18034,2,418.68,559,99,1.3205454545454545,United Kingdom,22,209.34,279.5,0,2.0,0.0,0.0,1,1,0,-0.08871479027888934,1.339683045022003,0.9492336309272706,Hibernating / At-Risk,0
18035,3,713.89,584,44,2.5148979591836738,United Kingdom,36,237.96333333333334,194.66666666666666,7,3.0,0.0,0.0,1,1,0,0.3901403043955875,1.846299274385578,1.9778687325524968,Hibernating / At-Risk,0
18036,3,403.12,232,77,1.905744680851064,United Kingdom,32,134.37333333333333,77.33333333333333,213,0.4225352112676057,0.0,0.0,1,0,1,-0.7931614729352209,0.143036177427652,-1.4728668028885803,Loyal Regulars,0
18037,6,70.02,20,19,3.598421052631579,United Kingdom,154,11.67,3.3333333333333335,207,0.8695652173913043,0.0,0.0,1,1,1,-2.9759920878044044,1.9651903960614843,-1.036806772308156,Hibernating / At-Risk,0
18040,2,357.20000000000005,148,18,3.0710526315789473,United Kingdom,19,178.60000000000002,74.0,226,0.26548672566371684,0.0,0.0,1,0,1,-0.9886719322827177,-0.32259764679916586,-1.7751934612388514,Loyal Regulars,0
18041,21,4097.37,3758,285,1.970305676855895,United Kingdom,12,195.11285714285714,178.95238095238096,361,1.745152354570637,1.0,0.045454545454545456,1,2,2,3.115367672807653,1.9731255015663538,0.05930213791162594,Champions (High-Value),1
18042,1,165.04999999999998,33,7,5.45,United Kingdom,54,165.04999999999998,33.0,0,1.0,0.0,0.0,1,1,1,-2.342642888827663,0.5134058265074177,-0.08181464719102685,Hibernating / At-Risk,0
18043,3,529.29,265,106,2.9669565217391303,United Kingdom,25,176.42999999999998,88.33333333333333,342,0.2631578947368421,0.0,0.0,1,0,1,-0.46427088885577644,-0.33302835729059077,-1.7429049877072265,Loyal Regulars,0
18044,10,2088.6,1033,88,4.251574803149607,United Kingdom,4,208.85999999999999,103.3,356,0.8426966292134831,1.0,0.09090909090909091,1,2,2,1.9896234482733204,1.097526313856168,-1.2828979957136162,Champions (High-Value),1
18045,1,178.34,138,43,2.592093023255814,United Kingdom,45,178.34,138.0,0,1.0,0.0,0.0,1,1,1,-1.6707973377448655,0.3624292878249475,-0.06103906828408148,Hibernating / At-Risk,0
18048,2,172.29000000000002,127,6,1.5,United Kingdom,203,86.14500000000001,63.5,0,2.0,0.0,0.0,1,1,1,-2.050941255923311,1.7131116304207763,1.141592092921985,Hibernating / At-Risk,0
18050,1,74.4,40,5,2.31,United Kingdom,359,74.4,40.0,0,1.0,0.0,0.0,1,1,1,-3.485420142446647,0.7330455373243112,0.10380273203812403,Hibernating / At-Risk,0
18053,1,300.02,302,20,1.5855000000000001,United Kingdom,71,300.02,302.0,0,1.0,1.0,0.5,1,1,1,-0.9964896382728591,-0.32574257937095236,0.4179952374262721,Hibernating / At-Risk,0
18055,10,6761.34,2452,223,4.005195530726256,United Kingdom,7,676.134,245.2,362,0.8287292817679558,1.0,0.09090909090909091,1,2,2,3.2991624007276097,-0.24618763924751197,-0.4318400120142364,Champions (High-Value),1
18056,1,363.65,211,19,3.7578947368421054,United Kingdom,288,363.65,211.0,0,1.0,0.0,0.0,1,1,1,-1.3145324243691303,-0.8596286576489642,0.998837121473453,Hibernating / At-Risk,0
18058,1,170.16,88,3,1.7966666666666666,United Kingdom,10,170.16,88.0,0,1.0,0.0,0.0,1,1,1,-1.5232857026298,0.8412711994235441,-0.5915951706635906,Hibernating / At-Risk,0
18059,3,306.46,258,17,1.913333333333333,United Kingdom,23,102.15333333333332,86.0,44,2.0454545454545454,1.0,0.25,1,1,1,-0.6881029766515713,2.2190774062266634,0.508244306153491,Hibernating / At-Risk,0
18061,10,2119.41,955,18,5.010434782608696,United Kingdom,22,211.94099999999997,95.5,344,0.872093023255814,0.0,0.0,1,2,2,1.5863174413615233,0.7063879919605618,-0.7054803537072946,Champions (High-Value),1
18062,3,720.52,396,23,4.489259259259259,United Kingdom,173,240.17333333333332,132.0,164,0.5487804878048781,0.0,0.0,1,0,1,-0.44420557079732315,-0.7205448474824199,-0.29688079363627096,Loyal Regulars,0
18064,2,814.0,384,7,2.2471428571428573,United Kingdom,133,407.0,192.0,102,0.5882352941176471,0.0,0.0,1,0,0,-0.2670696165859908,-1.197173111959269,0.056689015366938204,Loyal Regulars,0
18065,14,2392.83,1027,110,4.154306569343065,United Kingdom,6,170.91642857142855,73.35714285714286,358,1.1731843575418994,1.0,0.06666666666666667,1,2,2,2.1269640097762688,1.697464284962159,-0.867765623152351,Champions (High-Value),1
18066,1,318.0,108,10,3.4299999999999997,United Kingdom,75,318.0,108.0,0,1.0,0.0,0.0,1,1,1,-1.358823939976254,-0.3040814182719569,0.44395522575000423,Hibernating / At-Risk,0
18067,1,396.33,189,36,2.8329729729729727,United Kingdom,40,396.33,189.0,0,1.0,0.0,0.0,1,1,1,-0.7774799435597163,-0.3937700496859477,0.3757305089377084,Hibernating / At-Risk,0
18068,1,101.69999999999999,6,1,16.95,United Kingdom,289,101.69999999999999,6.0,0,1.0,0.0,0.0,1,1,1,-3.5848523996468757,0.5985964404375878,0.18196221669797955,Hibernating / At-Risk,0
18069,5,2009.24,1296,334,2.2087746170678337,United Kingdom,26,401.848,259.2,301,0.4983388704318937,2.0,0.2857142857142857,1,0,2,1.4700513505341997,-0.7233171759785127,-0.7897140015560781,Loyal Regulars,0
18071,2,453.0,260,23,2.998,United Kingdom,258,226.5,130.0,108,0.5555555555555556,0.0,0.0,1,1,1,-1.1397394441607125,-0.8332177312803807,-0.13231162040565655,Hibernating / At-Risk,0
18072,1,247.44,288,18,0.885,United Kingdom,186,247.44,288.0,0,1.0,1.0,0.5,1,1,1,-1.4383875789226928,-0.4010611053608291,0.6316092485635448,Hibernating / At-Risk,0
18073,12,3859.82,3102,23,3.8472222222222223,United Kingdom,114,321.6516666666667,258.5,82,4.390243902439025,1.0,0.07692307692307693,1,2,0,2.5121773112834136,1.981843428858781,2.8716045471113176,Champions (High-Value),1
18074,1,489.6,190,13,4.7807692307692315,United Kingdom,374,489.6,190.0,0,1.0,0.0,0.0,1,1,1,-1.1426009068309795,-1.2016873439244113,1.2555637575568126,Hibernating / At-Risk,0
18075,10,2611.75,1464,97,3.4669014084507044,United Kingdom,23,261.175,146.4,337,0.8902077151335313,4.0,0.2857142857142857,1,2,2,1.9404921742590708,0.4795116635595367,-0.5288208509202951,Champions (High-Value),1
18077,11,2584.41,1839,101,1.8161434977578474,United Kingdom,8,234.94636363636363,167.1818181818182,358,0.9217877094972067,0.0,0.0,1,2,2,2.289929086844739,0.9027004504627916,-0.8924555831954525,Champions (High-Value),1
18078,2,336.13,145,27,2.98551724137931,United Kingdom,217,168.065,72.5,41,1.4634146341463414,0.0,0.0,1,1,1,-1.4587767726583092,0.599791154410892,0.9760466266235017,Hibernating / At-Risk,0
18079,4,3613.15,7347,99,0.9102439024390243,United Kingdom,45,903.2875,1836.75,193,0.6217616580310881,0.0,0.0,1,0,2,2.5710766254337143,-1.6886513771342468,0.18818837910811598,Loyal Regulars,0
18080,2,1231.5,642,2,1.9,United Kingdom,19,615.75,321.0,223,0.26905829596412556,0.0,0.0,1,0,0,0.7376367439669916,-1.6262540879767649,-1.0025086645774584,Loyal Regulars,0
18081,3,343.45,195,14,3.84,United Kingdom,36,114.48333333333333,65.0,97,0.9278350515463918,0.0,0.0,1,1,1,-0.9448141792346519,0.9729550146938131,-0.6341032095833017,Hibernating / At-Risk,0
18082,1,680.84,608,62,2.165857142857143,United Kingdom,26,680.84,608.0,0,1.0,0.0,0.0,1,0,0,0.29100444025981725,-0.8992601040154115,0.5805147185729332,Loyal Regulars,0
18084,1,90.47999999999999,312,1,0.29,United Kingdom,16,90.47999999999999,312.0,0,1.0,1.0,0.5,1,1,1,-1.7231052303489003,1.2065894933642858,-0.7778340251389116,Hibernating / At-Risk,0
18085,2,689.95,265,25,2.8448275862068964,United Kingdom,330,344.975,132.5,43,1.3953488372093024,0.0,0.0,1,1,1,-0.6707439424773656,-0.3172944475694389,1.4739097509341264,Hibernating / At-Risk,0
18086,1,101.34,106,7,1.48,United Kingdom,274,101.34,106.0,0,1.0,0.0,0.0,1,1,1,-2.7542802193797704,0.42917089806809905,0.21616546343046764,Hibernating / At-Risk,0
18087,1,3202.9199999999996,3906,1,0.82,United Kingdom,291,3202.9199999999996,3906.0,0,1.0,2.0,0.6666666666666666,1,0,0,1.6276953158295482,-2.807807454882815,2.109860708466799,Loyal Regulars,0
18088,1,166.03,107,35,2.1624324324324324,United Kingdom,61,166.03,107.0,0,1.0,0.0,0.0,1,1,1,-1.9128290294557093,0.37081695686958066,-0.006963760760126341,Hibernating / At-Risk,0
18092,11,9068.26,4252,28,3.7192134831460675,United Kingdom,2,824.3872727272727,386.54545454545456,363,0.9090909090909092,1.0,0.08333333333333333,1,2,2,4.066528429743247,-0.08147831342263945,-0.530408043745151,Champions (High-Value),1
18093,4,2106.52,1392,31,1.6352777777777776,United Kingdom,93,526.63,348.0,209,0.5741626794258373,1.0,0.2,1,0,2,1.2221081780433831,-1.2893222671488807,-0.014890467890962496,Loyal Regulars,0
18094,7,3017.3,2518,39,2.1552857142857142,United Kingdom,82,431.04285714285714,359.7142857142857,210,1.0,0.0,0.0,1,2,0,1.9437731174155057,-0.38646385958474255,0.44358233607667474,Champions (High-Value),1
18095,2,580.0500000000001,419,20,2.619047619047619,United Kingdom,313,290.02500000000003,209.5,20,2.0,0.0,0.0,1,1,1,-0.5689214623109359,0.33529436550299546,2.030600776482662,Hibernating / At-Risk,0
18096,3,849.06,788,157,2.2750510204081635,United Kingdom,12,283.02,262.6666666666667,52,1.7307692307692306,0.0,0.0,1,0,0,0.8187498138963026,1.0709580500002163,0.6009627422205309,Loyal Regulars,0
18097,6,2662.4,1662,65,2.9976415094339623,United Kingdom,8,443.73333333333335,277.0,346,0.5202312138728323,1.0,0.14285714285714285,1,0,2,2.1320196575561083,-0.44384782592624095,-1.0935506251173372,Loyal Regulars,0
18099,1,168.31,149,19,2.1389473684210527,United Kingdom,127,168.31,149.0,0,1.0,0.0,0.0,1,1,1,-1.9565673864148807,0.12862020298689703,0.2585898698913388,Hibernating / At-Risk,0
18101,2,222.4,87,37,2.61375,United Kingdom,11,111.2,43.5,132,0.45454545454545453,0.0,0.0,1,1,1,-1.4608764811162398,0.6329170062932412,-1.8302023999633188,Hibernating / At-Risk,0
18102,60,259657.3,64124,150,4.503294663573086,United Kingdom,1,4327.621666666667,1068.7333333333333,366,4.918032786885246,2.0,0.03225806451612903,1,2,2,6.239485694926865,1.7007772441761173,2.338761879198502,Champions (High-Value),1
18104,1,754.64,362,38,3.758947368421053,United Kingdom,37,754.64,362.0,0,1.0,0.0,0.0,1,0,0,0.09545854836477045,-1.0450214778754385,0.7448342760421492,Loyal Regulars,0
18105,1,113.48000000000002,46,18,2.232222222222222,United Kingdom,38,113.48000000000002,46.0,0,1.0,0.0,0.0,1,1,1,-2.473425359695897,0.9341831067624691,-0.41026207454005087,Hibernating / At-Risk,0
18106,1,421.9,126,33,3.9108108108108106,United Kingdom,330,421.9,126.0,0,1.0,0.0,0.0,1,1,1,-1.4130137500787774,-0.9924646705909358,1.119245907095434,Hibernating / At-Risk,0
18108,1,271.0,84,17,4.711764705882352,United Kingdom,254,271.0,84.0,0,1.0,1.0,0.5,1,1,1,-1.9152642977661785,-0.4629562620099892,0.7594344327692065,Hibernating / At-Risk,0
18109,26,8004.92,4230,119,4.908344671201814,United Kingdom,2,307.88153846153847,162.69230769230768,368,2.119565217391304,5.0,0.16129032258064516,1,2,2,4.235523120097891,2.307616535623819,0.1570738067680764,Champions (High-Value),1
18110,1,198.8,72,33,2.859189189189189,United Kingdom,20,198.8,72.0,0,1.0,1.0,0.5,1,1,1,-1.6228720182740164,0.5331875933308539,-0.28363685006270367,Hibernating / At-Risk,0
18112,2,352.69,255,26,4.289230769230769,United Kingdom,12,176.345,127.5,154,0.3896103896103896,0.0,0.0,1,0,1,-0.6480555981038851,-0.02689899312270927,-1.6401404929001362,Loyal Regulars,0
18113,1,76.32000000000001,72,1,1.06,United Kingdom,369,76.32000000000001,72.0,0,1.0,0.0,0.0,1,1,1,-3.2419036772247836,0.649587846883095,0.14310450290267035,Hibernating / At-Risk,0
18114,1,220.1,55,28,5.533928571428571,United Kingdom,290,220.1,55.0,0,1.0,0.0,0.0,1,1,1,-2.306325118227954,-0.26391033449779705,0.6719522636264116,Hibernating / At-Risk,0
18116,8,1399.51,819,229,2.3925405405405407,United Kingdom,68,174.93875,102.375,296,0.8108108108108107,0.0,0.0,1,0,1,0.8201509537043568,0.44369873673127536,-0.4977809943126214,Loyal Regulars,0
18117,1,314.4,604,67,1.2369014084507042,United Kingdom,26,314.4,604.0,0,1.0,0.0,0.0,1,0,1,-0.42953649869194005,-0.16231256789896528,0.12666276123764156,Loyal Regulars,0
18118,26,5622.68,2853,423,2.541592709984152,United Kingdom,11,216.2569230769231,109.73076923076923,358,2.17877094972067,5.0,0.16129032258064516,1,2,2,3.4029521108532372,2.340275806549155,0.4713082474909655,Champions (High-Value),1
18119,1,180.7,124,29,2.863793103448276,United Kingdom,368,180.7,124.0,0,1.0,0.0,0.0,1,1,1,-2.233799037684369,-0.2141088884846703,0.6590350877998075,Hibernating / At-Risk,0
18120,1,111.15,31,17,4.0323529411764705,United Kingdom,214,111.15,31.0,0,1.0,0.0,0.0,1,1,1,-3.081214330303068,0.5181296764483634,0.15390952047558312,Hibernating / At-Risk,0
18121,2,653.3,438,28,1.8719354838709679,United Kingdom,149,326.65,219.0,5,2.0,0.0,0.0,1,1,1,-0.25178525903977694,0.4215940982934477,1.8477813311856972,Hibernating / At-Risk,0
18122,6,1791.84,1215,238,2.328901408450704,United Kingdom,8,298.64,202.5,142,1.267605633802817,0.0,0.0,1,2,2,1.7644111541516025,0.8745706800386861,-0.15342525188025666,Champions (High-Value),1
18123,2,574.4399999999999,582,31,1.433529411764706,United Kingdom,24,287.21999999999997,291.0,7,2.0,0.0,0.0,1,1,0,0.1993953337854419,1.01216535486303,1.164323300682217,Hibernating / At-Risk,0
18125,4,1131.75,800,164,2.21328125,United Kingdom,30,282.9375,200.0,286,0.4195804195804196,1.0,0.2,1,0,0,0.67885270724762,-0.577998892681883,-1.0802953211474666,Loyal Regulars,0
18126,1,198.58,129,51,2.0468627450980392,United Kingdom,61,198.58,129.0,0,1.0,0.0,0.0,1,1,1,-1.6740358949104936,0.18408774263888425,0.10265861370915345,Hibernating / At-Risk,0
18127,3,347.08,187,41,3.2106521739130436,United Kingdom,19,115.69333333333333,62.333333333333336,114,0.7894736842105263,0.0,0.0,1,1,1,-0.8169517251007131,0.9661664778735022,-1.0602733192284668,Hibernating / At-Risk,0
18129,1,112.55000000000001,48,13,2.9250000000000003,United Kingdom,243,112.55000000000001,48.0,0,1.0,0.0,0.0,1,1,1,-2.9343262296404014,0.43309575442514736,0.21581758534665102,Hibernating / At-Risk,0
18130,3,1059.39,824,58,2.3695714285714287,United Kingdom,15,353.13000000000005,274.6666666666667,41,2.1951219512195124,1.0,0.25,1,2,0,1.0373939713997022,1.1575484384274477,1.2670225804007278,Champions (High-Value),1
18133,1,931.4999999999999,1350,1,0.69,United Kingdom,212,931.4999999999999,1350.0,0,1.0,1.0,0.5,1,0,0,0.36714027216275885,-1.8389574113112286,1.4950178144099888,Loyal Regulars,0
18135,5,681.9100000000001,349,11,2.3075,United Kingdom,29,136.382,69.8,161,0.9316770186335405,0.0,0.0,1,0,1,0.002488488850078255,0.9734092634320622,-0.6709312883770876,Loyal Regulars,0
18136,3,784.33,379,34,2.728421052631579,United Kingdom,63,261.4433333333333,126.33333333333333,256,0.3515625,1.0,0.25,1,0,0,-0.16858126764355294,-0.8328224025418706,-0.9940081125613305,Loyal Regulars,0
18138,1,152.65,38,8,6.25625,United Kingdom,295,152.65,38.0,0,1.0,0.0,0.0,1,1,1,-2.792040115206479,0.11154571231013427,0.45417282765736827,Hibernating / At-Risk,0
18139,6,8438.34,5557,35,1.5092452830188678,United Kingdom,18,1406.39,926.1666666666666,0,6.0,2.0,0.25,1,2,0,3.8455919864938326,0.7713336656721684,3.2739414352501455,Champions (High-Value),1
18142,2,1019.52,1276,9,1.53,United Kingdom,157,509.76,638.0,58,1.0344827586206897,2.0,0.5,1,0,0,0.44872716218976927,-0.9996121188715037,1.0080345592577837,Loyal Regulars,0
18143,2,1000.16,570,59,2.728360655737705,United Kingdom,117,500.08,285.0,25,2.0,0.0,0.0,1,0,0,0.30902456248543364,0.05824122113003852,2.022261440514929,Loyal Regulars,0
18144,12,2888.75,1343,27,4.43046511627907,United Kingdom,8,240.72916666666666,111.91666666666667,365,0.9863013698630138,0.0,0.0,1,2,2,2.292293695727193,1.0154177818864007,-0.8069760311104957,Champions (High-Value),1
18145,4,2861.55,2625,174,1.801447963800905,United Kingdom,13,715.3875,656.25,299,0.4013377926421405,0.0,0.0,1,0,2,2.208479899969157,-1.3794404958081163,-0.8157725716190002,Loyal Regulars,0
18146,2,160.35000000000002,153,10,1.95,United Kingdom,141,80.17500000000001,76.5,79,0.759493670886076,0.0,0.0,1,1,1,-2.1167808110884843,0.6457816268080387,-0.5954004327867953,Hibernating / At-Risk,0
18147,2,179.33999999999997,203,7,1.2971428571428572,United Kingdom,46,89.66999999999999,101.5,62,0.9677419354838709,0.0,0.0,1,1,1,-1.5849206106934246,1.074775927798007,-0.5723745241227033,Hibernating / At-Risk,0
18149,3,612.0799999999999,310,11,2.7525,United Kingdom,51,204.02666666666664,103.33333333333333,222,0.4054054054054054,0.0,0.0,1,0,0,-0.4124189272412213,-0.432514996077061,-1.1005405789230713,Loyal Regulars,0
18150,3,566.58,332,29,2.3235135135135137,United Kingdom,32,188.86,110.66666666666667,169,0.5325443786982248,0.0,0.0,1,0,0,-0.3138953353205178,-0.042220573842107124,-1.0444495266032618,Loyal Regulars,0
18151,2,653.35,355,38,3.1986842105263156,United Kingdom,135,326.675,177.5,155,0.3870967741935484,0.0,0.0,1,0,0,-0.547916775404411,-1.293954188251375,-0.46915454176498167,Loyal Regulars,0
18154,2,399.19,255,15,2.8261904761904764,United Kingdom,3,199.595,127.5,40,1.5,0.0,0.0,1,1,0,-0.04946194582621124,1.5210008255503435,-0.23833811640728275,Hibernating / At-Risk,0
18155,3,371.62,266,19,2.4703999999999997,United Kingdom,75,123.87333333333333,88.66666666666667,216,0.41666666666666663,1.0,0.25,1,1,1,-1.0298855783438459,-0.031316442453777425,-1.2425092261658062,Hibernating / At-Risk,0
18156,2,675.64,283,100,2.9568032786885245,United Kingdom,13,337.82,141.5,356,0.16853932584269662,0.0,0.0,1,0,0,-0.06909433623699132,-1.0171355247963993,-1.6732828362350458,Loyal Regulars,0
18158,2,453.4,354,24,1.2944117647058824,United Kingdom,9,226.7,177.0,79,0.759493670886076,1.0,0.3333333333333333,1,0,1,-0.14605153225092063,0.31605038857077283,-0.8777078646908569,Loyal Regulars,0
18159,1,530.15,139,23,5.004347826086956,United Kingdom,301,530.15,139.0,0,1.0,0.0,0.0,1,1,1,-1.1389186251489762,-1.1936522715262998,1.224418947432008,Hibernating / At-Risk,0
18160,2,638.0600000000001,294,37,3.657179487179487,United Kingdom,57,319.03000000000003,147.0,143,0.4195804195804196,0.0,0.0,1,0,0,-0.4184393663278743,-0.96687012451552,-0.7123213182772223,Loyal Regulars,0
18161,5,1618.69,812,49,3.640125,United Kingdom,15,323.738,162.4,304,0.493421052631579,1.0,0.16666666666666666,1,0,2,1.218254830091475,-0.33874643720570474,-1.1182244023800574,Loyal Regulars,0
18164,1,399.65000000000003,184,24,4.207083333333333,United Kingdom,37,399.65000000000003,184.0,0,1.0,1.0,0.5,1,1,1,-0.7607650470782938,-0.37838587383287625,0.35383050964947343,Hibernating / At-Risk,0
18165,1,302.46000000000004,254,10,1.238,United Kingdom,177,302.46000000000004,254.0,0,1.0,0.0,0.0,1,1,1,-1.2887342686583831,-0.5672847519193338,0.7291143776967629,Hibernating / At-Risk,0
18167,3,1384.8600000000001,382,24,3.788648648648649,United Kingdom,23,461.62000000000006,127.33333333333333,82,1.0975609756097562,3.0,0.5,1,0,0,0.7502069116373818,-0.10133571473911587,0.30077838907356036,Loyal Regulars,0
18168,6,1160.04,592,97,3.226769230769231,United Kingdom,176,193.34,98.66666666666667,196,0.9183673469387755,3.0,0.3333333333333333,1,0,1,0.2629405565106382,0.15033651965931452,0.10222630897521223,Loyal Regulars,0
18169,1,202.65,61,9,3.688888888888889,United Kingdom,61,202.65,61.0,0,1.0,0.0,0.0,1,1,1,-1.946729329782334,0.23140730599675366,0.09516632737427502,Hibernating / At-Risk,0
18170,3,980.31,409,29,4.247368421052632,United Kingdom,33,326.77,136.33333333333334,183,0.49180327868852464,0.0,0.0,1,0,0,0.2611442565235628,-0.6523450339206915,-0.7869252023803746,Loyal Regulars,0
18171,5,1231.31,481,43,5.11037037037037,United Kingdom,59,246.262,96.2,274,0.5474452554744526,2.0,0.2857142857142857,1,0,0,0.4306751835314192,-0.3142894679616293,-0.7334221027589463,Loyal Regulars,0
18172,20,7561.68,3184,100,3.107037037037037,United Kingdom,15,378.084,159.2,275,2.181818181818182,5.0,0.2,1,2,2,3.6040193513734673,1.6192575708800732,0.9607096696578058,Champions (High-Value),1
18173,4,2106.84,1220,23,2.705806451612903,United Kingdom,87,526.71,305.0,187,0.6417112299465241,0.0,0.0,1,0,2,1.2002670984048895,-1.163508503740489,0.08316279501183883,Loyal Regulars,0
18174,1,104.0,50,1,2.08,United Kingdom,7,104.0,50.0,0,1.0,0.0,0.0,1,1,1,-2.11596481670946,1.4457964840981654,-1.003090039214083,Hibernating / At-Risk,0
18176,1,476.35,283,30,2.6816666666666666,United Kingdom,358,476.35,283.0,0,1.0,1.0,0.5,1,1,1,-1.0041864819765998,-1.2029070753235747,1.2394653134912823,Hibernating / At-Risk,0
18177,6,1340.8700000000001,709,53,1.851917808219178,United Kingdom,31,223.47833333333335,118.16666666666667,224,0.8035714285714286,1.0,0.14285714285714285,1,0,2,0.8873963444073117,0.3266816490324604,-0.5778801937753901,Loyal Regulars,0
18178,4,1590.81,983,80,2.448762886597938,United Kingdom,129,397.7025,245.75,235,0.5106382978723405,2.0,0.3333333333333333,1,0,0,0.728334516222992,-1.1737774841129414,-0.19914930810896203,Loyal Regulars,0
18179,6,1793.17,1360,86,2.761,United Kingdom,9,298.8616666666667,226.66666666666666,327,0.5504587155963303,0.0,0.0,1,0,2,1.6647747011480305,-0.03333640567679544,-1.2364587181643283,Loyal Regulars,0
18180,6,1843.75,1721,108,2.080840336134454,United Kingdom,5,307.2916666666667,286.8333333333333,137,1.3138686131386863,0.0,0.0,1,2,2,2.0380469580650566,0.973892398292632,-0.2071958783276715,Champions (High-Value),1
18181,1,366.85,133,40,3.7065853658536585,United Kingdom,24,366.85,133.0,0,1.0,0.0,0.0,1,1,1,-0.8600188185728159,-0.1524466536259257,0.15131495038906548,Hibernating / At-Risk,0
18183,2,632.07,371,36,3.5043243243243243,United Kingdom,227,316.035,185.5,47,1.2765957446808511,4.0,0.6666666666666666,1,1,1,-0.5403533007039131,-0.2774234829610794,1.1530907333406273,Hibernating / At-Risk,0
18184,1,49.8,60,1,0.83,United Kingdom,15,49.8,60.0,0,1.0,0.0,0.0,1,1,1,-2.878935950549656,1.9276053721355484,-1.1853362675845573,Hibernating / At-Risk,0
18185,1,304.25,183,17,3.626470588235294,United Kingdom,249,304.25,183.0,0,1.0,0.0,0.0,1,1,1,-1.498745978013572,-0.6371236660000896,0.8407062703356816,Hibernating / At-Risk,0
18188,3,2001.04,1168,63,2.4726760563380283,United Kingdom,15,667.0133333333333,389.3333333333333,275,0.32727272727272727,1.0,0.25,1,0,2,1.4940535852442915,-1.485910264848259,-0.9444448671050132,Loyal Regulars,0
18189,2,1090.24,566,65,3.2851470588235294,United Kingdom,78,545.12,283.0,190,0.31578947368421056,1.0,0.3333333333333333,1,0,0,0.23409907697274313,-1.7946316831037505,-0.498765600117508,Loyal Regulars,0
18190,2,284.46000000000004,140,14,3.929333333333333,United Kingdom,192,142.23000000000002,70.0,138,0.4347826086956522,1.0,0.3333333333333333,1,1,1,-1.7632866651261583,-0.43926768727304916,-0.7604451718509929,Hibernating / At-Risk,0
18191,1,207.79999999999998,140,7,4.021428571428571,United Kingdom,262,207.79999999999998,140.0,0,1.0,0.0,0.0,1,1,1,-1.970168807915981,-0.2644337069405457,0.6276812236350576,Hibernating / At-Risk,0
18192,1,957.97,339,45,4.007333333333333,United Kingdom,72,957.97,339.0,0,1.0,0.0,0.0,1,0,0,0.12435384220261161,-1.4465902562963768,1.107592450421769,Loyal Regulars,0
18193,1,243.76,124,16,3.5949999999999998,United Kingdom,165,243.76,124.0,0,1.0,2.0,0.6666666666666666,1,1,1,-1.7517321813812345,-0.2786008567062815,0.5599843501749202,Hibernating / At-Risk,0
18194,1,973.8399999999999,632,7,1.6514285714285712,United Kingdom,82,973.8399999999999,632.0,0,1.0,1.0,0.5,1,0,0,0.3514440569809498,-1.5535422628539,1.1776081357893684,Loyal Regulars,0
18196,2,686.63,431,131,2.22136690647482,United Kingdom,95,343.315,215.5,195,0.3076923076923077,0.0,0.0,1,0,0,-0.35460047290993024,-1.3973224720055533,-0.7286404938484878,Loyal Regulars,0
18198,17,5425.56,4074,81,2.3962893081761005,United Kingdom,4,319.15058823529415,239.64705882352942,332,1.536144578313253,4.0,0.19047619047619047,1,2,2,3.5939049231658307,1.4985572326407444,-0.1665229308881291,Champions (High-Value),1
18200,1,150.35,104,29,1.8596666666666666,United Kingdom,106,150.35,104.0,0,1.0,0.0,0.0,1,1,1,-2.1555098955197343,0.317175268837925,0.12171899201891961,Hibernating / At-Risk,0
18202,3,1396.99,581,55,4.052058823529412,United Kingdom,200,465.66333333333336,193.66666666666666,111,0.8108108108108107,0.0,0.0,1,0,0,0.33312596224174684,-1.068404081074339,0.6127346901580173,Loyal Regulars,0
18203,1,160.42000000000002,43,19,4.583157894736842,United Kingdom,157,160.42000000000002,43.0,0,1.0,0.0,0.0,1,1,1,-2.5377956095859426,0.22651555557858388,0.2707409600567843,Hibernating / At-Risk,0
18204,3,1975.35,1190,159,2.580260416666667,United Kingdom,71,658.4499999999999,396.6666666666667,121,0.7438016528925621,1.0,0.25,1,0,2,1.1885690217471343,-1.2664118529608954,0.37101685263292705,Loyal Regulars,0
18205,2,517.36,192,30,4.58,United Kingdom,36,258.68,96.0,38,1.5789473684210527,0.0,0.0,1,1,0,-0.4802675538574482,0.7579180550762453,0.7621167662089807,Hibernating / At-Risk,0
18209,1,139.10000000000002,58,8,3.24375,United Kingdom,29,139.10000000000002,58.0,0,1.0,0.0,0.0,1,1,1,-2.128622562562639,0.7931129010903023,-0.3755825588022551,Hibernating / At-Risk,0
18210,6,2621.38,1398,109,3.5970895522388058,United Kingdom,2,436.8966666666667,233.0,265,0.6792452830188679,0.0,0.0,1,2,2,2.3617485249543733,0.11629687143253745,-1.1907743303036358,Champions (High-Value),1
18211,5,600.07,359,37,2.451904761904762,United Kingdom,26,120.01400000000001,71.8,252,0.5952380952380952,0.0,0.0,1,0,1,-0.13715465362739895,0.6842049265089447,-1.3461515198722662,Loyal Regulars,0
18212,1,216.07,92,30,2.9155882352941176,United Kingdom,326,216.07,92.0,0,1.0,0.0,0.0,1,1,1,-2.1536323819878755,-0.324100782352023,0.7144604039142592,Hibernating / At-Risk,0
18213,1,232.48000000000002,232,15,1.5013333333333334,United Kingdom,237,232.48000000000002,232.0,0,1.0,0.0,0.0,1,1,1,-1.642798148397714,-0.38880477605250396,0.6722591413469575,Hibernating / At-Risk,0
18215,1,299.34000000000003,118,13,2.9930769230769227,United Kingdom,89,299.34000000000003,118.0,0,1.0,0.0,0.0,1,1,1,-1.4237105746337533,-0.30098406241556336,0.4688541896599355,Hibernating / At-Risk,0
18216,1,481.75,200,26,4.935384615384615,United Kingdom,31,481.75,200.0,0,1.0,0.0,0.0,1,0,1,-0.5104916844084999,-0.5165503908054376,0.406671641405959,Loyal Regulars,0
18217,2,621.75,491,27,2.0880645161290325,United Kingdom,29,310.875,245.5,41,1.4634146341463414,0.0,0.0,1,0,1,0.09838625680797457,0.45190135029724116,0.6870242605258291,Loyal Regulars,0
18218,2,641.92,536,17,1.855,United Kingdom,211,320.96,268.0,70,0.8571428571428571,2.0,0.5,1,0,0,-0.4258607984842037,-0.7700985858164011,0.545448552217931,Loyal Regulars,0
18219,10,2069.77,885,58,4.12921052631579,United Kingdom,3,206.977,88.5,366,0.819672131147541,1.0,0.09090909090909091,1,2,2,1.9736672237929573,1.152797419291106,-1.4060172824978119,Champions (High-Value),1
18220,1,305.28000000000003,288,2,1.06,United Kingdom,227,305.28000000000003,288.0,0,1.0,1.0,0.5,1,1,1,-1.2942614800992915,-0.6555777889580833,0.8228626517520324,Hibernating / At-Risk,0
18221,5,1041.61,791,59,2.6042187500000002,United Kingdom,22,208.32199999999997,158.2,189,0.7936507936507937,1.0,0.16666666666666666,1,0,2,0.7621445582363859,0.4014652289677862,-0.711832362086577,Loyal Regulars,0
18222,1,443.0,335,19,3.2557894736842106,United Kingdom,93,443.0,335.0,0,1.0,0.0,0.0,1,1,1,-0.6621652110567702,-0.7796999989856429,0.7409849786025677,Hibernating / At-Risk,0
18223,14,6484.54,2948,116,2.9675,United Kingdom,5,463.18142857142857,210.57142857142858,353,1.1898016997167138,13.0,0.48148148148148145,1,2,2,3.5101802588530195,0.7134932932213156,-0.28597476637042524,Champions (High-Value),1
18224,1,158.95000000000002,69,10,3.06,United Kingdom,264,158.95000000000002,69.0,0,1.0,0.0,0.0,1,1,1,-2.49599275330396,0.05102523205461988,0.45512609800040627,Hibernating / At-Risk,0
18225,12,5504.96,3242,150,2.558698884758364,United Kingdom,3,458.74666666666667,270.1666666666667,361,0.997229916897507,5.0,0.29411764705882354,1,2,2,3.4479627492193603,0.5579212660765182,-0.667869809905274,Champions (High-Value),1
18226,11,5228.05,3466,141,2.185206611570248,United Kingdom,44,475.27727272727276,315.09090909090907,293,1.1262798634812285,3.0,0.21428571428571427,1,2,2,2.813318957048267,-0.037849756980378166,0.3889340239526754,Champions (High-Value),1
18227,1,93.75,21,5,8.65,United Kingdom,218,93.75,21.0,0,1.0,0.0,0.0,1,1,1,-3.3904557127575683,0.7077855595508686,0.051224756320597316,Hibernating / At-Risk,0
18228,2,779.9,238,23,3.9876666666666667,United Kingdom,57,389.95,119.0,22,2.0,1.0,0.3333333333333333,1,1,0,-0.0831604147528387,0.5693201871551894,1.6094646642456836,Hibernating / At-Risk,0
18229,20,7276.900000000001,2488,66,4.626585365853659,United Kingdom,12,363.845,124.4,361,1.662049861495845,0.0,0.0,1,2,2,3.4692274198706987,1.3279786276155923,0.33374246218839465,Champions (High-Value),1
18230,7,2810.2000000000003,1316,32,2.191627906976744,United Kingdom,9,401.4571428571429,188.0,293,0.7167235494880545,3.0,0.3,1,2,2,2.1171731343797133,-0.026090674837365258,-0.7929979958994976,Champions (High-Value),1
18231,5,2071.77,819,106,3.749349593495935,United Kingdom,192,414.354,163.8,96,1.5625,1.0,0.16666666666666666,1,0,0,0.9803096901774823,-0.027849379401856878,1.476427704223698,Loyal Regulars,0
18232,4,592.97,302,31,3.724864864864865,United Kingdom,82,148.2425,75.5,115,1.0434782608695652,1.0,0.2,1,1,1,-0.44339732981355595,0.6844716524502166,-0.07036176636038728,Hibernating / At-Risk,0
18233,1,440.0,4,1,110.0,United Kingdom,326,440.0,4.0,0,1.0,0.0,0.0,1,1,1,-2.25857194823029,-0.8263190398011708,1.080737243349729,Hibernating / At-Risk,0
18235,3,1796.48,1578,100,2.1464423076923076,United Kingdom,72,598.8266666666667,526.0,145,0.6206896551724138,0.0,0.0,1,0,2,1.1850987324139235,-1.3722277108746799,0.11116463195319355,Loyal Regulars,0
18236,6,882.24,403,42,3.3632653061224493,United Kingdom,30,147.04,67.16666666666667,210,0.8571428571428571,0.0,0.0,1,0,1,0.29408557797643436,0.8507871148720559,-0.7621764061560983,Loyal Regulars,0
18237,5,987.1,622,40,2.957704918032787,United Kingdom,3,197.42000000000002,124.4,131,1.1450381679389314,0.0,0.0,1,2,2,1.1212196362736775,1.3645286140980417,-0.8221148463138143,Champions (High-Value),1
18239,5,1561.6100000000001,795,80,2.871931818181818,United Kingdom,219,312.322,159.0,153,0.9803921568627452,0.0,0.0,1,0,0,0.5925090400864145,-0.380311144586597,0.5937832947672705,Loyal Regulars,0
18240,1,422.58,126,6,3.9283333333333332,United Kingdom,46,422.58,126.0,0,1.0,0.0,0.0,1,1,1,-0.9114852155735526,-0.4562621899871112,0.4497474258485154,Hibernating / At-Risk,0
18241,17,2073.09,1051,60,3.2537499999999997,United Kingdom,10,121.9464705882353,61.8235294117647,208,2.4519230769230766,1.0,0.05555555555555555,1,2,2,2.0609057108653897,3.0216320517064768,0.41576992099563215,Champions (High-Value),1
18242,4,2232.4900000000002,1017,72,3.279871794871795,United Kingdom,72,558.1225000000001,254.25,141,0.851063829787234,0.0,0.0,1,0,2,1.2675883412570812,-0.8768632196394054,0.40265638611963134,Loyal Regulars,0
18245,7,2567.06,1788,153,2.5844,United Kingdom,7,366.72285714285715,255.42857142857142,347,0.6051873198847262,1.0,0.125,1,2,2,2.189987650690975,-0.05932618049260042,-1.113116689697794,Champions (High-Value),1
18246,2,596.1,166,3,4.71,United Kingdom,24,298.05,83.0,209,0.28708133971291866,0.0,0.0,1,0,1,-0.5203854131124362,-0.8428031685758698,-1.345502231899091,Loyal Regulars,0
18248,2,804.02,511,39,4.105744680851064,United Kingdom,123,402.01,255.5,63,0.9523809523809523,2.0,0.5,1,0,0,-0.08253090396949556,-0.7183678498089109,0.6398167604824103,Loyal Regulars,0
18249,1,95.34,128,8,1.60375,United Kingdom,17,95.34,128.0,0,1.0,0.0,0.0,1,1,1,-2.038512309972463,1.2211366143430842,-0.7509327090001273,Hibernating / At-Risk,0
18250,1,349.27,199,21,3.8057142857142856,United Kingdom,310,349.27,199.0,0,1.0,1.0,0.5,1,1,1,-1.3937342205160006,-0.8361703139098736,0.9988355230470869,Hibernating / At-Risk,0
18251,1,4314.72,7824,16,0.771875,United Kingdom,87,4314.72,7824.0,0,1.0,0.0,0.0,1,0,0,2.339026801683605,-2.5696392731331787,1.7306360490705723,Loyal Regulars,0
18252,2,518.27,234,90,3.1861702127659575,United Kingdom,51,259.135,117.0,121,0.49586776859504134,0.0,0.0,1,0,0,-0.6569096834970389,-0.5988638122059191,-0.7231649379420655,Loyal Regulars,0
18255,1,103.3,74,6,1.7166666666666668,United Kingdom,89,103.3,74.0,0,1.0,0.0,0.0,1,1,1,-2.5903805687150405,0.7507206756893928,-0.16561118428598556,Hibernating / At-Risk,0
18257,8,2337.63,1041,97,3.40364406779661,United Kingdom,39,292.20375,130.125,256,0.9375,4.0,0.3333333333333333,1,2,2,1.5515735999310971,0.23874088975088317,-0.17845131986738583,Champions (High-Value),1
18259,3,2338.6000000000004,714,27,3.2595238095238095,United Kingdom,25,779.5333333333334,238.0,341,0.26392961876832843,0.0,0.0,1,0,2,1.306023966120958,-1.8357884856646962,-0.8433345833559869,Loyal Regulars,0
18260,6,2628.35,1475,86,3.4961654135338347,United Kingdom,173,438.05833333333334,245.83333333333334,185,0.9729729729729729,2.0,0.25,1,0,0,1.3950564578876432,-0.6415836644510344,0.6828227085590909,Loyal Regulars,0
18261,2,324.24,146,19,3.0828571428571427,United Kingdom,43,162.12,73.0,52,1.1538461538461537,0.0,0.0,1,1,1,-1.1210978040949535,0.767608524254818,0.00894618867178077,Hibernating / At-Risk,0
18262,1,149.48,182,13,1.123076923076923,United Kingdom,140,149.48,182.0,0,1.0,0.0,0.0,1,1,1,-2.0128543660310503,0.19669551612705485,0.22763562803739548,Hibernating / At-Risk,0
18263,3,1213.1599999999999,1468,59,0.9595081967213115,United Kingdom,26,404.3866666666666,489.3333333333333,226,0.39823008849557523,1.0,0.25,1,0,0,1.0006599396301656,-1.0545732406630373,-0.8989101372685432,Loyal Regulars,0
18265,2,801.51,311,44,5.246521739130435,United Kingdom,72,400.755,155.5,85,0.7058823529411764,0.0,0.0,1,0,0,-0.1865007216942234,-0.8330426496898361,0.044502507279686306,Loyal Regulars,0
18268,1,25.5,2,1,12.75,United Kingdom,134,25.5,2.0,0,1.0,1.0,0.5,1,1,1,-4.087608145352053,1.5868969138749351,-0.5620038392664869,Hibernating / At-Risk,0
18269,1,168.6,76,7,3.164285714285714,United Kingdom,366,168.6,76.0,0,1.0,1.0,0.5,1,1,1,-2.487332234256551,-0.10320713400452877,0.6039379147699896,Hibernating / At-Risk,0
18270,2,283.15,101,11,3.6727272727272724,United Kingdom,38,141.575,50.5,228,0.2631578947368421,1.0,0.3333333333333333,1,1,1,-1.5248282511780036,-0.25611410474640595,-1.6970595458480495,Hibernating / At-Risk,0
18272,6,3078.58,2050,99,2.2946385542168675,United Kingdom,3,513.0966666666667,341.6666666666667,244,0.7377049180327869,1.0,0.14285714285714285,1,2,2,2.5987855579526222,-0.07248973744750223,-0.8864844457089729,Champions (High-Value),1
18273,3,204.0,80,1,2.55,United Kingdom,2,68.0,26.666666666666668,255,0.35294117647058826,0.0,0.0,1,1,1,-1.2400875100053101,1.4282955986052752,-2.8690507935689205,Hibernating / At-Risk,0
18274,1,175.92,88,11,3.671818181818182,United Kingdom,30,175.92,88.0,0,1.0,1.0,0.5,1,1,1,-1.7578760923864778,0.5242308208625561,-0.21625084627197413,Hibernating / At-Risk,0
18276,1,335.86,186,14,2.482142857142857,United Kingdom,44,335.86,186.0,0,1.0,2.0,0.6666666666666666,1,1,1,-0.9613409325873872,-0.2602928789370709,0.3101323560839349,Hibernating / At-Risk,0
18277,1,110.38,68,8,3.1412500000000003,United Kingdom,58,110.38,68.0,0,1.0,1.0,0.5,1,1,1,-2.4538741863756393,0.8118214063219136,-0.2741824502895748,Hibernating / At-Risk,0
18278,1,173.9,66,9,3.283333333333333,United Kingdom,74,173.9,66.0,0,1.0,0.0,0.0,1,1,1,-2.10668218223575,0.31734985613385064,0.07301875969844664,Hibernating / At-Risk,0
18280,1,180.60000000000002,45,10,4.765,United Kingdom,278,180.60000000000002,45.0,0,1.0,0.0,0.0,1,1,1,-2.5562587816496865,-0.046638281729382884,0.536526328662728,Hibernating / At-Risk,0
18281,1,80.82,54,7,5.622857142857143,United Kingdom,181,80.82,54.0,0,1.0,0.0,0.0,1,1,1,-3.1189396926240116,0.816480552008355,-0.07470524468612882,Hibernating / At-Risk,0
18282,2,178.05,103,12,5.199166666666667,United Kingdom,8,89.025,51.5,118,0.5084745762711864,1.0,0.3333333333333333,1,1,1,-1.515683031063106,0.9906896230910451,-1.9467725279852586,Hibernating / At-Risk,0
18283,16,2039.58,1355,262,1.6250069541029208,United Kingdom,4,127.47375,84.6875,333,1.4414414414414416,0.0,0.0,1,2,2,2.23080119735348,2.3600223884449463,-0.8322453421869488,Champions (High-Value),1
18287,3,1837.28,1586,59,1.4935714285714285,United Kingdom,43,612.4266666666666,528.6666666666666,158,0.569620253164557,0.0,0.0,1,0,2,1.3277562326063053,-1.3277354130477521,-0.14394241982481856,Loyal Regulars,0
